<?xml version="1.0" encoding="UTF-8" standalone="no"?>
<Entities>
    <Users>
        <User aspect.isEditableSystemObject="true" description="Administrator" documentationContent="" enabled="true" homeMashup="" lastModifiedDate="2017-09-22T13:52:25.092Z" locked="false" lockedTime="1970-01-01T00:00:00.000Z" mobileMashup="" name="Administrator" passwordHash="100000:9b953e8605613370f3aa599b1cb744103b8b9add3f22161da53cf1782cd44534aab0b135a45a705427f43b0d126f7dff1897bf105fab8df1f68f61b133ba5f23:98e7da45079822332e09fe9ad325b2dab2eacd8b422c80fbfaec3b1a711187e1b773911eb0f10f79c5b3682dfa24d1f4b9fcc8fb6af7b6dba110254faaa72044" passwordHashAlgorithm="PBKDF2WithHmacSHA512" passwordHashIterationCount="100000" passwordHashSaltSizeInBytes="64" passwordHashSizeInBytes="64" projectName="" scimExternalId="" scimId="" tags="">
            <Owner name="SuperUser" type="User"/>
            <avatar/>
            <DesignTimePermissions>
                <Create/>
                <Read/>
                <Update/>
                <Delete/>
                <Metadata/>
            </DesignTimePermissions>
            <RunTimePermissions/>
            <VisibilityPermissions>
                <Visibility/>
            </VisibilityPermissions>
            <ConfigurationTables>
                <ConfigurationTable description="Settings" isMultiRow="false" name="Settings" ordinal="2">
                    <DataShape>
                        <FieldDefinitions>
                            <FieldDefinition aspect.defaultValue="" aspect.isPrimaryKey="true" baseType="STRING" description="Primary language" name="language" ordinal="0"/>
                        </FieldDefinitions>
                    </DataShape>
                    <Rows>
                        <Row>
                            <language><![CDATA[en]]></language>
                        </Row>
                    </Rows>
                </ConfigurationTable>
                <ConfigurationTable description="UserExtensions" isMultiRow="true" name="UserExtensions" ordinal="1">
                    <DataShape>
                        <FieldDefinitions>
                            <FieldDefinition baseType="DATETIME" description="Last update time" name="lastUpdateTime" ordinal="3"/>
                            <FieldDefinition aspect.isPrimaryKey="true" baseType="STRING" description="Name" name="name" ordinal="1"/>
                            <FieldDefinition baseType="STRING" description="Value" name="value" ordinal="2"/>
                        </FieldDefinitions>
                    </DataShape>
                    <Rows>
                        <Row>
                            <name><![CDATA[altEmailAddresses]]></name>
                            <value/>
                            <lastUpdateTime>1970-01-01T00:00:00.000Z</lastUpdateTime>
                        </Row>
                        <Row>
                            <name><![CDATA[lastName]]></name>
                            <value/>
                            <lastUpdateTime>1970-01-01T00:00:00.000Z</lastUpdateTime>
                        </Row>
                        <Row>
                            <name><![CDATA[zipCode]]></name>
                            <value/>
                            <lastUpdateTime>1970-01-01T00:00:00.000Z</lastUpdateTime>
                        </Row>
                        <Row>
                            <name><![CDATA[smsAddress]]></name>
                            <value/>
                            <lastUpdateTime>1970-01-01T00:00:00.000Z</lastUpdateTime>
                        </Row>
                        <Row>
                            <name><![CDATA[city]]></name>
                            <value/>
                            <lastUpdateTime>1970-01-01T00:00:00.000Z</lastUpdateTime>
                        </Row>
                        <Row>
                            <name><![CDATA[homePhone]]></name>
                            <value/>
                            <lastUpdateTime>1970-01-01T00:00:00.000Z</lastUpdateTime>
                        </Row>
                        <Row>
                            <name><![CDATA[fullName]]></name>
                            <value/>
                            <lastUpdateTime>1970-01-01T00:00:00.000Z</lastUpdateTime>
                        </Row>
                        <Row>
                            <name><![CDATA[title]]></name>
                            <value/>
                            <lastUpdateTime>1970-01-01T00:00:00.000Z</lastUpdateTime>
                        </Row>
                        <Row>
                            <name><![CDATA[firstName]]></name>
                            <value/>
                            <lastUpdateTime>1970-01-01T00:00:00.000Z</lastUpdateTime>
                        </Row>
                        <Row>
                            <name><![CDATA[emailAddress]]></name>
                            <value/>
                            <lastUpdateTime>1970-01-01T00:00:00.000Z</lastUpdateTime>
                        </Row>
                        <Row>
                            <name><![CDATA[mobilePhone]]></name>
                            <value/>
                            <lastUpdateTime>1970-01-01T00:00:00.000Z</lastUpdateTime>
                        </Row>
                        <Row>
                            <name><![CDATA[mailingAddress]]></name>
                            <value/>
                            <lastUpdateTime>1970-01-01T00:00:00.000Z</lastUpdateTime>
                        </Row>
                        <Row>
                            <name><![CDATA[middleName]]></name>
                            <value/>
                            <lastUpdateTime>1970-01-01T00:00:00.000Z</lastUpdateTime>
                        </Row>
                        <Row>
                            <name><![CDATA[workPhone]]></name>
                            <value/>
                            <lastUpdateTime>1970-01-01T00:00:00.000Z</lastUpdateTime>
                        </Row>
                        <Row>
                            <name><![CDATA[state]]></name>
                            <value/>
                            <lastUpdateTime>1970-01-01T00:00:00.000Z</lastUpdateTime>
                        </Row>
                    </Rows>
                </ConfigurationTable>
            </ConfigurationTables>
            <PersistentValues>
                <PersistentValue name="IDE_CategoryUIState"><![CDATA[{"IDE_CategoryUIState":{"Visualization":{"collapsed":"false"},"Collaboration":{"collapsed":"true"},"Security":{"collapsed":"true"},"Modeling":{"collapsed":"false"},"Analytics":{"collapsed":"false"},"Data Storage":{"collapsed":"false"},"System":{"collapsed":"true"}}}]]></PersistentValue>
                <PersistentValue name="IDE_History_MRU_Entities"><![CDATA[{"IDE_History_MRU_Entities":[{"entityDescription":"","entityType":"Things","entityName":"VersionControl"},{"entityDescription":"File repository","entityType":"ThingTemplates","entityName":"FileRepository"},{"entityDescription":"default System file repository","entityType":"Things","entityName":"SystemRepository"},{"entityDescription":"","entityType":"Mashups","entityName":"Test"},{"entityDescription":"","entityType":"DataShapes","entityName":"TestCSV_DataShape"},{"entityDescription":"","entityType":"Mashups","entityName":"CSVData_Mashup"},{"entityDescription":"","entityType":"Things","entityName":"TestCSV"},{"entityDescription":"Generic thing","entityType":"ThingTemplates","entityName":"GenericThing"},{"entityDescription":"","entityType":"Things","entityName":"WeatherData_Thing"},{"entityDescription":"","entityType":"DataShapes","entityName":"AncillaryService_DataShape"},{"entityDescription":"","entityType":"DataShapes","entityName":"WeatherData_DataShape"},{"entityDescription":"","entityType":"Projects","entityName":"Exeter"},{"entityDescription":"","entityType":"Things","entityName":"TestMQTT"},{"entityDescription":"MQTT interface","entityType":"ThingTemplates","entityName":"MQTT"},{"entityDescription":"","entityType":"Things","entityName":"EnergyTrading_ValueStream"},{"entityDescription":"","entityType":"ApplicationKeys","entityName":"IndCon_AppKey"},{"entityDescription":"","entityType":"Things","entityName":"WeatherData_ValueStream"},{"entityDescription":"","entityType":"Things","entityName":"Modbus_Test"},{"entityDescription":"","entityType":"Things","entityName":"SiteData_ValueStream"},{"entityDescription":"","entityType":"Things","entityName":"BatteryStorage_ValueStream"},{"entityDescription":"","entityType":"Things","entityName":"PV_Generation_ValueStream"},{"entityDescription":"Template for a thing that represents an SDK functioning as a gateway","entityType":"ThingTemplates","entityName":"SDKGateway"},{"entityDescription":"A gateway used for Industrial Connectivity Servers","entityType":"ThingTemplates","entityName":"IndustrialGateway"},{"entityDescription":"","entityType":"Things","entityName":"GetJSON_SchedulerThing"},{"entityDescription":"Scheduled event structure","entityType":"DataShapes","entityName":"ScheduledEvent"},{"entityDescription":"Scheduled event generator","entityType":"ThingTemplates","entityName":"Scheduler"}]}]]></PersistentValue>
                <PersistentValue name="IDE_LicenseClicked"><![CDATA[{"IDE_LicenseClicked":true}]]></PersistentValue>
                <PersistentValue name="User_MashupFavorites"><![CDATA[{"rows":[{"items":[]}]}]]></PersistentValue>
                <PersistentValue name="User_IDE_Favorites"><![CDATA[{"rows":[]}]]></PersistentValue>
                <PersistentValue name="preferenceLoadTabs"><![CDATA[{"preferenceLoadTabs":"yes"}]]></PersistentValue>
                <PersistentValue name="recentlyAccessed"><![CDATA[{"array":[{"total":2,"viewedList":[],"projectName":"__unassigned__","workingList":[{"name":"IndCon_AppKey","modified":false,"type":"ApplicationKey"},{"name":"Modbus_Test","modified":false,"type":"Thing"}]}]}]]></PersistentValue>
                <PersistentValue name="viewNextGen"><![CDATA[{"viewNextGen":true}]]></PersistentValue>
            </PersistentValues>
            <ConfigurationChanges/>
        </User>
    </Users>
</Entities>
