<?xml version="1.0" encoding="UTF-8" standalone="no"?>
<Entities>
    <Groups>
        <Group aspect.isSystemObject="true" description="Security administrators role" documentationContent="" homeMashup="" lastModifiedDate="2017-09-22T13:52:26.919Z" name="SecurityAdministrators" projectName="" scimDisplayName="" scimExternalId="" scimId="" tags="">
            <Owner name="SuperUser" type="User"/>
            <avatar/>
            <DesignTimePermissions>
                <Create/>
                <Read/>
                <Update/>
                <Delete/>
                <Metadata/>
            </DesignTimePermissions>
            <RunTimePermissions/>
            <VisibilityPermissions>
                <Visibility/>
            </VisibilityPermissions>
            <ConfigurationTables/>
            <Members>
                <Members>
                    <Member name="Administrator" type="User"/>
                </Members>
            </Members>
        </Group>
    </Groups>
</Entities>
