<?xml version="1.0" encoding="UTF-8" standalone="no"?>
<Entities>
    <StyleDefinitions>
        <StyleDefinition aspect.isEditableSystemObject="true" aspect.isThemeObject="true" description="Default Style for Blog Widget Posts - Theme: ThingWorx" documentationContent="" homeMashup="" lastModifiedDate="2017-09-22T13:52:30.707Z" name="DefaultBlogPostStyle" projectName="" tags="">
            <Owner name="SuperUser" type="User"/>
            <avatar/>
            <DesignTimePermissions>
                <Create/>
                <Read/>
                <Update/>
                <Delete/>
                <Metadata/>
            </DesignTimePermissions>
            <RunTimePermissions/>
            <VisibilityPermissions>
                <Visibility/>
            </VisibilityPermissions>
            <ConfigurationTables/>
            <content><![CDATA[{"image":"","backgroundColor":"#ffffff","textSize":"normal","lineStyle":"solid","displayString":"","fontEmphasisUnderline":false,"fontEmphasisItalic":false,"lineThickness":0,"lineColor":"","foregroundColor":"#333333","fontEmphasisBold":false,"secondaryBackgroundColor":""}]]></content>
            <ConfigurationChanges>
                <ConfigurationChange changeAction="CREATE" changeReason="" timestamp="2017-09-22T13:52:30.707Z" user="SuperUser"/>
            </ConfigurationChanges>
        </StyleDefinition>
    </StyleDefinitions>
</Entities>
