<?xml version="1.0" encoding="UTF-8" standalone="no"?>
<Entities>
    <StyleDefinitions>
        <StyleDefinition aspect.isEditableSystemObject="true" aspect.isThemeObject="true" description="Lt. Green - Default chart series 12 style" documentationContent="" homeMashup="" lastModifiedDate="2017-09-22T13:52:31.030Z" name="DefaultChartStyle12" projectName="" tags="">
            <Owner name="SuperUser" type="User"/>
            <avatar/>
            <DesignTimePermissions>
                <Create/>
                <Read/>
                <Update/>
                <Delete/>
                <Metadata/>
            </DesignTimePermissions>
            <RunTimePermissions/>
            <VisibilityPermissions>
                <Visibility/>
            </VisibilityPermissions>
            <ConfigurationTables/>
            <content><![CDATA[{"image":"","backgroundColor":"#5fa466","textSize":"normal","lineStyle":"solid","displayString":"Series 12","fontEmphasisUnderline":false,"fontEmphasisItalic":false,"lineThickness":1,"lineColor":"#7cd685","foregroundColor":"#9affa1","fontEmphasisBold":false,"secondaryBackgroundColor":"#7cd685"}]]></content>
            <ConfigurationChanges>
                <ConfigurationChange changeAction="CREATE" changeReason="" timestamp="2017-09-22T13:52:31.030Z" user="SuperUser"/>
            </ConfigurationChanges>
        </StyleDefinition>
    </StyleDefinitions>
</Entities>
