<?xml version="1.0" encoding="UTF-8" standalone="no"?>
<Entities>
    <StyleDefinitions>
        <StyleDefinition aspect.isEditableSystemObject="true" description="" documentationContent="" homeMashup="" lastModifiedDate="2017-09-22T13:52:31.011Z" name="DefaultChartStyle19" projectName="" tags="">
            <Owner name="SuperUser" type="User"/>
            <avatar/>
            <DesignTimePermissions>
                <Create/>
                <Read/>
                <Update/>
                <Delete/>
                <Metadata/>
            </DesignTimePermissions>
            <RunTimePermissions/>
            <VisibilityPermissions>
                <Visibility/>
            </VisibilityPermissions>
            <ConfigurationTables/>
            <content><![CDATA[{"image":"","backgroundColor":"#cbbc46","textSize":"normal","lineStyle":"solid","fontEmphasisUnderline":false,"displayString":"Series 19","fontEmphasisItalic":false,"lineThickness":1,"lineColor":"#e1d04d","foregroundColor":"#ffec57","fontEmphasisBold":false,"secondaryBackgroundColor":"#e1d04d"}]]></content>
            <ConfigurationChanges>
                <ConfigurationChange changeAction="CREATE" changeReason="" timestamp="2017-09-22T13:52:31.011Z" user="SuperUser"/>
            </ConfigurationChanges>
        </StyleDefinition>
    </StyleDefinitions>
</Entities>
