<?xml version="1.0" encoding="UTF-8" standalone="no"?>
<Entities>
    <StyleDefinitions>
        <StyleDefinition aspect.isEditableSystemObject="true" aspect.isThemeObject="true" description="Lt. Gray - Default chart series 8 style" documentationContent="" homeMashup="" lastModifiedDate="2017-09-22T13:52:31.054Z" name="DefaultChartStyle8" projectName="" tags="">
            <Owner name="SuperUser" type="User"/>
            <avatar/>
            <DesignTimePermissions>
                <Create/>
                <Read/>
                <Update/>
                <Delete/>
                <Metadata/>
            </DesignTimePermissions>
            <RunTimePermissions/>
            <VisibilityPermissions>
                <Visibility/>
            </VisibilityPermissions>
            <ConfigurationTables/>
            <content><![CDATA[{"image":"","backgroundColor":"#d4d4d4","textSize":"normal","lineStyle":"solid","displayString":"Series 8","fontEmphasisUnderline":false,"fontEmphasisItalic":false,"lineThickness":1,"lineColor":"#ebebeb","foregroundColor":"#fafafa","fontEmphasisBold":false,"secondaryBackgroundColor":"#ebebeb"}]]></content>
            <ConfigurationChanges>
                <ConfigurationChange changeAction="CREATE" changeReason="" timestamp="2017-09-22T13:52:31.054Z" user="SuperUser"/>
            </ConfigurationChanges>
        </StyleDefinition>
    </StyleDefinitions>
</Entities>
