<?xml version="1.0" encoding="UTF-8" standalone="no"?>
<Entities>
    <StyleDefinitions>
        <StyleDefinition aspect.isEditableSystemObject="true" aspect.isThemeObject="true" description="Lt. Blue - Default chart series 5 style" documentationContent="" homeMashup="" lastModifiedDate="2017-09-22T13:52:31.080Z" name="DefaultChartStyle5" projectName="" tags="">
            <Owner name="SuperUser" type="User"/>
            <avatar/>
            <DesignTimePermissions>
                <Create/>
                <Read/>
                <Update/>
                <Delete/>
                <Metadata/>
            </DesignTimePermissions>
            <RunTimePermissions/>
            <VisibilityPermissions>
                <Visibility/>
            </VisibilityPermissions>
            <ConfigurationTables/>
            <content><![CDATA[{"image":"","backgroundColor":"#4288d0","textSize":"normal","lineStyle":"solid","displayString":"Series 5","fontEmphasisUnderline":false,"fontEmphasisItalic":false,"lineThickness":1,"lineColor":"#8dc3fa","foregroundColor":"#aad7fa","fontEmphasisBold":false,"secondaryBackgroundColor":"#8dc3fa"}]]></content>
            <ConfigurationChanges>
                <ConfigurationChange changeAction="CREATE" changeReason="" timestamp="2017-09-22T13:52:31.080Z" user="SuperUser"/>
            </ConfigurationChanges>
        </StyleDefinition>
    </StyleDefinitions>
</Entities>
