<?xml version="1.0" encoding="UTF-8" standalone="no"?>
<Entities>
    <StyleDefinitions>
        <StyleDefinition aspect.isEditableSystemObject="true" aspect.isThemeObject="true" description="" documentationContent="" homeMashup="" lastModifiedDate="2017-09-22T13:52:30.756Z" name="DefaultTabCollapseStyle" projectName="" tags="">
            <Owner name="SuperUser" type="User"/>
            <avatar/>
            <DesignTimePermissions>
                <Create/>
                <Read/>
                <Update/>
                <Delete/>
                <Metadata/>
            </DesignTimePermissions>
            <RunTimePermissions/>
            <VisibilityPermissions>
                <Visibility/>
            </VisibilityPermissions>
            <ConfigurationTables/>
            <content><![CDATA[{"image":"CollapseIcon","backgroundColor":"rgba(0,0,0,0.8)","textSize":"normal","lineStyle":"solid","fontEmphasisUnderline":false,"displayString":"","fontEmphasisItalic":false,"lineThickness":1,"lineColor":"","foregroundColor":"","fontEmphasisBold":false,"secondaryBackgroundColor":""}]]></content>
            <ConfigurationChanges>
                <ConfigurationChange changeAction="CREATE" changeReason="" timestamp="2017-09-22T13:52:30.756Z" user="SuperUser"/>
            </ConfigurationChanges>
        </StyleDefinition>
    </StyleDefinitions>
</Entities>
