<?xml version="1.0" encoding="UTF-8" standalone="no"?>
<Entities>
    <StyleDefinitions>
        <StyleDefinition aspect.isEditableSystemObject="true" aspect.isThemeObject="true" description="Default Gauge Legend Style" documentationContent="" homeMashup="" lastModifiedDate="2017-09-22T13:52:31.073Z" name="DefaultGaugeLegendStyle" projectName="" tags="">
            <Owner name="SuperUser" type="User"/>
            <avatar/>
            <DesignTimePermissions>
                <Create/>
                <Read/>
                <Update/>
                <Delete/>
                <Metadata/>
            </DesignTimePermissions>
            <RunTimePermissions/>
            <VisibilityPermissions>
                <Visibility/>
            </VisibilityPermissions>
            <ConfigurationTables/>
            <content><![CDATA[{"image":"","backgroundColor":"","textSize":"large","lineStyle":"solid","fontEmphasisUnderline":false,"displayString":"","fontEmphasisItalic":false,"lineThickness":1,"lineColor":"","foregroundColor":"#333333","fontEmphasisBold":true,"secondaryBackgroundColor":""}]]></content>
            <ConfigurationChanges>
                <ConfigurationChange changeAction="CREATE" changeReason="" timestamp="2017-09-22T13:52:31.073Z" user="SuperUser"/>
            </ConfigurationChanges>
        </StyleDefinition>
    </StyleDefinitions>
</Entities>
