<?xml version="1.0" encoding="UTF-8" standalone="no"?>
<Entities>
    <StyleDefinitions>
        <StyleDefinition aspect.isEditableSystemObject="true" aspect.isSystemObject="true" description="Offline status" documentationContent="" homeMashup="" lastModifiedDate="2017-09-22T13:52:30.557Z" name="StatusOffline" projectName="" tags="">
            <Owner name="SuperUser" type="User"/>
            <avatar/>
            <DesignTimePermissions>
                <Create/>
                <Read/>
                <Update/>
                <Delete/>
                <Metadata/>
            </DesignTimePermissions>
            <RunTimePermissions/>
            <VisibilityPermissions>
                <Visibility/>
            </VisibilityPermissions>
            <ConfigurationTables/>
            <content><![CDATA[{"image":"/Thingworx/MediaEntities/StatusOffline","backgroundColor":"","textSize":"normal","lineStyle":"solid","fontEmphasisUnderline":false,"displayString":"Offline","fontEmphasisItalic":false,"lineThickness":"1","lineColor":"","foregroundColor":"#7c7c7c","fontEmphasisBold":false,"secondaryBackgroundColor":""}]]></content>
            <ConfigurationChanges>
                <ConfigurationChange changeAction="CREATE" changeReason="" timestamp="2017-09-22T13:52:30.557Z" user="SuperUser"/>
            </ConfigurationChanges>
        </StyleDefinition>
    </StyleDefinitions>
</Entities>
