<?xml version="1.0" encoding="UTF-8" standalone="no"?>
<Entities>
    <Mashups>
        <Mashup aspect.isSystemObject="true" aspect.mashupType="thingshape" aspect.thingShape="clob5: 'Blog'" aspect.thingTemplate="clob6: 'Blog'" columns="0.0" description="" documentationContent="" homeMashup="" lastModifiedDate="2017-09-22T13:52:31.302Z" name="BlogMashup" projectName="" rows="0.0" tags="">
            <Owner name="SuperUser" type="User"/>
            <avatar/>
            <DesignTimePermissions>
                <Create/>
                <Read/>
                <Update/>
                <Delete/>
                <Metadata/>
            </DesignTimePermissions>
            <RunTimePermissions/>
            <VisibilityPermissions>
                <Visibility/>
            </VisibilityPermissions>
            <ConfigurationTables/>
            <ParameterDefinitions>
                <FieldDefinition aspect.ordinal="0" baseType="STRING" description="Entry to display" name="BlogEntryID" ordinal="0"/>
                <FieldDefinition aspect.ordinal="0" baseType="THINGNAME" description="The thing to display" name="Entity" ordinal="0"/>
            </ParameterDefinitions>
            <Things/>
            <ThingShapes/>
            <ThingTemplates/>
            <mashupContent><![CDATA[{
  "UI" : {
    "Widgets" : [ {
      "Widgets" : [ ],
      "Properties" : {
        "HeightOfFullView" : 600,
        "Left" : 0,
        "ShowExpandInSummary" : true,
        "SearchExpression" : "",
        "SortOrder" : "Newest",
        "Z-index" : 10,
        "Source" : "",
        "__TypeDisplayName" : "Blog",
        "WidthOfFullView" : 800,
        "Area" : "UI",
        "Type" : "blog",
        "WordsInPosts" : 100,
        "StartDateTime" : "",
        "Top" : 0,
        "EndDateTime" : "",
        "Height" : 450,
        "ShowSearchInSummary" : false,
        "Id" : "Blog-1",
        "ExpandAll" : false,
        "Blog" : "",
        "Width" : 700
      }
    } ],
    "Properties" : {
      "Left" : 0,
      "ThingShape" : "Blog",
      "Z-index" : 10,
      "id_index" : 6,
      "__TypeDisplayName" : "ThingShape Mashup",
      "Area" : "Mashup",
      "Type" : "thingshapemashup",
      "Top" : 0,
      "Height" : 450,
      "Id" : "mashup-root",
      "_currentParameterDefs" : [ {
        "Description" : "Entry to display",
        "BaseType" : "STRING",
        "ParameterName" : "BlogEntryID"
      } ],
      "Width" : 700,
      "Tags" : [ {
        "vocabulary" : "Applications",
        "vocabularyTerm" : "SquealProduction"
      } ]
    }
  },
  "Events" : [ ],
  "mashupType" : "thingshape",
  "DataBindings" : [ {
    "SourceArea" : "Mashup",
    "TargetArea" : "UI",
    "TargetSection" : "",
    "SourceId" : "mashup-root",
    "Id" : "491319061448852",
    "SourceSection" : "",
    "PropertyMaps" : [ {
      "TargetProperty" : "BlogEntryIdToShow",
      "SourcePropertyBaseType" : "STRING",
      "TargetPropertyBaseType" : "STRING",
      "SourceProperty" : "BlogEntryID"
    } ],
    "TargetId" : "Blog-1"
  }, {
    "SourceArea" : "Mashup",
    "TargetArea" : "UI",
    "TargetSection" : "",
    "SourceId" : "mashup-root",
    "Id" : "821326826443544",
    "SourceSection" : "",
    "PropertyMaps" : [ {
      "TargetProperty" : "Blog",
      "SourcePropertyBaseType" : "THINGNAME",
      "TargetPropertyBaseType" : "THINGNAME",
      "SourceProperty" : "Entity"
    } ],
    "TargetId" : "Blog-1"
  } ],
  "Data" : { }
}]]></mashupContent>
            <ConfigurationChanges>
                <ConfigurationChange changeAction="CREATE" changeReason="" timestamp="2017-09-22T13:52:31.302Z" user="SuperUser"/>
            </ConfigurationChanges>
        </Mashup>
    </Mashups>
</Entities>
