<?xml version="1.0" encoding="UTF-8" standalone="no"?>
<Entities>
    <Mashups>
        <Mashup aspect.isSystemObject="true" aspect.mashupType="thingshape" aspect.thingTemplate="clob0: 'DataTable'" columns="0.0" description="" documentationContent="" homeMashup="" lastModifiedDate="2017-09-22T13:52:31.170Z" name="ContentCrawlerMashup" projectName="" rows="0.0" tags="">
            <Owner name="SuperUser" type="User"/>
            <avatar/>
            <DesignTimePermissions>
                <Create/>
                <Read/>
                <Update/>
                <Delete/>
                <Metadata/>
            </DesignTimePermissions>
            <RunTimePermissions/>
            <VisibilityPermissions>
                <Visibility/>
            </VisibilityPermissions>
            <ConfigurationTables/>
            <ParameterDefinitions>
                <FieldDefinition aspect.ordinal="0" baseType="TAGS" description="if set, restricts the mashup to showing items with these tags" name="DataTags" ordinal="0"/>
                <FieldDefinition aspect.ordinal="0" baseType="THINGNAME" description="The thing to display" name="Entity" ordinal="0"/>
                <FieldDefinition aspect.ordinal="1" baseType="STRING" description="if set, restricts the mashup to showing items that match this search expression" name="SearchExpression" ordinal="0"/>
            </ParameterDefinitions>
            <Things/>
            <ThingShapes>
                <ThingShape>DataTable</ThingShape>
                <ThingShape>ContentCrawler</ThingShape>
            </ThingShapes>
            <ThingTemplates/>
            <mashupContent><![CDATA[{
  "UI" : {
    "Widgets" : [ {
      "Widgets" : [ ],
      "Properties" : {
        "RowSelectedStyle" : "DefaultRowSelectedStyle",
        "IsEditable" : false,
        "GridInvalidFieldStyle" : "DefaultGridInvalidFieldStyle",
        "Left" : 0,
        "ShowDataLoading" : true,
        "GridHeaderStyle" : "DefaultGridHeaderStyle",
        "RowAlternateBackgroundStyle" : "DefaultRowAlternateBackgroundStyle",
        "FocusStyle" : "DefaultFocusStyle",
        "RowFormat_StateParameters" : [ ],
        "TabSequence" : 0,
        "CellTextWrapping" : false,
        "GridBackgroundStyle" : "DefaultGridBackgroundStyle",
        "RowBackgroundStyle" : "DefaultRowBackgroundStyle",
        "GridEditableFieldStyle" : "DefaultGridEditableFieldStyle",
        "Visible" : true,
        "Height" : 280,
        "Width" : 700,
        "MultiSelect" : false,
        "CurrentScrollTop" : 0,
        "ResponsiveLayout" : false,
        "Z-index" : 10,
        "ShowAllColumns" : true,
        "AlignHeader" : false,
        "__TypeDisplayName" : "Grid",
        "RowHeight" : 30,
        "ScrollTop" : 0,
        "ColumnFormat" : {
          "formatInfo" : [ {
            "ValidationMessage" : "",
            "Align" : "left",
            "AllowEdit" : false,
            "Title" : "[[tagsValue]]",
            "ValidationExpression" : "",
            "FormatOptions" : {
              "renderer" : "TAGS",
              "formatText" : "View",
              "FormatString" : "plain"
            },
            "FieldName" : "tags",
            "Width" : "auto"
          }, {
            "ValidationMessage" : "",
            "Align" : "left",
            "AllowEdit" : false,
            "Title" : "[[timestamp]]",
            "ValidationExpression" : "",
            "FormatOptions" : {
              "renderer" : "DATETIME",
              "formatInfo" : {
                "StateFormats" : [ {
                  "stateName" : "fixed",
                  "state" : ""
                } ],
                "StateDefinition" : "",
                "StateDefinitionType" : "fixed",
                "FieldName" : ""
              },
              "formatText" : "View",
              "FormatString" : "yyyy-MM-dd HH:mm:ss"
            },
            "FieldName" : "timestamp",
            "Width" : "auto"
          }, {
            "ValidationMessage" : "",
            "Align" : "left",
            "AllowEdit" : false,
            "Title" : "[[sourceValue]]",
            "ValidationExpression" : "",
            "FormatOptions" : {
              "renderer" : "STRING",
              "formatInfo" : {
                "StateFormats" : [ {
                  "stateName" : "fixed",
                  "state" : ""
                } ],
                "StateDefinition" : "",
                "StateDefinitionType" : "fixed",
                "FieldName" : ""
              },
              "formatText" : "View",
              "FormatString" : "full"
            },
            "FieldName" : "source",
            "Width" : "auto"
          }, {
            "ValidationMessage" : "",
            "Align" : "left",
            "AllowEdit" : false,
            "Title" : "[[location]]",
            "ValidationExpression" : "",
            "FormatOptions" : {
              "renderer" : "LOCATION",
              "formatInfo" : {
                "StateFormats" : [ {
                  "stateName" : "fixed",
                  "state" : ""
                } ],
                "StateDefinition" : "",
                "StateDefinitionType" : "fixed",
                "FieldName" : ""
              },
              "formatText" : "View",
              "FormatString" : "0.0000"
            },
            "FieldName" : "location",
            "Width" : "auto"
          }, {
            "ValidationMessage" : "",
            "Align" : "left",
            "AllowEdit" : false,
            "Title" : "[[key]]",
            "ValidationExpression" : "",
            "FormatOptions" : {
              "renderer" : "STRING",
              "formatInfo" : {
                "StateFormats" : [ {
                  "stateName" : "fixed",
                  "state" : ""
                } ],
                "StateDefinition" : "",
                "StateDefinitionType" : "fixed",
                "FieldName" : ""
              },
              "formatText" : "View",
              "FormatString" : "full"
            },
            "FieldName" : "key",
            "Width" : "auto"
          } ]
        },
        "Area" : "UI",
        "Type" : "dhxgrid",
        "Top" : 75,
        "IsPrintLayout" : false,
        "Id" : "Grid-1",
        "RowHoverStyle" : "DefaultRowHoverStyle",
        "AutoSelectFirstRow" : false,
        "GridHeaderTextCase" : "none"
      }
    }, {
      "Widgets" : [ ],
      "Properties" : {
        "Left" : 0,
        "Horizontal" : false,
        "EntityName" : "",
        "BarStyle" : "DefaultDataFilterStyle",
        "ShowDataLoading" : true,
        "ResponsiveLayout" : false,
        "Z-index" : 10,
        "FocusStyle" : "DefaultButtonFocusStyle",
        "TabSequence" : 0,
        "__TypeDisplayName" : "Data Filter",
        "Area" : "UI",
        "Type" : "datafilter",
        "Top" : 45,
        "StreamOrDataTable" : "DataTable",
        "Visible" : true,
        "Height" : 25,
        "Id" : "DataFilter-2",
        "AddButtonStyle" : "DefaultDataFilterAddButtonStyle",
        "Width" : 700
      }
    }, {
      "Widgets" : [ ],
      "Properties" : {
        "RowSelectedStyle" : "DefaultRowSelectedStyle",
        "IsEditable" : false,
        "GridInvalidFieldStyle" : "DefaultGridInvalidFieldStyle",
        "Left" : 0,
        "ShowDataLoading" : true,
        "GridHeaderStyle" : "DefaultGridHeaderStyle",
        "RowAlternateBackgroundStyle" : "DefaultRowAlternateBackgroundStyle",
        "FocusStyle" : "DefaultFocusStyle",
        "RowFormat_StateParameters" : [ ],
        "TabSequence" : 0,
        "CellTextWrapping" : false,
        "GridBackgroundStyle" : "DefaultGridBackgroundStyle",
        "RowBackgroundStyle" : "DefaultRowBackgroundStyle",
        "GridEditableFieldStyle" : "DefaultGridEditableFieldStyle",
        "Visible" : true,
        "Height" : 65,
        "Width" : 700,
        "MultiSelect" : false,
        "CurrentScrollTop" : 0,
        "ResponsiveLayout" : false,
        "ShowAllColumns" : true,
        "Z-index" : 10,
        "AlignHeader" : false,
        "__TypeDisplayName" : "Grid",
        "RowHeight" : 30,
        "ScrollTop" : 0,
        "ColumnFormat" : {
          "formatInfo" : [ {
            "ValidationMessage" : "",
            "Align" : "left",
            "AllowEdit" : false,
            "Title" : "[[unknown]]",
            "ValidationExpression" : "",
            "FormatOptions" : {
              "renderer" : "STRING",
              "formatInfo" : {
                "StateFormats" : [ {
                  "stateName" : "fixed",
                  "state" : ""
                } ],
                "StateDefinition" : "",
                "StateDefinitionType" : "fixed",
                "FieldName" : ""
              },
              "formatText" : "View",
              "FormatString" : "full"
            },
            "FieldName" : "unknown",
            "Width" : "auto"
          } ]
        },
        "Area" : "UI",
        "Type" : "dhxgrid",
        "Top" : 358,
        "IsPrintLayout" : false,
        "Id" : "Grid-3",
        "RowHoverStyle" : "DefaultRowHoverStyle",
        "AutoSelectFirstRow" : false,
        "GridHeaderTextCase" : "none"
      }
    }, {
      "Widgets" : [ ],
      "Properties" : {
        "Left" : 12,
        "ShowDataLoading" : true,
        "ResponsiveLayout" : false,
        "Z-index" : 10,
        "Text" : "[[search]]",
        "__TypeDisplayName" : "Label",
        "ToolTipField" : "",
        "Area" : "UI",
        "Type" : "label",
        "Alignment" : "left",
        "Top" : 8,
        "Visible" : true,
        "Style" : "DefaultLabelStyle",
        "Height" : 22,
        "Id" : "Label-4",
        "Width" : 40
      }
    }, {
      "Widgets" : [ ],
      "Properties" : {
        "Left" : 62,
        "TextboxLabelStyle" : "DefaultWidgetLabelStyle",
        "ShowDataLoading" : true,
        "Label" : "",
        "PlaceholderText" : "",
        "TabSequence" : 0,
        "ToolTipField" : "",
        "TextAlign" : "left",
        "Visible" : true,
        "Style" : "DefaultTextBoxStyle",
        "Height" : 24,
        "Width" : 295,
        "ReadOnly" : false,
        "__supportsLabel" : true,
        "InnerShadow" : true,
        "ResponsiveLayout" : false,
        "Z-index" : 10,
        "LabelAlignment" : "left",
        "Text" : "",
        "__TypeDisplayName" : "Textbox",
        "Area" : "UI",
        "Type" : "textbox",
        "DefaultTextboxFocusStyle" : "DefaultFocusStyle",
        "Top" : 6,
        "MaskInputCharacters" : false,
        "Id" : "Textbox-5",
        "CursorPosition" : 0
      }
    }, {
      "Widgets" : [ ],
      "Properties" : {
        "MultiSelect" : true,
        "Left" : 363,
        "ShowDataLoading" : true,
        "ResponsiveLayout" : false,
        "Z-index" : 10,
        "__TypeDisplayName" : "Tag Picker",
        "TagType" : "DataTags",
        "Area" : "UI",
        "Type" : "tagpicker",
        "VocabularyRestriction" : "",
        "Top" : 10,
        "Visible" : true,
        "Height" : 18,
        "Id" : "TagPicker-9",
        "Width" : 35
      }
    }, {
      "Widgets" : [ ],
      "Properties" : {
        "Left" : 585,
        "CancelConfirmationButton" : "button2",
        "ShowDataLoading" : true,
        "Label" : "[[search]]",
        "FocusStyle" : "DefaultButtonFocusStyle",
        "TabSequence" : 0,
        "ToolTipField" : "",
        "IconAlignment" : "left",
        "Visible" : true,
        "Style" : "DefaultButtonStyle",
        "Height" : 22,
        "DisabledStyle" : "DefaultButtonDisabledStyle",
        "ConfirmationTitle" : "[[confirmAction]]",
        "Disabled" : false,
        "Width" : 75,
        "ResponsiveLayout" : false,
        "ConfirmationPrompt" : "[[doAction]]",
        "Z-index" : 10,
        "ConfirmationButton1Label" : "[[confirmationOptionYes]]",
        "RoundedCorners" : true,
        "__TypeDisplayName" : "Button",
        "HoverStyle" : "DefaultButtonHoverStyle",
        "Area" : "UI",
        "Type" : "button",
        "Top" : 8,
        "DefaultConfirmationButton" : "button1",
        "ContextId" : "",
        "ConfirmationRequired" : false,
        "Id" : "Button-10",
        "ConfirmationButton2Label" : "[[confirmationOptionNo]]",
        "ActiveStyle" : "DefaultButtonActiveStyle"
      }
    }, {
      "Widgets" : [ ],
      "Properties" : {
        "SourceURL" : "/Thingworx/MediaEntities/WhiteGlossGradientBar",
        "Left" : 0,
        "BorderStyle" : "DefaultImageBorderStyle",
        "ShowDataLoading" : true,
        "ResponsiveLayout" : false,
        "Z-index" : 9,
        "__TypeDisplayName" : "Image",
        "ToolTipField" : "",
        "Area" : "UI",
        "Type" : "image",
        "Top" : 0,
        "AlternateText" : "",
        "Visible" : true,
        "Scaling" : "width",
        "Height" : 38,
        "PreventCaching" : false,
        "Id" : "Image-11",
        "Width" : 700
      }
    }, {
      "Widgets" : [ ],
      "Properties" : {
        "SourceURL" : "/Thingworx/MediaEntities/HorizontalShadowDown",
        "Left" : 0,
        "BorderStyle" : "DefaultImageBorderStyle",
        "ShowDataLoading" : true,
        "ResponsiveLayout" : false,
        "Z-index" : 10,
        "__TypeDisplayName" : "Image",
        "ToolTipField" : "",
        "Area" : "UI",
        "Type" : "image",
        "Top" : 38,
        "AlternateText" : "",
        "Visible" : true,
        "Scaling" : "width",
        "Height" : 6,
        "PreventCaching" : false,
        "Id" : "Image-12",
        "Width" : 700
      }
    }, {
      "Widgets" : [ ],
      "Properties" : {
        "SourceURL" : "/Thingworx/MediaEntities/SearchButtonBackground",
        "Left" : 530,
        "BorderStyle" : "DefaultImageBorderStyle",
        "ShowDataLoading" : true,
        "ResponsiveLayout" : false,
        "Z-index" : 9,
        "__TypeDisplayName" : "Image",
        "ToolTipField" : "",
        "Area" : "UI",
        "Type" : "image",
        "Top" : 0,
        "AlternateText" : "",
        "Visible" : true,
        "Scaling" : "width",
        "Height" : 38,
        "PreventCaching" : false,
        "Id" : "Image-13",
        "Width" : 170
      }
    } ],
    "Properties" : {
      "MinHeight" : 0,
      "Left" : 0,
      "ThingShape" : "DataTable",
      "ResponsiveLayout" : false,
      "ShowDataLoading" : true,
      "Z-index" : 10,
      "id_index" : 13,
      "MinWidth" : 0,
      "__TypeDisplayName" : "ThingShape Mashup",
      "Area" : "Mashup",
      "Type" : "thingshapemashup",
      "Top" : 0,
      "Visible" : true,
      "Style" : "DefaultMashupStyle",
      "Height" : 425,
      "Id" : "mashup-root",
      "_currentParameterDefs" : [ {
        "Description" : "if set, restricts the mashup to showing items with these tags",
        "BaseType" : "TAGS",
        "ParameterName" : "DataTags"
      }, {
        "Description" : "if set, restricts the mashup to showing items that match this search expression",
        "BaseType" : "STRING",
        "ParameterName" : "SearchExpression"
      } ],
      "Width" : 700,
      "Tags" : [ ]
    }
  },
  "Events" : [ {
    "EventTriggerArea" : "Data",
    "EventHandlerService" : "GetExternalContentDetail",
    "EventTriggerSection" : "DynamicThingShapes_ContentCrawler",
    "EventHandlerId" : "DynamicThingShapes_ContentCrawler",
    "EventTriggerEvent" : "SelectedRowsChanged",
    "Id" : "431327445488200",
    "EventTriggerId" : "SearchDataTableEntries",
    "EventHandlerArea" : "Data"
  }, {
    "EventTriggerArea" : "UI",
    "EventHandlerService" : "SearchDataTableEntries",
    "EventTriggerSection" : "",
    "EventHandlerId" : "DynamicThingShapes_ContentCrawler",
    "EventTriggerEvent" : "Changed",
    "Id" : "631327445514113",
    "EventTriggerId" : "DataFilter-2",
    "EventHandlerArea" : "Data"
  }, {
    "EventTriggerArea" : "Mashup",
    "EventHandlerService" : "SearchDataTableEntries",
    "EventTriggerSection" : "",
    "EventHandlerId" : "DynamicThingShapes_ContentCrawler",
    "EventTriggerEvent" : "EntityChanged",
    "Id" : "801327445621748",
    "EventTriggerId" : "mashup-root",
    "EventHandlerArea" : "Data"
  }, {
    "EventTriggerArea" : "Mashup",
    "EventHandlerService" : "SearchDataTableEntries",
    "EventTriggerSection" : "",
    "EventHandlerId" : "DynamicThingShapes_ContentCrawler",
    "EventTriggerEvent" : "DataTagsChanged",
    "Id" : "301327445635038",
    "EventTriggerId" : "mashup-root",
    "EventHandlerArea" : "Data"
  }, {
    "EventTriggerArea" : "Mashup",
    "EventHandlerService" : "SearchDataTableEntries",
    "EventTriggerSection" : "",
    "EventHandlerId" : "DynamicThingShapes_ContentCrawler",
    "EventTriggerEvent" : "SearchExpressionChanged",
    "Id" : "891327445643493",
    "EventTriggerId" : "mashup-root",
    "EventHandlerArea" : "Data"
  }, {
    "EventTriggerArea" : "UI",
    "EventHandlerService" : "SearchDataTableEntries",
    "EventTriggerSection" : "",
    "EventHandlerId" : "DynamicThingShapes_ContentCrawler",
    "EventTriggerEvent" : "Clicked",
    "Id" : "861327448655679",
    "EventTriggerId" : "Button-10",
    "EventHandlerArea" : "Data"
  } ],
  "mashupType" : "thingshape",
  "DataBindings" : [ {
    "SourceArea" : "Mashup",
    "TargetArea" : "Data",
    "TargetSection" : "DynamicThingShapes_ContentCrawler",
    "SourceId" : "mashup-root",
    "Id" : "181327197021103",
    "SourceSection" : "",
    "PropertyMaps" : [ {
      "TargetProperty" : "value",
      "TargetPropertyType" : "Entity",
      "SourcePropertyBaseType" : "THINGNAME",
      "TargetPropertyBaseType" : "THINGNAME",
      "SourceProperty" : "Entity"
    } ],
    "TargetId" : "EntityName"
  }, {
    "SourceArea" : "Data",
    "TargetArea" : "UI",
    "TargetSection" : "",
    "SourceId" : "GetExternalContentDetail",
    "Id" : "891327324841969",
    "SourceSection" : "DynamicThingShapes_ContentCrawler",
    "SourceDetails" : "AllData",
    "PropertyMaps" : [ {
      "SourcePropertyType" : "InfoTable",
      "TargetProperty" : "Data",
      "TargetPropertyType" : "property",
      "SourcePropertyBaseType" : "INFOTABLE",
      "TargetPropertyBaseType" : "INFOTABLE",
      "SourceProperty" : ""
    } ],
    "TargetId" : "Grid-3"
  }, {
    "SourceArea" : "Data",
    "TargetArea" : "Data",
    "TargetSection" : "DynamicThingShapes_ContentCrawler",
    "SourceId" : "SearchDataTableEntries",
    "Id" : "281327445422949",
    "SourceSection" : "DynamicThingShapes_ContentCrawler",
    "SourceDetails" : "SelectedRows",
    "PropertyMaps" : [ {
      "TargetProperty" : "key",
      "TargetPropertyType" : "Parameter",
      "SourcePropertyBaseType" : "STRING",
      "TargetPropertyBaseType" : "STRING",
      "SourceProperty" : "key"
    } ],
    "TargetId" : "GetExternalContentDetail"
  }, {
    "SourceArea" : "Data",
    "TargetArea" : "UI",
    "TargetSection" : "",
    "SourceId" : "SearchDataTableEntries",
    "Id" : "431327445464909",
    "SourceSection" : "DynamicThingShapes_ContentCrawler",
    "SourceDetails" : "AllData",
    "PropertyMaps" : [ {
      "SourcePropertyType" : "InfoTable",
      "TargetProperty" : "Data",
      "TargetPropertyType" : "property",
      "SourcePropertyBaseType" : "INFOTABLE",
      "TargetPropertyBaseType" : "INFOTABLE",
      "SourceProperty" : ""
    } ],
    "TargetId" : "Grid-1"
  }, {
    "SourceArea" : "Data",
    "TargetArea" : "UI",
    "TargetSection" : "",
    "SourceId" : "SearchDataTableEntries",
    "Id" : "201327445469528",
    "SourceSection" : "DynamicThingShapes_ContentCrawler",
    "SourceDetails" : "AllData",
    "PropertyMaps" : [ {
      "SourcePropertyType" : "InfoTable",
      "TargetProperty" : "Data",
      "TargetPropertyType" : "property",
      "SourcePropertyBaseType" : "INFOTABLE",
      "TargetPropertyBaseType" : "INFOTABLE",
      "SourceProperty" : ""
    } ],
    "TargetId" : "DataFilter-2"
  }, {
    "SourceArea" : "UI",
    "TargetArea" : "Data",
    "TargetSection" : "DynamicThingShapes_ContentCrawler",
    "SourceId" : "DataFilter-2",
    "Id" : "381327445503636",
    "SourceSection" : "",
    "PropertyMaps" : [ {
      "TargetProperty" : "query",
      "TargetPropertyType" : "Parameter",
      "SourcePropertyBaseType" : "QUERY",
      "TargetPropertyBaseType" : "QUERY",
      "SourceProperty" : "Query"
    } ],
    "TargetId" : "SearchDataTableEntries"
  }, {
    "SourceArea" : "UI",
    "TargetArea" : "Data",
    "TargetSection" : "DynamicThingShapes_ContentCrawler",
    "SourceId" : "Textbox-5",
    "Id" : "521327448673387",
    "SourceSection" : "",
    "PropertyMaps" : [ {
      "TargetProperty" : "searchExpression",
      "TargetPropertyType" : "Parameter",
      "SourcePropertyBaseType" : "STRING",
      "TargetPropertyBaseType" : "STRING",
      "SourceProperty" : "Text"
    } ],
    "TargetId" : "SearchDataTableEntries"
  }, {
    "SourceArea" : "Mashup",
    "TargetArea" : "UI",
    "TargetSection" : "",
    "SourceId" : "mashup-root",
    "Id" : "501327448684792",
    "SourceSection" : "",
    "PropertyMaps" : [ {
      "SourcePropertyType" : "Property",
      "TargetProperty" : "Tags",
      "TargetPropertyType" : "property",
      "SourcePropertyBaseType" : "TAGS",
      "TargetPropertyBaseType" : "TAGS",
      "SourceProperty" : "DataTags"
    } ],
    "TargetId" : "TagPicker-9"
  }, {
    "SourceArea" : "Mashup",
    "TargetArea" : "UI",
    "TargetSection" : "",
    "SourceId" : "mashup-root",
    "Id" : "31327448693239",
    "SourceSection" : "",
    "PropertyMaps" : [ {
      "SourcePropertyType" : "Property",
      "TargetProperty" : "Text",
      "TargetPropertyType" : "property",
      "SourcePropertyBaseType" : "STRING",
      "TargetPropertyBaseType" : "STRING",
      "SourceProperty" : "SearchExpression"
    } ],
    "TargetId" : "Textbox-5"
  }, {
    "SourceArea" : "UI",
    "TargetArea" : "Data",
    "TargetSection" : "DynamicThingShapes_ContentCrawler",
    "SourceId" : "TagPicker-9",
    "Id" : "521327496813978",
    "SourceSection" : "",
    "PropertyMaps" : [ {
      "TargetProperty" : "dataTags",
      "TargetPropertyType" : "Parameter",
      "SourcePropertyBaseType" : "TAGS",
      "TargetPropertyBaseType" : "TAGS",
      "SourceProperty" : "Tags"
    } ],
    "TargetId" : "SearchDataTableEntries"
  } ],
  "Data" : {
    "DynamicThingShapes_ContentCrawler" : {
      "EntityType" : "DynamicThingShapes",
      "Services" : [ {
        "Target" : "GetExternalContentDetail",
        "Parameters" : { },
        "APIMethod" : "post",
        "Characteristic" : "Services",
        "RefreshInterval" : 0,
        "Id" : "421327324833510",
        "Name" : "GetExternalContentDetail"
      }, {
        "Target" : "SearchDataTableEntries",
        "Parameters" : { },
        "APIMethod" : "post",
        "Characteristic" : "Services",
        "RefreshInterval" : 0,
        "Id" : "181327445407871",
        "Name" : "SearchDataTableEntries"
      } ],
      "EntityName" : "ContentCrawler",
      "Id" : "931327196919360",
      "DataName" : "DynamicThingShapes_ContentCrawler"
    },
    "UserExtensions" : {
      "EntityType" : "UserExtensions",
      "Services" : [ {
        "Target" : "GetCurrentUserExtensionProperties",
        "Parameters" : { },
        "APIMethod" : "post",
        "Characteristic" : "Services",
        "RefreshInterval" : 0,
        "Id" : "UserExtensionInterface",
        "Name" : "GetCurrentUserExtensionProperties"
      } ],
      "EntityName" : "",
      "Id" : "UserExtensions",
      "DataName" : "UserExtensions"
    },
    "Session" : {
      "EntityType" : "Session",
      "Services" : [ {
        "Target" : "GetGlobalSessionValues",
        "Parameters" : { },
        "APIMethod" : "post",
        "Characteristic" : "Services",
        "RefreshInterval" : 0,
        "Id" : "SessionInterface",
        "Name" : "GetGlobalSessionValues"
      } ],
      "EntityName" : "",
      "Id" : "session",
      "DataName" : "Session"
    }
  }
}]]></mashupContent>
            <ConfigurationChanges>
                <ConfigurationChange changeAction="CREATE" changeReason="" timestamp="2017-09-22T13:52:31.170Z" user="SuperUser"/>
            </ConfigurationChanges>
        </Mashup>
    </Mashups>
</Entities>
