<?xml version="1.0" encoding="UTF-8" standalone="no"?>
<Entities>
    <Mashups>
        <Mashup aspect.isResponsive="true" aspect.mashupType="mashup" columns="0.0" description="" documentationContent="" homeMashup="" lastModifiedDate="2017-10-10T10:37:20.015Z" name="CSVData_Mashup" projectName="" rows="0.0" tags="">
            <Owner name="Administrator" type="User"/>
            <avatar/>
            <DesignTimePermissions>
                <Create/>
                <Read/>
                <Update/>
                <Delete/>
                <Metadata/>
            </DesignTimePermissions>
            <RunTimePermissions/>
            <VisibilityPermissions>
                <Visibility/>
            </VisibilityPermissions>
            <ConfigurationTables/>
            <ParameterDefinitions/>
            <Things>
                <Thing>TestCSV</Thing>
            </Things>
            <ThingShapes/>
            <ThingTemplates/>
            <mashupContent><![CDATA[{
  "RunTimePermissions" : { },
  "UI" : {
    "Widgets" : [ {
      "Widgets" : [ {
        "Widgets" : [ {
          "Widgets" : [ ],
          "Properties" : {
            "RowSelectedStyle" : "DefaultRowSelectedStyle",
            "IsEditable" : false,
            "GridInvalidFieldStyle" : "DefaultGridInvalidFieldStyle",
            "Left" : 50,
            "ShowDataLoading" : true,
            "GridHeaderStyle" : "DefaultGridHeaderStyle",
            "RowAlternateBackgroundStyle" : "DefaultRowAlternateBackgroundStyle",
            "FocusStyle" : "DefaultFocusStyle",
            "TabSequence" : 0,
            "CellTextWrapping" : false,
            "GridBackgroundStyle" : "DefaultGridBackgroundStyle",
            "RowBackgroundStyle" : "DefaultRowBackgroundStyle",
            "GridEditableFieldStyle" : "DefaultGridEditableFieldStyle",
            "Visible" : true,
            "DisplayName" : "dhxgrid-8",
            "Height" : 200,
            "Width" : 400,
            "MultiSelect" : false,
            "CurrentScrollTop" : 0,
            "ResponsiveLayout" : true,
            "ShowAllColumns" : false,
            "Z-index" : 10,
            "AlignHeader" : false,
            "__TypeDisplayName" : "Grid",
            "ScrollTop" : 0,
            "RowHeight" : 30,
            "ColumnFormat" : {
              "formatInfo" : [ {
                "ValidationMessage" : "",
                "Align" : "left",
                "AllowEdit" : false,
                "Title" : "date",
                "ValidationExpression" : "",
                "FormatOptions" : {
                  "renderer" : "DATETIME",
                  "FormatString" : "[[dateTimeFormat_Default]]"
                },
                "FieldName" : "date",
                "Width" : "auto"
              }, {
                "ValidationMessage" : "",
                "Align" : "right",
                "AllowEdit" : false,
                "Title" : "net_income",
                "ValidationExpression" : "",
                "FormatOptions" : {
                  "renderer" : "NUMBER",
                  "FormatString" : "0.00"
                },
                "FieldName" : "net_income",
                "Width" : "auto"
              }, {
                "ValidationMessage" : "",
                "Align" : "right",
                "AllowEdit" : false,
                "Title" : "gross_income",
                "ValidationExpression" : "",
                "FormatOptions" : {
                  "renderer" : "NUMBER",
                  "FormatString" : "0.00"
                },
                "FieldName" : "gross_income",
                "Width" : "auto"
              } ]
            },
            "Area" : "UI",
            "Type" : "dhxgrid",
            "Top" : 20,
            "IsPrintLayout" : false,
            "Id" : "dhxgrid-8",
            "RowHoverStyle" : "DefaultRowHoverStyle",
            "AutoSelectFirstRow" : false,
            "GridHeaderTextCase" : "capitalize"
          }
        } ],
        "Properties" : {
          "MinHeight" : 0,
          "TabWidth" : 36,
          "BGImageRepeat" : "no-repeat",
          "ShowDataLoading" : true,
          "ShowExpandCollapseTab" : false,
          "ExpandCollapseTabLocation" : "outside",
          "TabExpandStyle" : "DefaultTabExpandStyle",
          "Visible" : true,
          "DisplayName" : "Column 1",
          "Style" : "DefaultContainerStyle",
          "BGImageSize" : "auto",
          "Overlay" : false,
          "Expanded" : true,
          "TabCollapseStyle" : "DefaultTabCollapseStyle",
          "OverlayIsTransparent" : false,
          "ResponsiveLayout" : true,
          "Z-index" : 10,
          "TabOffset" : 0,
          "MinWidth" : 0,
          "__TypeDisplayName" : "Container",
          "TabLocation" : "center",
          "Area" : "UI",
          "Type" : "container",
          "AnimateExpandCollapse" : true,
          "TabHeight" : 36,
          "Id" : "container-3"
        }
      }, {
        "Widgets" : [ {
          "Widgets" : [ ],
          "Properties" : {
            "LabelFormat" : "",
            "Left" : 20,
            "ShowDataLoading" : true,
            "SingleDataSource" : true,
            "ChartTitleStyle" : "DefaultChartTitleStyle",
            "ChartStyle" : "DefaultChartStyle",
            "SelectedItemStyle" : "DefaultChartSelectionStyle",
            "ChartLegendStyle" : "DefaultChartLegendStyle",
            "LegendWidth" : 0,
            "LabelType" : "STRING",
            "ChartIndicatorStyle" : "DefaultChartIndicatorStyle",
            "Visible" : true,
            "DisplayName" : "piechart-9",
            "CombineSelectedItemStyle" : false,
            "Height" : 240,
            "ChartTitle" : "",
            "Width" : 640,
            "LabelField" : "date",
            "ValueField" : "gross_income",
            "EnableHover" : true,
            "ValueFormat" : "0000.0",
            "AllowSelection" : true,
            "ResponsiveLayout" : true,
            "Z-index" : 10,
            "__TypeDisplayName" : "Pie Chart",
            "Area" : "UI",
            "Type" : "piechart",
            "LegendLocation" : "right",
            "LegendOrientation" : "vertical",
            "Top" : 15,
            "ChartAreaStyle" : "DefaultChartAreaStyle",
            "Id" : "piechart-9",
            "ChartOrientation" : "vertical",
            "ShowLegend" : true
          }
        } ],
        "Properties" : {
          "MinHeight" : 0,
          "TabWidth" : 36,
          "BGImageRepeat" : "no-repeat",
          "ShowDataLoading" : true,
          "ShowExpandCollapseTab" : false,
          "ExpandCollapseTabLocation" : "outside",
          "TabExpandStyle" : "DefaultTabExpandStyle",
          "Visible" : true,
          "DisplayName" : "Column 2",
          "Style" : "DefaultContainerStyle",
          "BGImageSize" : "auto",
          "Overlay" : false,
          "Expanded" : true,
          "TabCollapseStyle" : "DefaultTabCollapseStyle",
          "OverlayIsTransparent" : false,
          "ResponsiveLayout" : true,
          "Z-index" : 10,
          "TabOffset" : 0,
          "MinWidth" : 0,
          "__TypeDisplayName" : "Container",
          "TabLocation" : "center",
          "Area" : "UI",
          "Type" : "container",
          "AnimateExpandCollapse" : true,
          "TabHeight" : 36,
          "Id" : "container-4"
        }
      } ],
      "Properties" : {
        "Left" : 315,
        "IncludeSpacingInFixedAreas" : false,
        "ShowDataLoading" : true,
        "HeaderHeight" : 0,
        "PctRow4" : 0,
        "PctRow3" : 0,
        "PctRow2" : 50,
        "FooterHeight" : 0,
        "PctRow1" : 50,
        "PctRow8" : 0,
        "PctRow7" : 0,
        "PctRow6" : 0,
        "PctRow5" : 0,
        "LeftSidebar" : false,
        "RightSidebar" : false,
        "PctColumn5" : 1,
        "Visible" : true,
        "DisplayName" : "layout-2",
        "PctColumn6" : 1,
        "PctColumn3" : 1,
        "PrintWidth" : 650,
        "PctColumn4" : 1,
        "PctColumn1" : 50,
        "PctColumn2" : 50,
        "PrintMarginTopBottom" : 0.5,
        "Rows" : 0,
        "RightSidebarWidth" : 0,
        "PrintMarginLeftRight" : 0.5,
        "PctColumn7" : 1,
        "PctColumn8" : 1,
        "ResponsiveLayout" : true,
        "Columns" : 2,
        "Z-index" : 10,
        "Spacing" : 2,
        "Orientation" : "horizontal",
        "__TypeDisplayName" : "Layout",
        "Area" : "UI",
        "Type" : "layout",
        "LeftSidebarWidth" : 0,
        "Header" : false,
        "Top" : 55,
        "IsPrintLayout" : false,
        "Footer" : false,
        "Id" : "layout-2"
      }
    } ],
    "Properties" : {
      "MinHeight" : 0,
      "Left" : 0,
      "BGImageRepeat" : "no-repeat",
      "ShowDataLoading" : true,
      "AddToDashboardButtonStyle" : "DefaultAddToDashboardButtonStyle",
      "id_index" : 9,
      "supportsAutoResize" : true,
      "Visible" : true,
      "DisplayName" : "Mashup",
      "Style" : "DefaultMashupStyle",
      "BGImageSize" : "auto",
      "Height" : 618,
      "Width" : 1024,
      "TitleBar" : false,
      "Rows" : 0,
      "ConfigureGadgetButtonStyle" : "DefaultConfigureGadgetButtonStyle",
      "TitleBarStyle" : "DefaultTitleBarStyle",
      "ResponsiveLayout" : true,
      "Title" : "",
      "Columns" : 0,
      "Z-index" : 10,
      "TitleBarText" : "Gadget Title Here",
      "MinWidth" : 0,
      "__TypeDisplayName" : "Mashup",
      "EnableParameterEditing" : false,
      "Area" : "Mashup",
      "Type" : "mashup",
      "Top" : 0,
      "IsPrintLayout" : false,
      "MashupToEditGadget" : "DefaultMashupToEditGadget",
      "Id" : "mashup-root",
      "IgnoreWarningsInViewMashup" : false
    }
  },
  "Events" : [ {
    "EventTriggerArea" : "Mashup",
    "EventHandlerService" : "GetDataCSV",
    "EventTriggerSection" : "",
    "EventHandlerId" : "Things_TestCSV",
    "EventTriggerEvent" : "Loaded",
    "Id" : "4b2288d3-f935-4119-ae6e-52327288e6f3",
    "EventTriggerId" : "mashup-root",
    "EventHandlerArea" : "Data"
  } ],
  "mashupType" : "mashup",
  "DataBindings" : [ {
    "SourceArea" : "Data",
    "TargetArea" : "UI",
    "TargetSection" : "",
    "SourceId" : "GetDataCSV",
    "Id" : "32ba3f93-fb95-4ebe-8ea2-0303843a9b2f",
    "SourceSection" : "Things_TestCSV",
    "SourceDetails" : "AllData",
    "PropertyMaps" : [ {
      "SourcePropertyType" : "InfoTable",
      "TargetProperty" : "Data",
      "TargetPropertyType" : "property",
      "SourcePropertyBaseType" : "INFOTABLE",
      "TargetPropertyBaseType" : "INFOTABLE",
      "SourceProperty" : ""
    } ],
    "TargetId" : "dhxgrid-8"
  }, {
    "SourceArea" : "Data",
    "TargetArea" : "UI",
    "TargetSection" : "",
    "SourceId" : "GetDataCSV",
    "Id" : "e25f2761-e065-40af-be1e-7e7b534731fa",
    "SourceSection" : "Things_TestCSV",
    "SourceDetails" : "AllData",
    "PropertyMaps" : [ {
      "SourcePropertyType" : "InfoTable",
      "TargetProperty" : "Data",
      "TargetPropertyType" : "property",
      "SourcePropertyBaseType" : "INFOTABLE",
      "TargetPropertyBaseType" : "INFOTABLE",
      "SourceProperty" : ""
    } ],
    "TargetId" : "piechart-9"
  } ],
  "Data" : {
    "Things_TestCSV" : {
      "EntityType" : "Things",
      "Services" : [ {
        "Target" : "GetDataCSV",
        "Parameters" : { },
        "APIMethod" : "post",
        "Characteristic" : "Services",
        "RefreshInterval" : 0,
        "Id" : "1d5c4f94-a43a-466d-8edb-8aeae0ca54c4",
        "Name" : "GetDataCSV"
      } ],
      "EntityName" : "TestCSV",
      "Id" : "4d0347d4-0277-40db-9e3c-e4ac4d15818f",
      "DataName" : "Things_TestCSV"
    },
    "UserExtensions" : {
      "EntityType" : "UserExtensions",
      "Services" : [ {
        "Target" : "GetCurrentUserExtensionProperties",
        "Parameters" : { },
        "APIMethod" : "post",
        "Characteristic" : "Services",
        "RefreshInterval" : 0,
        "Id" : "UserExtensionInterface",
        "Name" : "GetCurrentUserExtensionProperties"
      } ],
      "EntityName" : "",
      "Id" : "UserExtensions",
      "DataName" : "UserExtensions"
    },
    "Session" : {
      "EntityType" : "Session",
      "Services" : [ {
        "Target" : "GetGlobalSessionValues",
        "Parameters" : { },
        "APIMethod" : "post",
        "Characteristic" : "Services",
        "RefreshInterval" : 0,
        "Id" : "SessionInterface",
        "Name" : "GetGlobalSessionValues"
      } ],
      "EntityName" : "",
      "Id" : "session",
      "DataName" : "Session"
    }
  },
  "DesignTimePermissions" : { }
}]]></mashupContent>
            <ConfigurationChanges>
                <ConfigurationChange changeAction="CREATE" changeReason="header : name : updated&#10;documentation : updated&#10;" timestamp="2017-10-10T10:08:48.091Z" user="Administrator"/>
                <ConfigurationChange changeAction="MODIFY" changeReason="" timestamp="2017-10-10T10:11:01.767Z" user="Administrator"/>
                <ConfigurationChange changeAction="MODIFY" changeReason="" timestamp="2017-10-10T10:28:10.678Z" user="Administrator"/>
                <ConfigurationChange changeAction="MODIFY" changeReason="" timestamp="2017-10-10T10:28:11.468Z" user="Administrator"/>
                <ConfigurationChange changeAction="MODIFY" changeReason="" timestamp="2017-10-10T10:30:40.637Z" user="Administrator"/>
                <ConfigurationChange changeAction="MODIFY" changeReason="" timestamp="2017-10-10T10:30:43.183Z" user="Administrator"/>
                <ConfigurationChange changeAction="MODIFY" changeReason="" timestamp="2017-10-10T10:35:02.093Z" user="Administrator"/>
                <ConfigurationChange changeAction="MODIFY" changeReason="" timestamp="2017-10-10T10:35:04.715Z" user="Administrator"/>
                <ConfigurationChange changeAction="MODIFY" changeReason="" timestamp="2017-10-10T10:36:36.181Z" user="Administrator"/>
                <ConfigurationChange changeAction="MODIFY" changeReason="" timestamp="2017-10-10T10:36:38.656Z" user="Administrator"/>
                <ConfigurationChange changeAction="MODIFY" changeReason="" timestamp="2017-10-10T10:37:20.015Z" user="Administrator"/>
            </ConfigurationChanges>
        </Mashup>
    </Mashups>
</Entities>
