<?xml version="1.0" encoding="UTF-8" standalone="no"?>
<Entities>
    <Mashups>
        <Mashup aspect.isResponsive="true" aspect.isSystemObject="true" aspect.mashupType="mashup" columns="0.0" description="" documentationContent="" homeMashup="" lastModifiedDate="2017-09-22T13:52:31.499Z" name="DataTableEditor" projectName="" rows="0.0" tags="">
            <Owner name="SuperUser" type="User"/>
            <avatar/>
            <DesignTimePermissions>
                <Create/>
                <Read/>
                <Update/>
                <Delete/>
                <Metadata/>
            </DesignTimePermissions>
            <RunTimePermissions/>
            <VisibilityPermissions>
                <Visibility/>
            </VisibilityPermissions>
            <ConfigurationTables/>
            <ParameterDefinitions>
                <FieldDefinition aspect.ordinal="0" baseType="THINGNAME" description="" name="Entity" ordinal="0"/>
            </ParameterDefinitions>
            <Things/>
            <ThingShapes/>
            <ThingTemplates>
                <ThingTemplate>DataTable</ThingTemplate>
            </ThingTemplates>
            <mashupContent><![CDATA[{
  "RunTimePermissions" : { },
  "UI" : {
    "Widgets" : [ {
      "Widgets" : [ {
        "Widgets" : [ {
          "Widgets" : [ {
            "Widgets" : [ ],
            "Properties" : {
              "SourceURL" : "ThingWorxSystemTargetLogo",
              "Left" : 10,
              "BorderStyle" : "DefaultImageBorderStyle",
              "ResponsiveLayout" : false,
              "ShowDataLoading" : true,
              "Z-index" : 10,
              "__TypeDisplayName" : "Image",
              "ToolTipField" : "",
              "Type" : "image",
              "Area" : "UI",
              "Top" : 2,
              "AlternateText" : "",
              "Visible" : true,
              "DisplayName" : "Image-24",
              "Scaling" : "width",
              "Height" : 36,
              "PreventCaching" : false,
              "Id" : "Image-24",
              "Width" : 172
            }
          } ],
          "Properties" : {
            "Left" : 90,
            "HideScrollbars" : false,
            "ResponsiveLayout" : true,
            "ShowDataLoading" : true,
            "Z-index" : 10,
            "VerticalAnchor" : "top",
            "__TypeDisplayName" : "Panel",
            "HorizontalAnchor" : "left",
            "Type" : "panel",
            "Area" : "UI",
            "Top" : 5,
            "Visible" : true,
            "DisplayName" : "Panel-23",
            "Style" : {
              "image" : "",
              "backgroundColor" : "#222222",
              "textSize" : "normal",
              "lineStyle" : "solid",
              "displayString" : "",
              "fontEmphasisUnderline" : false,
              "fontEmphasisItalic" : false,
              "lineThickness" : 1,
              "lineColor" : "",
              "foregroundColor" : "",
              "fontEmphasisBold" : false,
              "secondaryBackgroundColor" : "#111111"
            },
            "Height" : 200,
            "Id" : "Panel-23",
            "Width" : 300
          }
        } ],
        "Properties" : {
          "MinHeight" : 0,
          "TabWidth" : 36,
          "BGImageRepeat" : "no-repeat",
          "ShowDataLoading" : true,
          "ShowExpandCollapseTab" : false,
          "ExpandCollapseTabLocation" : "outside",
          "Visible" : true,
          "TabExpandStyle" : "DefaultTabExpandStyle",
          "DisplayName" : "Header",
          "Style" : "DefaultContainerStyle",
          "BGImageSize" : "auto",
          "Overlay" : false,
          "Expanded" : true,
          "TabCollapseStyle" : "DefaultTabCollapseStyle",
          "OverlayIsTransparent" : false,
          "ResponsiveLayout" : true,
          "Z-index" : 10,
          "MinWidth" : 0,
          "TabOffset" : 0,
          "__TypeDisplayName" : "Container",
          "TabLocation" : "center",
          "Type" : "container",
          "Area" : "UI",
          "AnimateExpandCollapse" : true,
          "TabHeight" : 36,
          "Id" : "container-21"
        }
      }, {
        "Widgets" : [ {
          "Widgets" : [ {
            "Widgets" : [ {
              "Widgets" : [ {
                "Widgets" : [ {
                  "Widgets" : [ {
                    "Widgets" : [ ],
                    "Properties" : {
                      "TextIfNoValue" : "[[dataTableEntries]]",
                      "Left" : 6,
                      "ShowDataLoading" : true,
                      "Label" : "",
                      "ValueDisplayLabelStyle" : "DefaultWidgetLabelStyle",
                      "TextIfNoValueOffset" : 0,
                      "Overflow" : "hidden",
                      "ToolTipField" : "",
                      "Alignment" : "left",
                      "TextIfNoValueStyle" : {
                        "image" : "",
                        "backgroundColor" : "",
                        "textSize" : "2xl",
                        "lineStyle" : "solid",
                        "fontEmphasisUnderline" : false,
                        "displayString" : "",
                        "fontEmphasisItalic" : false,
                        "lineThickness" : 1,
                        "lineColor" : "",
                        "foregroundColor" : "#333333",
                        "fontEmphasisBold" : false,
                        "secondaryBackgroundColor" : ""
                      },
                      "ImageScaling" : "width",
                      "Visible" : true,
                      "DisplayName" : "ValueDisplay-32",
                      "Height" : 22,
                      "VerticalAlignment" : "middle",
                      "Width" : 210,
                      "ValueDisplayStyle" : "DefaultValueDisplayStyle",
                      "__supportsLabel" : true,
                      "ResponsiveLayout" : false,
                      "BackgroundFill" : "content",
                      "Z-index" : 10,
                      "LabelAlignment" : "left",
                      "__TypeDisplayName" : "Value Display",
                      "Type" : "valuedisplay",
                      "Area" : "UI",
                      "Top" : 5,
                      "Id" : "ValueDisplay-32",
                      "TextWrap" : true
                    }
                  } ],
                  "Properties" : {
                    "Left" : 365,
                    "HideScrollbars" : false,
                    "ResponsiveLayout" : true,
                    "ShowDataLoading" : true,
                    "Z-index" : 10,
                    "VerticalAnchor" : "top",
                    "__TypeDisplayName" : "Panel",
                    "HorizontalAnchor" : "left",
                    "Type" : "panel",
                    "Area" : "UI",
                    "Top" : 15,
                    "Visible" : true,
                    "DisplayName" : "Panel-28",
                    "Style" : {
                      "image" : "",
                      "backgroundColor" : "",
                      "textSize" : "normal",
                      "lineStyle" : "solid",
                      "displayString" : "",
                      "fontEmphasisUnderline" : false,
                      "fontEmphasisItalic" : false,
                      "lineThickness" : 1,
                      "lineColor" : "",
                      "foregroundColor" : "",
                      "fontEmphasisBold" : false,
                      "secondaryBackgroundColor" : ""
                    },
                    "Height" : 200,
                    "Id" : "Panel-28",
                    "Width" : 300
                  }
                } ],
                "Properties" : {
                  "MinHeight" : 0,
                  "TabWidth" : 36,
                  "BGImageRepeat" : "no-repeat",
                  "ShowDataLoading" : true,
                  "ShowExpandCollapseTab" : false,
                  "ExpandCollapseTabLocation" : "outside",
                  "Visible" : true,
                  "TabExpandStyle" : "DefaultTabExpandStyle",
                  "DisplayName" : "Header",
                  "Style" : "DefaultContainerStyle",
                  "BGImageSize" : "auto",
                  "Overlay" : false,
                  "Expanded" : true,
                  "TabCollapseStyle" : "DefaultTabCollapseStyle",
                  "OverlayIsTransparent" : false,
                  "ResponsiveLayout" : true,
                  "Z-index" : 10,
                  "MinWidth" : 0,
                  "TabOffset" : 0,
                  "__TypeDisplayName" : "Container",
                  "TabLocation" : "center",
                  "Type" : "container",
                  "Area" : "UI",
                  "AnimateExpandCollapse" : true,
                  "TabHeight" : 36,
                  "Id" : "container-13"
                }
              }, {
                "Widgets" : [ {
                  "Widgets" : [ {
                    "Widgets" : [ {
                      "Widgets" : [ {
                        "Widgets" : [ ],
                        "Properties" : {
                          "Left" : 371,
                          "CancelConfirmationButton" : "button2",
                          "ShowDataLoading" : true,
                          "Label" : "[[refresh]]",
                          "FocusStyle" : "DefaultButtonFocusStyle",
                          "TabSequence" : 0,
                          "ToolTipField" : "",
                          "IconAlignment" : "left",
                          "Visible" : true,
                          "DisplayName" : "Button-11",
                          "Style" : "DefaultButtonStyle",
                          "Height" : 26,
                          "DisabledStyle" : "DefaultButtonDisabledStyle",
                          "ConfirmationTitle" : "[[confirmAction]]",
                          "Disabled" : false,
                          "Width" : 70,
                          "ResponsiveLayout" : false,
                          "ConfirmationPrompt" : "[[doAction]]",
                          "Z-index" : 10,
                          "ConfirmationButton1Label" : "[[confirmationOptionYes]]",
                          "RoundedCorners" : true,
                          "__TypeDisplayName" : "Button",
                          "HoverStyle" : "DefaultButtonHoverStyle",
                          "Type" : "button",
                          "Area" : "UI",
                          "Top" : 10,
                          "DefaultConfirmationButton" : "button1",
                          "ContextId" : "",
                          "ConfirmationRequired" : false,
                          "Id" : "Button-11",
                          "ConfirmationButton2Label" : "[[confirmationOptionNo]]",
                          "ActiveStyle" : "DefaultButtonActiveStyle"
                        }
                      }, {
                        "Widgets" : [ ],
                        "Properties" : {
                          "Left" : 62,
                          "Horizontal" : false,
                          "BarStyle" : "DefaultDataFilterStyle",
                          "ResponsiveLayout" : false,
                          "ShowDataLoading" : true,
                          "Z-index" : 9000,
                          "FocusStyle" : "DefaultButtonFocusStyle",
                          "TabSequence" : 0,
                          "__TypeDisplayName" : "Data Filter",
                          "ColumnFormat" : "{\"timestamp\":{\"baseType\":\"DATETIME\",\"description\":\"Time of last modification\",\"name\":\"timestamp\",\"aspects\":{},\"ordinal\":0},\"tags\":{\"baseType\":\"TAGS\",\"description\":\"Tags\",\"name\":\"tags\",\"aspects\":{\"tagType\":\"DataTags\"},\"ordinal\":0},\"sourceType\":{\"baseType\":\"STRING\",\"description\":\"Source type\",\"name\":\"sourceType\",\"aspects\":{},\"ordinal\":0},\"source\":{\"baseType\":\"STRING\",\"description\":\"Source of last modification\",\"name\":\"source\",\"aspects\":{},\"ordinal\":0},\"location\":{\"baseType\":\"LOCATION\",\"description\":\"Location of last modification\",\"name\":\"location\",\"aspects\":{},\"ordinal\":0},\"key\":{\"baseType\":\"STRING\",\"description\":\"Internal key value\",\"name\":\"key\",\"aspects\":{\"isPrimaryKey\":true},\"ordinal\":0}}",
                          "Type" : "datafilter",
                          "Area" : "UI",
                          "Top" : 10,
                          "Visible" : true,
                          "DisplayName" : "DataFilter-8",
                          "Height" : 26,
                          "AddButtonStyle" : "DefaultDataFilterAddButtonStyle",
                          "Id" : "DataFilter-8",
                          "Width" : 285
                        }
                      }, {
                        "Widgets" : [ ],
                        "Properties" : {
                          "TextIfNoValue" : "[[filter]]",
                          "Left" : 8,
                          "ShowDataLoading" : true,
                          "Label" : "",
                          "ValueDisplayLabelStyle" : "DefaultWidgetLabelStyle",
                          "TextIfNoValueOffset" : 0,
                          "Overflow" : "hidden",
                          "ToolTipField" : "",
                          "Alignment" : "left",
                          "TextIfNoValueStyle" : {
                            "image" : "",
                            "backgroundColor" : "",
                            "textSize" : "2xl",
                            "lineStyle" : "solid",
                            "fontEmphasisUnderline" : false,
                            "displayString" : "",
                            "fontEmphasisItalic" : false,
                            "lineThickness" : 1,
                            "lineColor" : "",
                            "foregroundColor" : "#808080",
                            "fontEmphasisBold" : false,
                            "secondaryBackgroundColor" : ""
                          },
                          "ImageScaling" : "width",
                          "Visible" : true,
                          "DisplayName" : "ValueDisplay-33",
                          "Height" : 22,
                          "VerticalAlignment" : "middle",
                          "Width" : 55,
                          "ValueDisplayStyle" : "DefaultValueDisplayStyle",
                          "__supportsLabel" : true,
                          "ResponsiveLayout" : false,
                          "BackgroundFill" : "content",
                          "Z-index" : 10,
                          "LabelAlignment" : "left",
                          "__TypeDisplayName" : "Value Display",
                          "Type" : "valuedisplay",
                          "Area" : "UI",
                          "Top" : 12,
                          "Id" : "ValueDisplay-33",
                          "TextWrap" : true
                        }
                      }, {
                        "Widgets" : [ ],
                        "Properties" : {
                          "DynamicRangeMinimum" : 0,
                          "Left" : 357,
                          "ShapeFormatter_StateParameters" : [ ],
                          "DynamicFillOrientation" : "vertical",
                          "ResponsiveLayout" : false,
                          "ShapeType" : "rectangle",
                          "ShowDataLoading" : true,
                          "Z-index" : 11,
                          "RectangleCornerRadius" : 10,
                          "EnableDynamicFill" : false,
                          "__TypeDisplayName" : "Shape",
                          "Type" : "shape",
                          "Area" : "UI",
                          "UnfilledBackgroundStyle" : "DefaultShapeUnfilledBackgroundStyle",
                          "Top" : 5,
                          "DynamicRangeMaximum" : 100,
                          "GradientType" : "linear",
                          "GradientOrientation" : "vertical",
                          "Visible" : true,
                          "DisplayName" : "Shape-34",
                          "ShapeStyle" : {
                            "image" : "",
                            "backgroundColor" : "#d1d1d1",
                            "textSize" : "normal",
                            "lineStyle" : "solid",
                            "fontEmphasisUnderline" : false,
                            "displayString" : "",
                            "fontEmphasisItalic" : false,
                            "lineThickness" : 1,
                            "lineColor" : "",
                            "foregroundColor" : "",
                            "fontEmphasisBold" : false,
                            "secondaryBackgroundColor" : ""
                          },
                          "Height" : 38,
                          "Id" : "Shape-34",
                          "Width" : 4
                        }
                      } ],
                      "Properties" : {
                        "Left" : 75,
                        "HideScrollbars" : false,
                        "ResponsiveLayout" : true,
                        "ShowDataLoading" : true,
                        "Z-index" : 10,
                        "VerticalAnchor" : "top",
                        "__TypeDisplayName" : "Panel",
                        "HorizontalAnchor" : "left",
                        "Type" : "panel",
                        "Area" : "UI",
                        "Top" : 15,
                        "Visible" : true,
                        "DisplayName" : "Panel-15",
                        "Style" : {
                          "image" : "",
                          "backgroundColor" : "#ffffff",
                          "textSize" : "normal",
                          "lineStyle" : "solid",
                          "displayString" : "",
                          "fontEmphasisUnderline" : false,
                          "fontEmphasisItalic" : false,
                          "lineThickness" : 1,
                          "lineColor" : "",
                          "foregroundColor" : "",
                          "fontEmphasisBold" : false,
                          "secondaryBackgroundColor" : "#f2f2f2"
                        },
                        "Height" : 200,
                        "Id" : "Panel-15",
                        "Width" : 300
                      }
                    } ],
                    "Properties" : {
                      "MinHeight" : 0,
                      "TabWidth" : 36,
                      "BGImageRepeat" : "no-repeat",
                      "ShowDataLoading" : true,
                      "ShowExpandCollapseTab" : false,
                      "ExpandCollapseTabLocation" : "outside",
                      "Visible" : true,
                      "TabExpandStyle" : "DefaultTabExpandStyle",
                      "DisplayName" : "Header",
                      "Style" : "DefaultContainerStyle",
                      "BGImageSize" : "auto",
                      "Overlay" : false,
                      "Expanded" : true,
                      "TabCollapseStyle" : "DefaultTabCollapseStyle",
                      "OverlayIsTransparent" : false,
                      "ResponsiveLayout" : true,
                      "Z-index" : 10,
                      "MinWidth" : 0,
                      "TabOffset" : 0,
                      "__TypeDisplayName" : "Container",
                      "TabLocation" : "center",
                      "Type" : "container",
                      "Area" : "UI",
                      "AnimateExpandCollapse" : true,
                      "TabHeight" : 36,
                      "Id" : "container-26"
                    }
                  }, {
                    "Widgets" : [ {
                      "Widgets" : [ ],
                      "Properties" : {
                        "RowSelectedStyle" : "DefaultRowSelectedStyle",
                        "IsEditable" : false,
                        "GridInvalidFieldStyle" : "DefaultGridInvalidFieldStyle",
                        "Left" : 0,
                        "ShowDataLoading" : true,
                        "GridHeaderStyle" : "DefaultGridHeaderStyle",
                        "RowAlternateBackgroundStyle" : "DefaultRowAlternateBackgroundStyle",
                        "FocusStyle" : "DefaultFocusStyle",
                        "RowFormat_StateParameters" : [ ],
                        "TabSequence" : 0,
                        "GridBackgroundStyle" : "DefaultGridBackgroundStyle",
                        "CellTextWrapping" : false,
                        "RowBackgroundStyle" : "DefaultRowBackgroundStyle",
                        "Visible" : true,
                        "GridEditableFieldStyle" : "DefaultGridEditableFieldStyle",
                        "DisplayName" : "Grid-5",
                        "Height" : 200,
                        "Width" : 400,
                        "MultiSelect" : false,
                        "CurrentScrollTop" : 0,
                        "ResponsiveLayout" : true,
                        "Z-index" : 10,
                        "ShowAllColumns" : true,
                        "AlignHeader" : false,
                        "__TypeDisplayName" : "Grid",
                        "ScrollTop" : 0,
                        "RowHeight" : 30,
                        "ColumnFormat" : {
                          "formatInfo" : [ {
                            "ValidationMessage" : "",
                            "Align" : "left",
                            "AllowEdit" : false,
                            "Title" : "[[key]]",
                            "ValidationExpression" : "",
                            "FormatOptions" : {
                              "renderer" : "STRING",
                              "formatInfo" : {
                                "StateFormats" : [ {
                                  "stateName" : "fixed",
                                  "state" : ""
                                } ],
                                "StateDefinition" : "",
                                "StateDefinitionType" : "fixed",
                                "FieldName" : ""
                              },
                              "formatText" : "View",
                              "FormatString" : "full"
                            },
                            "FieldName" : "key",
                            "Width" : "auto"
                          }, {
                            "ValidationMessage" : "",
                            "Align" : "left",
                            "AllowEdit" : false,
                            "Title" : "[[location]]",
                            "ValidationExpression" : "",
                            "FormatOptions" : {
                              "renderer" : "LOCATION",
                              "formatInfo" : {
                                "StateFormats" : [ {
                                  "stateName" : "fixed",
                                  "state" : ""
                                } ],
                                "StateDefinition" : "",
                                "StateDefinitionType" : "fixed",
                                "FieldName" : ""
                              },
                              "formatText" : "View",
                              "FormatString" : "0.0000"
                            },
                            "FieldName" : "location",
                            "Width" : "auto"
                          }, {
                            "ValidationMessage" : "",
                            "Align" : "left",
                            "AllowEdit" : false,
                            "Title" : "[[sourceValue]]",
                            "ValidationExpression" : "",
                            "FormatOptions" : {
                              "renderer" : "STRING",
                              "formatInfo" : {
                                "StateFormats" : [ {
                                  "stateName" : "fixed",
                                  "state" : ""
                                } ],
                                "StateDefinition" : "",
                                "StateDefinitionType" : "fixed",
                                "FieldName" : ""
                              },
                              "formatText" : "View",
                              "FormatString" : "full"
                            },
                            "FieldName" : "source",
                            "Width" : "auto"
                          }, {
                            "ValidationMessage" : "",
                            "Align" : "left",
                            "AllowEdit" : false,
                            "Title" : "[[sourceType]]",
                            "ValidationExpression" : "",
                            "FormatOptions" : {
                              "renderer" : "STRING",
                              "formatInfo" : {
                                "StateFormats" : [ {
                                  "stateName" : "fixed",
                                  "state" : ""
                                } ],
                                "StateDefinition" : "",
                                "StateDefinitionType" : "fixed",
                                "FieldName" : ""
                              },
                              "formatText" : "View",
                              "FormatString" : "full"
                            },
                            "FieldName" : "sourceType",
                            "Width" : "auto"
                          }, {
                            "ValidationMessage" : "",
                            "Align" : "left",
                            "AllowEdit" : false,
                            "Title" : "[[tagsValue]]",
                            "ValidationExpression" : "",
                            "FormatOptions" : {
                              "renderer" : "TAGS",
                              "formatText" : "View",
                              "FormatString" : "plain"
                            },
                            "FieldName" : "tags",
                            "Width" : "auto"
                          }, {
                            "ValidationMessage" : "",
                            "Align" : "left",
                            "AllowEdit" : false,
                            "Title" : "[[timestamp]]",
                            "ValidationExpression" : "",
                            "FormatOptions" : {
                              "renderer" : "DATETIME",
                              "formatInfo" : {
                                "StateFormats" : [ {
                                  "stateName" : "fixed",
                                  "state" : ""
                                } ],
                                "StateDefinition" : "",
                                "StateDefinitionType" : "fixed",
                                "FieldName" : ""
                              },
                              "formatText" : "View",
                              "FormatString" : "[[dateTimeFormat_Default]]"
                            },
                            "FieldName" : "timestamp",
                            "Width" : "auto"
                          } ]
                        },
                        "Type" : "dhxgrid",
                        "Area" : "UI",
                        "Top" : 0,
                        "IsPrintLayout" : false,
                        "Id" : "Grid-5",
                        "RowHoverStyle" : "DefaultRowHoverStyle",
                        "AutoSelectFirstRow" : true,
                        "GridHeaderTextCase" : "none"
                      }
                    } ],
                    "Properties" : {
                      "MinHeight" : 0,
                      "TabWidth" : 36,
                      "BGImageRepeat" : "no-repeat",
                      "ShowDataLoading" : true,
                      "ShowExpandCollapseTab" : false,
                      "ExpandCollapseTabLocation" : "outside",
                      "Visible" : true,
                      "TabExpandStyle" : "DefaultTabExpandStyle",
                      "DisplayName" : "Row 1",
                      "Style" : "DefaultContainerStyle",
                      "BGImageSize" : "auto",
                      "Overlay" : false,
                      "Expanded" : true,
                      "TabCollapseStyle" : "DefaultTabCollapseStyle",
                      "OverlayIsTransparent" : false,
                      "ResponsiveLayout" : true,
                      "Z-index" : 10,
                      "MinWidth" : 0,
                      "TabOffset" : 0,
                      "__TypeDisplayName" : "Container",
                      "TabLocation" : "center",
                      "Type" : "container",
                      "Area" : "UI",
                      "AnimateExpandCollapse" : true,
                      "TabHeight" : 36,
                      "Id" : "container-27"
                    }
                  } ],
                  "Properties" : {
                    "Left" : 195,
                    "IncludeSpacingInFixedAreas" : false,
                    "ShowDataLoading" : true,
                    "HeaderHeight" : 56,
                    "PctRow4" : 0,
                    "PctRow3" : 0,
                    "PctRow2" : 0,
                    "PctRow1" : 100,
                    "FooterHeight" : 0,
                    "PctRow8" : 0,
                    "PctRow7" : 0,
                    "PctRow6" : 0,
                    "PctRow5" : 0,
                    "Visible" : true,
                    "PctColumn5" : 1,
                    "RightSidebar" : false,
                    "DisplayName" : "Layout-25",
                    "LeftSidebar" : false,
                    "PctColumn6" : 1,
                    "PrintWidth" : 650,
                    "PctColumn3" : 1,
                    "PctColumn4" : 1,
                    "PctColumn1" : 50,
                    "PctColumn2" : 50,
                    "PrintMarginTopBottom" : 0.5,
                    "Rows" : 1,
                    "RightSidebarWidth" : 0,
                    "PrintMarginLeftRight" : 0.5,
                    "PctColumn7" : 1,
                    "ResponsiveLayout" : true,
                    "PctColumn8" : 1,
                    "Columns" : 0,
                    "Z-index" : 10,
                    "Spacing" : 2,
                    "Orientation" : "vertical",
                    "__TypeDisplayName" : "Layout",
                    "Type" : "layout",
                    "Area" : "UI",
                    "LeftSidebarWidth" : 0,
                    "Header" : true,
                    "Top" : 90,
                    "IsPrintLayout" : false,
                    "Footer" : false,
                    "Id" : "Layout-25"
                  }
                } ],
                "Properties" : {
                  "MinHeight" : 0,
                  "TabWidth" : 36,
                  "BGImageRepeat" : "no-repeat",
                  "ShowDataLoading" : true,
                  "ShowExpandCollapseTab" : false,
                  "ExpandCollapseTabLocation" : "outside",
                  "Visible" : true,
                  "TabExpandStyle" : "DefaultTabExpandStyle",
                  "DisplayName" : "Row 1",
                  "Style" : "DefaultContainerStyle",
                  "BGImageSize" : "auto",
                  "Overlay" : false,
                  "Expanded" : true,
                  "TabCollapseStyle" : "DefaultTabCollapseStyle",
                  "OverlayIsTransparent" : false,
                  "ResponsiveLayout" : true,
                  "Z-index" : 10,
                  "MinWidth" : 0,
                  "TabOffset" : 0,
                  "__TypeDisplayName" : "Container",
                  "TabLocation" : "center",
                  "Type" : "container",
                  "Area" : "UI",
                  "AnimateExpandCollapse" : true,
                  "TabHeight" : 36,
                  "Id" : "container-14"
                }
              } ],
              "Properties" : {
                "Left" : 55,
                "IncludeSpacingInFixedAreas" : false,
                "ShowDataLoading" : true,
                "HeaderHeight" : 44,
                "PctRow4" : 0,
                "PctRow3" : 0,
                "PctRow2" : 0,
                "PctRow1" : 100,
                "FooterHeight" : 0,
                "PctRow8" : 0,
                "PctRow7" : 0,
                "PctRow6" : 0,
                "PctRow5" : 0,
                "Visible" : true,
                "PctColumn5" : 1,
                "RightSidebar" : false,
                "DisplayName" : "Layout-12",
                "LeftSidebar" : false,
                "PctColumn6" : 1,
                "PrintWidth" : 650,
                "PctColumn3" : 1,
                "PctColumn4" : 1,
                "PctColumn1" : 50,
                "PctColumn2" : 50,
                "PrintMarginTopBottom" : 0.5,
                "Rows" : 1,
                "RightSidebarWidth" : 0,
                "PrintMarginLeftRight" : 0.5,
                "PctColumn7" : 1,
                "ResponsiveLayout" : true,
                "PctColumn8" : 1,
                "Columns" : 0,
                "Z-index" : 10,
                "Spacing" : 2,
                "Orientation" : "vertical",
                "__TypeDisplayName" : "Layout",
                "Type" : "layout",
                "Area" : "UI",
                "LeftSidebarWidth" : 0,
                "Header" : true,
                "Top" : 180,
                "IsPrintLayout" : false,
                "Footer" : false,
                "Id" : "Layout-12"
              }
            } ],
            "Properties" : {
              "MinHeight" : 0,
              "TabWidth" : 36,
              "BGImageRepeat" : "no-repeat",
              "ShowDataLoading" : true,
              "ShowExpandCollapseTab" : false,
              "ExpandCollapseTabLocation" : "outside",
              "Visible" : true,
              "TabExpandStyle" : "DefaultTabExpandStyle",
              "DisplayName" : "Column",
              "Style" : "DefaultContainerStyle",
              "BGImageSize" : "auto",
              "Overlay" : false,
              "Expanded" : true,
              "TabCollapseStyle" : "DefaultTabCollapseStyle",
              "OverlayIsTransparent" : false,
              "ResponsiveLayout" : true,
              "Z-index" : 10,
              "MinWidth" : 0,
              "TabOffset" : 0,
              "__TypeDisplayName" : "Container",
              "TabLocation" : "center",
              "Type" : "container",
              "Area" : "UI",
              "AnimateExpandCollapse" : true,
              "TabHeight" : 36,
              "Id" : "container-2"
            }
          }, {
            "Widgets" : [ {
              "Widgets" : [ {
                "Widgets" : [ {
                  "Widgets" : [ {
                    "Widgets" : [ ],
                    "Properties" : {
                      "TextIfNoValue" : "[[entriesEditor]]",
                      "Left" : 6,
                      "ShowDataLoading" : true,
                      "Label" : "",
                      "ValueDisplayLabelStyle" : "DefaultWidgetLabelStyle",
                      "TextIfNoValueOffset" : 0,
                      "Overflow" : "hidden",
                      "ToolTipField" : "",
                      "Alignment" : "left",
                      "TextIfNoValueStyle" : {
                        "image" : "",
                        "backgroundColor" : "",
                        "textSize" : "2xl",
                        "lineStyle" : "solid",
                        "fontEmphasisUnderline" : false,
                        "displayString" : "",
                        "fontEmphasisItalic" : false,
                        "lineThickness" : 1,
                        "lineColor" : "",
                        "foregroundColor" : "#333333",
                        "fontEmphasisBold" : false,
                        "secondaryBackgroundColor" : ""
                      },
                      "ImageScaling" : "width",
                      "Visible" : true,
                      "DisplayName" : "ValueDisplay-39",
                      "Height" : 22,
                      "VerticalAlignment" : "middle",
                      "Width" : 210,
                      "ValueDisplayStyle" : "DefaultValueDisplayStyle",
                      "__supportsLabel" : true,
                      "ResponsiveLayout" : false,
                      "BackgroundFill" : "content",
                      "Z-index" : 10,
                      "LabelAlignment" : "left",
                      "__TypeDisplayName" : "Value Display",
                      "Type" : "valuedisplay",
                      "Area" : "UI",
                      "Top" : 5,
                      "Id" : "ValueDisplay-39",
                      "TextWrap" : true
                    }
                  } ],
                  "Properties" : {
                    "Left" : 365,
                    "HideScrollbars" : false,
                    "ResponsiveLayout" : true,
                    "ShowDataLoading" : true,
                    "Z-index" : 10,
                    "VerticalAnchor" : "top",
                    "__TypeDisplayName" : "Panel",
                    "HorizontalAnchor" : "left",
                    "Type" : "panel",
                    "Area" : "UI",
                    "Top" : 15,
                    "Visible" : true,
                    "DisplayName" : "Panel-38",
                    "Style" : {
                      "image" : "",
                      "backgroundColor" : "",
                      "textSize" : "normal",
                      "lineStyle" : "solid",
                      "displayString" : "",
                      "fontEmphasisUnderline" : false,
                      "fontEmphasisItalic" : false,
                      "lineThickness" : 1,
                      "lineColor" : "",
                      "foregroundColor" : "",
                      "fontEmphasisBold" : false,
                      "secondaryBackgroundColor" : ""
                    },
                    "Height" : 200,
                    "Id" : "Panel-38",
                    "Width" : 300
                  }
                } ],
                "Properties" : {
                  "MinHeight" : 0,
                  "TabWidth" : 36,
                  "BGImageRepeat" : "no-repeat",
                  "ShowDataLoading" : true,
                  "ShowExpandCollapseTab" : false,
                  "ExpandCollapseTabLocation" : "outside",
                  "Visible" : true,
                  "TabExpandStyle" : "DefaultTabExpandStyle",
                  "DisplayName" : "Header",
                  "Style" : "DefaultContainerStyle",
                  "BGImageSize" : "auto",
                  "Overlay" : false,
                  "Expanded" : true,
                  "TabCollapseStyle" : "DefaultTabCollapseStyle",
                  "OverlayIsTransparent" : false,
                  "ResponsiveLayout" : true,
                  "Z-index" : 10,
                  "MinWidth" : 0,
                  "TabOffset" : 0,
                  "__TypeDisplayName" : "Container",
                  "TabLocation" : "center",
                  "Type" : "container",
                  "Area" : "UI",
                  "AnimateExpandCollapse" : true,
                  "TabHeight" : 36,
                  "Id" : "container-36"
                }
              }, {
                "Widgets" : [ {
                  "Widgets" : [ {
                    "Widgets" : [ {
                      "Widgets" : [ {
                        "Widgets" : [ ],
                        "Properties" : {
                          "Left" : 10,
                          "CancelConfirmationButton" : "button2",
                          "ShowDataLoading" : true,
                          "Label" : "[[addUpdate]]",
                          "FocusStyle" : "DefaultButtonFocusStyle",
                          "TabSequence" : 0,
                          "ToolTipField" : "",
                          "IconAlignment" : "left",
                          "Visible" : true,
                          "DisplayName" : "Button-9",
                          "Style" : "DefaultButtonStyle",
                          "Height" : 26,
                          "DisabledStyle" : "DefaultButtonDisabledStyle",
                          "ConfirmationTitle" : "[[confirmAction]]",
                          "Disabled" : false,
                          "Width" : 95,
                          "ResponsiveLayout" : false,
                          "ConfirmationPrompt" : "[[doAction]]",
                          "Z-index" : 10,
                          "ConfirmationButton1Label" : "[[confirmationOptionYes]]",
                          "RoundedCorners" : true,
                          "__TypeDisplayName" : "Button",
                          "HoverStyle" : "DefaultButtonHoverStyle",
                          "Type" : "button",
                          "Area" : "UI",
                          "Top" : 10,
                          "DefaultConfirmationButton" : "button1",
                          "ContextId" : "",
                          "ConfirmationRequired" : false,
                          "Id" : "Button-9",
                          "ConfirmationButton2Label" : "[[confirmationOptionNo]]",
                          "ActiveStyle" : "DefaultButtonActiveStyle"
                        }
                      }, {
                        "Widgets" : [ ],
                        "Properties" : {
                          "Left" : 115,
                          "CancelConfirmationButton" : "button2",
                          "ShowDataLoading" : true,
                          "Label" : "[[delete]]",
                          "FocusStyle" : "DefaultButtonFocusStyle",
                          "TabSequence" : 0,
                          "ToolTipField" : "",
                          "IconAlignment" : "left",
                          "Visible" : true,
                          "DisplayName" : "Button-10",
                          "Style" : "DefaultButtonStyle",
                          "Height" : 26,
                          "DisabledStyle" : "DefaultButtonDisabledStyle",
                          "ConfirmationTitle" : "[[delete]]",
                          "Disabled" : false,
                          "Width" : 60,
                          "ResponsiveLayout" : false,
                          "ConfirmationPrompt" : "[[deleteThisEntry]]",
                          "Z-index" : 10,
                          "ConfirmationButton1Label" : "[[confirmationOptionYes]]",
                          "RoundedCorners" : true,
                          "__TypeDisplayName" : "Button",
                          "HoverStyle" : "DefaultButtonHoverStyle",
                          "Type" : "button",
                          "Area" : "UI",
                          "Top" : 10,
                          "DefaultConfirmationButton" : "button1",
                          "ContextId" : "",
                          "ConfirmationRequired" : true,
                          "Id" : "Button-10",
                          "ConfirmationButton2Label" : "[[confirmationOptionNo]]",
                          "ActiveStyle" : "DefaultButtonActiveStyle"
                        }
                      } ],
                      "Properties" : {
                        "Left" : 65,
                        "HideScrollbars" : false,
                        "ResponsiveLayout" : true,
                        "ShowDataLoading" : true,
                        "Z-index" : 10,
                        "VerticalAnchor" : "top",
                        "__TypeDisplayName" : "Panel",
                        "HorizontalAnchor" : "left",
                        "Type" : "panel",
                        "Area" : "UI",
                        "Top" : 5,
                        "Visible" : true,
                        "DisplayName" : "Panel-19",
                        "Style" : {
                          "image" : "",
                          "backgroundColor" : "#ffffff",
                          "textSize" : "normal",
                          "lineStyle" : "solid",
                          "displayString" : "",
                          "fontEmphasisUnderline" : false,
                          "fontEmphasisItalic" : false,
                          "lineThickness" : 1,
                          "lineColor" : "",
                          "foregroundColor" : "",
                          "fontEmphasisBold" : false,
                          "secondaryBackgroundColor" : "#f2f2f2"
                        },
                        "Height" : 200,
                        "Id" : "Panel-19",
                        "Width" : 300
                      }
                    } ],
                    "Properties" : {
                      "MinHeight" : 0,
                      "TabWidth" : 36,
                      "BGImageRepeat" : "no-repeat",
                      "ShowDataLoading" : true,
                      "ShowExpandCollapseTab" : false,
                      "ExpandCollapseTabLocation" : "outside",
                      "Visible" : true,
                      "TabExpandStyle" : "DefaultTabExpandStyle",
                      "DisplayName" : "Header",
                      "Style" : "DefaultContainerStyle",
                      "BGImageSize" : "auto",
                      "Overlay" : false,
                      "Expanded" : true,
                      "TabCollapseStyle" : "DefaultTabCollapseStyle",
                      "OverlayIsTransparent" : false,
                      "ResponsiveLayout" : true,
                      "Z-index" : 10,
                      "MinWidth" : 0,
                      "TabOffset" : 0,
                      "__TypeDisplayName" : "Container",
                      "TabLocation" : "center",
                      "Type" : "container",
                      "Area" : "UI",
                      "AnimateExpandCollapse" : true,
                      "TabHeight" : 36,
                      "Id" : "container-17"
                    }
                  }, {
                    "Widgets" : [ {
                      "Widgets" : [ ],
                      "Properties" : {
                        "Left" : 0,
                        "ResponsiveLayout" : true,
                        "ShowDataLoading" : true,
                        "Z-index" : 10,
                        "ShowAllColumns" : true,
                        "__TypeDisplayName" : "Property Display",
                        "Type" : "propertydisplay",
                        "Area" : "UI",
                        "InfotableInfo" : "{\"timestamp\":{\"baseType\":\"DATETIME\",\"description\":\"Time of last modification\",\"name\":\"timestamp\",\"aspects\":{},\"ordinal\":0,\"Title\":\"timestamp\",\"__showThisField\":false},\"tags\":{\"baseType\":\"TAGS\",\"description\":\"Tags\",\"name\":\"tags\",\"aspects\":{\"tagType\":\"DataTags\"},\"ordinal\":0,\"Title\":\"tags\",\"__showThisField\":false},\"sourceType\":{\"baseType\":\"STRING\",\"description\":\"Source type\",\"name\":\"sourceType\",\"aspects\":{},\"ordinal\":0,\"Title\":\"sourceType\",\"__showThisField\":false},\"source\":{\"baseType\":\"STRING\",\"description\":\"Source of last modification\",\"name\":\"source\",\"aspects\":{},\"ordinal\":0,\"Title\":\"source\",\"__showThisField\":false},\"location\":{\"baseType\":\"LOCATION\",\"description\":\"Location of last modification\",\"name\":\"location\",\"aspects\":{},\"ordinal\":0,\"Title\":\"location\",\"__showThisField\":false},\"key\":{\"baseType\":\"STRING\",\"description\":\"Internal key value\",\"name\":\"key\",\"aspects\":{\"isPrimaryKey\":true},\"ordinal\":0,\"Title\":\"key\",\"__showThisField\":false}}",
                        "Top" : 0,
                        "AllowEditing" : true,
                        "ShowEditorsIfNoRowData" : true,
                        "Visible" : true,
                        "DisplayName" : "PropertyDisplay-6",
                        "Style" : "DefaultPropertyDisplayStyle",
                        "Height" : 200,
                        "Id" : "PropertyDisplay-6",
                        "Width" : 250
                      }
                    } ],
                    "Properties" : {
                      "MinHeight" : 0,
                      "TabWidth" : 36,
                      "BGImageRepeat" : "no-repeat",
                      "ShowDataLoading" : true,
                      "ShowExpandCollapseTab" : false,
                      "ExpandCollapseTabLocation" : "outside",
                      "Visible" : true,
                      "TabExpandStyle" : "DefaultTabExpandStyle",
                      "DisplayName" : "Row",
                      "Style" : "DefaultContainerStyle",
                      "BGImageSize" : "auto",
                      "Overlay" : false,
                      "Expanded" : true,
                      "TabCollapseStyle" : "DefaultTabCollapseStyle",
                      "OverlayIsTransparent" : false,
                      "ResponsiveLayout" : true,
                      "Z-index" : 10,
                      "MinWidth" : 0,
                      "TabOffset" : 0,
                      "__TypeDisplayName" : "Container",
                      "TabLocation" : "center",
                      "Type" : "container",
                      "Area" : "UI",
                      "AnimateExpandCollapse" : true,
                      "TabHeight" : 36,
                      "Id" : "container-18"
                    }
                  } ],
                  "Properties" : {
                    "Left" : 65,
                    "IncludeSpacingInFixedAreas" : false,
                    "ShowDataLoading" : true,
                    "HeaderHeight" : 56,
                    "PctRow4" : 0,
                    "PctRow3" : 0,
                    "PctRow2" : 0,
                    "PctRow1" : 100,
                    "FooterHeight" : 0,
                    "PctRow8" : 0,
                    "PctRow7" : 0,
                    "PctRow6" : 0,
                    "PctRow5" : 0,
                    "Visible" : true,
                    "PctColumn5" : 1,
                    "RightSidebar" : false,
                    "DisplayName" : "Layout-16",
                    "LeftSidebar" : false,
                    "PctColumn6" : 1,
                    "PrintWidth" : 650,
                    "PctColumn3" : 1,
                    "PctColumn4" : 1,
                    "PctColumn1" : 50,
                    "PctColumn2" : 50,
                    "PrintMarginTopBottom" : 0.5,
                    "Rows" : 1,
                    "RightSidebarWidth" : 0,
                    "PrintMarginLeftRight" : 0.5,
                    "PctColumn7" : 1,
                    "ResponsiveLayout" : true,
                    "PctColumn8" : 1,
                    "Columns" : 0,
                    "Z-index" : 10,
                    "Spacing" : 2,
                    "Orientation" : "vertical",
                    "__TypeDisplayName" : "Layout",
                    "Type" : "layout",
                    "Area" : "UI",
                    "LeftSidebarWidth" : 0,
                    "Header" : true,
                    "Top" : 155,
                    "IsPrintLayout" : false,
                    "Footer" : false,
                    "Id" : "Layout-16"
                  }
                } ],
                "Properties" : {
                  "MinHeight" : 0,
                  "TabWidth" : 36,
                  "BGImageRepeat" : "no-repeat",
                  "ShowDataLoading" : true,
                  "ShowExpandCollapseTab" : false,
                  "ExpandCollapseTabLocation" : "outside",
                  "Visible" : true,
                  "TabExpandStyle" : "DefaultTabExpandStyle",
                  "DisplayName" : "Row 1",
                  "Style" : "DefaultContainerStyle",
                  "BGImageSize" : "auto",
                  "Overlay" : false,
                  "Expanded" : true,
                  "TabCollapseStyle" : "DefaultTabCollapseStyle",
                  "OverlayIsTransparent" : false,
                  "ResponsiveLayout" : true,
                  "Z-index" : 10,
                  "MinWidth" : 0,
                  "TabOffset" : 0,
                  "__TypeDisplayName" : "Container",
                  "TabLocation" : "center",
                  "Type" : "container",
                  "Area" : "UI",
                  "AnimateExpandCollapse" : true,
                  "TabHeight" : 36,
                  "Id" : "container-37"
                }
              } ],
              "Properties" : {
                "Left" : 240,
                "IncludeSpacingInFixedAreas" : false,
                "ShowDataLoading" : true,
                "HeaderHeight" : 44,
                "PctRow4" : 0,
                "PctRow3" : 0,
                "PctRow2" : 0,
                "PctRow1" : 100,
                "FooterHeight" : 0,
                "PctRow8" : 0,
                "PctRow7" : 0,
                "PctRow6" : 0,
                "PctRow5" : 0,
                "Visible" : true,
                "PctColumn5" : 1,
                "RightSidebar" : false,
                "DisplayName" : "Layout-35",
                "LeftSidebar" : false,
                "PctColumn6" : 1,
                "PrintWidth" : 650,
                "PctColumn3" : 1,
                "PctColumn4" : 1,
                "PctColumn1" : 50,
                "PctColumn2" : 50,
                "PrintMarginTopBottom" : 0.5,
                "Rows" : 1,
                "RightSidebarWidth" : 0,
                "PrintMarginLeftRight" : 0.5,
                "PctColumn7" : 1,
                "ResponsiveLayout" : true,
                "PctColumn8" : 1,
                "Columns" : 0,
                "Z-index" : 10,
                "Spacing" : 2,
                "Orientation" : "vertical",
                "__TypeDisplayName" : "Layout",
                "Type" : "layout",
                "Area" : "UI",
                "LeftSidebarWidth" : 0,
                "Header" : true,
                "Top" : 180,
                "IsPrintLayout" : false,
                "Footer" : false,
                "Id" : "Layout-35"
              }
            } ],
            "Properties" : {
              "MinHeight" : 0,
              "TabWidth" : 36,
              "BGImageRepeat" : "no-repeat",
              "ShowDataLoading" : true,
              "ShowExpandCollapseTab" : false,
              "ExpandCollapseTabLocation" : "outside",
              "Visible" : true,
              "TabExpandStyle" : "DefaultTabExpandStyle",
              "DisplayName" : "Column",
              "Style" : "DefaultContainerStyle",
              "BGImageSize" : "auto",
              "Overlay" : false,
              "Expanded" : true,
              "TabCollapseStyle" : "DefaultTabCollapseStyle",
              "OverlayIsTransparent" : false,
              "ResponsiveLayout" : true,
              "Z-index" : 10,
              "MinWidth" : 0,
              "TabOffset" : 0,
              "__TypeDisplayName" : "Container",
              "TabLocation" : "center",
              "Type" : "container",
              "Area" : "UI",
              "AnimateExpandCollapse" : true,
              "TabHeight" : 36,
              "Id" : "container-4"
            }
          } ],
          "Properties" : {
            "Left" : 230,
            "IncludeSpacingInFixedAreas" : false,
            "ShowDataLoading" : true,
            "HeaderHeight" : 0,
            "PctRow4" : 0,
            "PctRow3" : 0,
            "PctRow2" : 50,
            "PctRow1" : 50,
            "FooterHeight" : 0,
            "PctRow8" : 0,
            "PctRow7" : 0,
            "PctRow6" : 0,
            "PctRow5" : 0,
            "Visible" : true,
            "PctColumn5" : 1,
            "RightSidebar" : false,
            "DisplayName" : "Layout-1",
            "LeftSidebar" : false,
            "PctColumn6" : 1,
            "PrintWidth" : 650,
            "PctColumn3" : 66.33333333333333,
            "PctColumn4" : 1.999999999999993,
            "PctColumn1" : 60,
            "PctColumn2" : 39.66666666666666,
            "PrintMarginTopBottom" : 0.5,
            "Rows" : 0,
            "RightSidebarWidth" : 0,
            "PrintMarginLeftRight" : 0.5,
            "PctColumn7" : 1,
            "ResponsiveLayout" : true,
            "PctColumn8" : 1,
            "Columns" : 2,
            "Z-index" : 10,
            "Spacing" : 2,
            "Orientation" : "horizontal",
            "__TypeDisplayName" : "Layout",
            "Type" : "layout",
            "Area" : "UI",
            "LeftSidebarWidth" : 0,
            "Header" : false,
            "Top" : 175,
            "IsPrintLayout" : false,
            "Footer" : false,
            "Id" : "Layout-1"
          }
        } ],
        "Properties" : {
          "MinHeight" : 0,
          "TabWidth" : 36,
          "BGImageRepeat" : "no-repeat",
          "ShowDataLoading" : true,
          "ShowExpandCollapseTab" : false,
          "ExpandCollapseTabLocation" : "outside",
          "Visible" : true,
          "TabExpandStyle" : "DefaultTabExpandStyle",
          "DisplayName" : "Row 1",
          "Style" : "DefaultContainerStyle",
          "BGImageSize" : "auto",
          "Overlay" : false,
          "Expanded" : true,
          "TabCollapseStyle" : "DefaultTabCollapseStyle",
          "OverlayIsTransparent" : false,
          "ResponsiveLayout" : true,
          "Z-index" : 10,
          "MinWidth" : 0,
          "TabOffset" : 0,
          "__TypeDisplayName" : "Container",
          "TabLocation" : "center",
          "Type" : "container",
          "Area" : "UI",
          "AnimateExpandCollapse" : true,
          "TabHeight" : 36,
          "Id" : "container-22"
        }
      } ],
      "Properties" : {
        "Left" : 160,
        "IncludeSpacingInFixedAreas" : false,
        "ShowDataLoading" : true,
        "HeaderHeight" : 42,
        "PctRow4" : 0,
        "PctRow3" : 0,
        "PctRow2" : 0,
        "PctRow1" : 100,
        "FooterHeight" : 0,
        "PctRow8" : 0,
        "PctRow7" : 0,
        "PctRow6" : 0,
        "PctRow5" : 0,
        "Visible" : true,
        "PctColumn5" : 1,
        "RightSidebar" : false,
        "DisplayName" : "Layout-20",
        "LeftSidebar" : false,
        "PctColumn6" : 1,
        "PrintWidth" : 650,
        "PctColumn3" : 1,
        "PctColumn4" : 1,
        "PctColumn1" : 50,
        "PctColumn2" : 50,
        "PrintMarginTopBottom" : 0.5,
        "Rows" : 1,
        "RightSidebarWidth" : 0,
        "PrintMarginLeftRight" : 0.5,
        "PctColumn7" : 1,
        "ResponsiveLayout" : true,
        "PctColumn8" : 1,
        "Columns" : 0,
        "Z-index" : 10,
        "Spacing" : 2,
        "Orientation" : "vertical",
        "__TypeDisplayName" : "Layout",
        "Type" : "layout",
        "Area" : "UI",
        "LeftSidebarWidth" : 0,
        "Header" : true,
        "Top" : 206,
        "IsPrintLayout" : false,
        "Footer" : false,
        "Id" : "Layout-20"
      }
    } ],
    "Properties" : {
      "MinHeight" : 0,
      "Left" : 0,
      "BGImageRepeat" : "no-repeat",
      "ShowDataLoading" : true,
      "AddToDashboardButtonStyle" : "DefaultAddToDashboardButtonStyle",
      "id_index" : 39,
      "supportsAutoResize" : true,
      "Visible" : true,
      "DisplayName" : "Mashup",
      "Style" : {
        "image" : "",
        "backgroundColor" : "#c5c3c8",
        "textSize" : "normal",
        "lineStyle" : "solid",
        "displayString" : "",
        "fontEmphasisUnderline" : false,
        "fontEmphasisItalic" : false,
        "lineThickness" : 1,
        "lineColor" : "",
        "foregroundColor" : "",
        "fontEmphasisBold" : false,
        "secondaryBackgroundColor" : ""
      },
      "BGImageSize" : "auto",
      "Height" : 618,
      "_currentParameterDefs" : [ {
        "DefaultValue" : "ComplaintCodesDT",
        "Description" : "",
        "BaseType" : "THINGNAME",
        "ParameterName" : "Entity"
      } ],
      "Width" : 1024,
      "TitleBar" : false,
      "Rows" : 0,
      "ConfigureGadgetButtonStyle" : "DefaultConfigureGadgetButtonStyle",
      "TitleBarStyle" : "DefaultTitleBarStyle",
      "ResponsiveLayout" : true,
      "Z-index" : 10,
      "Title" : "",
      "Columns" : 0,
      "TitleBarText" : "Gadget Title Here",
      "MinWidth" : 0,
      "__TypeDisplayName" : "Mashup",
      "EnableParameterEditing" : false,
      "Type" : "mashup",
      "Area" : "Mashup",
      "Top" : 0,
      "IsPrintLayout" : false,
      "Id" : "mashup-root",
      "MashupToEditGadget" : "DefaultMashupToEditGadget",
      "IgnoreWarningsInViewMashup" : false
    }
  },
  "mashupType" : "mashup",
  "Events" : [ {
    "EventTriggerArea" : "Mashup",
    "EventHandlerService" : "QueryDataTableEntries",
    "EventTriggerSection" : "",
    "EventHandlerId" : "DynamicThingTemplates_DataTable",
    "EventTriggerEvent" : "Loaded",
    "Id" : "578056d6-9b95-44c3-822e-1c932f4f5717",
    "EventTriggerId" : "mashup-root",
    "EventHandlerArea" : "Data"
  }, {
    "EventTriggerArea" : "Data",
    "EventHandlerService" : "QueryDataTableEntries",
    "EventTriggerSection" : "DynamicThingTemplates_DataTable",
    "EventHandlerId" : "DynamicThingTemplates_DataTable",
    "EventTriggerEvent" : "ServiceInvokeCompleted",
    "Id" : "dfdb088b-4e00-4eec-8b40-9ea79cbc7900",
    "EventTriggerId" : "AddOrUpdateDataTableEntries",
    "EventHandlerArea" : "Data"
  }, {
    "EventTriggerArea" : "UI",
    "EventHandlerService" : "AddOrUpdateDataTableEntries",
    "EventTriggerSection" : "",
    "EventHandlerId" : "DynamicThingTemplates_DataTable",
    "EventTriggerEvent" : "Clicked",
    "Id" : "73211d0e-1921-4ba9-b813-5e9d829d7888",
    "EventTriggerId" : "Button-9",
    "EventHandlerArea" : "Data"
  }, {
    "EventTriggerArea" : "Mashup",
    "EventHandlerService" : "QueryDataTableEntries",
    "EventTriggerSection" : "",
    "EventHandlerId" : "DynamicThingTemplates_DataTable",
    "EventTriggerEvent" : "EntityChanged",
    "Id" : "f96ce46f-7237-475a-8c16-5091d6e7b691",
    "EventTriggerId" : "mashup-root",
    "EventHandlerArea" : "Data"
  }, {
    "EventTriggerArea" : "UI",
    "EventHandlerService" : "QueryDataTableEntries",
    "EventTriggerSection" : "",
    "EventHandlerId" : "DynamicThingTemplates_DataTable",
    "EventTriggerEvent" : "Changed",
    "Id" : "1d625bd7-2f9c-4a36-af10-80082a8f9a80",
    "EventTriggerId" : "DataFilter-8",
    "EventHandlerArea" : "Data"
  }, {
    "EventTriggerArea" : "UI",
    "EventHandlerService" : "QueryDataTableEntries",
    "EventTriggerSection" : "",
    "EventHandlerId" : "DynamicThingTemplates_DataTable",
    "EventTriggerEvent" : "Clicked",
    "Id" : "56336c47-ee09-4593-95a2-ea0706ccc08b",
    "EventTriggerId" : "Button-11",
    "EventHandlerArea" : "Data"
  }, {
    "EventTriggerArea" : "UI",
    "EventHandlerService" : "DeleteDataTableEntryByKey",
    "EventTriggerSection" : "",
    "EventHandlerId" : "DynamicThingTemplates_DataTable",
    "EventTriggerEvent" : "Clicked",
    "Id" : "23517dbc-adfc-4457-9832-71fe5230ffeb",
    "EventTriggerId" : "Button-10",
    "EventHandlerArea" : "Data"
  }, {
    "EventTriggerArea" : "Data",
    "EventHandlerService" : "QueryDataTableEntries",
    "EventTriggerSection" : "DynamicThingTemplates_DataTable",
    "EventHandlerId" : "DynamicThingTemplates_DataTable",
    "EventTriggerEvent" : "ServiceInvokeCompleted",
    "Id" : "bbdc2faa-9ee9-40d0-a274-740a34fccd91",
    "EventTriggerId" : "DeleteDataTableEntryByKey",
    "EventHandlerArea" : "Data"
  } ],
  "DataBindings" : [ {
    "SourceArea" : "Data",
    "TargetArea" : "UI",
    "TargetSection" : "",
    "SourceId" : "QueryDataTableEntries",
    "SourceSection" : "DynamicThingTemplates_DataTable",
    "Id" : "65738061-7ed6-4dd9-b62d-15c004630f26",
    "PropertyMaps" : [ {
      "SourcePropertyType" : "InfoTable",
      "TargetProperty" : "Data",
      "TargetPropertyType" : "property",
      "SourcePropertyBaseType" : "INFOTABLE",
      "TargetPropertyBaseType" : "INFOTABLE",
      "SourceProperty" : ""
    } ],
    "SourceDetails" : "AllData",
    "TargetId" : "Grid-5"
  }, {
    "SourceArea" : "Data",
    "TargetArea" : "UI",
    "TargetSection" : "",
    "SourceId" : "QueryDataTableEntries",
    "SourceSection" : "DynamicThingTemplates_DataTable",
    "Id" : "c2d568a5-2a97-4dd9-870f-27e2234406d6",
    "PropertyMaps" : [ {
      "SourcePropertyType" : "InfoTable",
      "TargetProperty" : "Data",
      "TargetPropertyType" : "property",
      "SourcePropertyBaseType" : "INFOTABLE",
      "TargetPropertyBaseType" : "INFOTABLE",
      "SourceProperty" : ""
    } ],
    "SourceDetails" : "SelectedRows",
    "TargetId" : "PropertyDisplay-6"
  }, {
    "SourceArea" : "Data",
    "TargetArea" : "UI",
    "TargetSection" : "",
    "SourceId" : "QueryDataTableEntries",
    "SourceSection" : "DynamicThingTemplates_DataTable",
    "Id" : "917ff7db-f1f9-497e-9c37-ecfcf7333552",
    "PropertyMaps" : [ {
      "SourcePropertyType" : "InfoTable",
      "TargetProperty" : "Data",
      "TargetPropertyType" : "property",
      "SourcePropertyBaseType" : "INFOTABLE",
      "TargetPropertyBaseType" : "INFOTABLE",
      "SourceProperty" : ""
    } ],
    "SourceDetails" : "AllData",
    "TargetId" : "DataFilter-8"
  }, {
    "SourceArea" : "UI",
    "TargetArea" : "Data",
    "TargetSection" : "DynamicThingTemplates_DataTable",
    "SourceId" : "PropertyDisplay-6",
    "SourceSection" : "",
    "Id" : "38f1fdc6-bccc-4ec8-a396-3106794663b5",
    "PropertyMaps" : [ {
      "TargetProperty" : "values",
      "TargetPropertyType" : "Parameter",
      "SourcePropertyBaseType" : "INFOTABLE",
      "TargetPropertyBaseType" : "INFOTABLE",
      "SourceProperty" : "Data"
    } ],
    "TargetId" : "AddOrUpdateDataTableEntries"
  }, {
    "SourceArea" : "UI",
    "TargetArea" : "Data",
    "TargetSection" : "DynamicThingTemplates_DataTable",
    "SourceId" : "PropertyDisplay-6",
    "SourceSection" : "",
    "Id" : "a6c28ffb-a16b-4e70-866c-09b9d85e48df",
    "PropertyMaps" : [ {
      "TargetProperty" : "values",
      "TargetPropertyType" : "Parameter",
      "SourcePropertyBaseType" : "INFOTABLE",
      "TargetPropertyBaseType" : "INFOTABLE",
      "SourceProperty" : "Data"
    } ],
    "TargetId" : "DeleteDataTableEntry"
  }, {
    "SourceArea" : "Mashup",
    "TargetArea" : "Data",
    "TargetSection" : "DynamicThingTemplates_DataTable",
    "SourceId" : "mashup-root",
    "SourceSection" : "",
    "Id" : "f55e9b9e-405f-47a4-9839-5acdbcfc052f",
    "PropertyMaps" : [ {
      "TargetProperty" : "value",
      "TargetPropertyType" : "Entity",
      "SourcePropertyBaseType" : "THINGNAME",
      "TargetPropertyBaseType" : "THINGNAME",
      "SourceProperty" : "Entity"
    } ],
    "TargetId" : "EntityName"
  }, {
    "SourceArea" : "UI",
    "TargetArea" : "Data",
    "TargetSection" : "DynamicThingTemplates_DataTable",
    "SourceId" : "DataFilter-8",
    "SourceSection" : "",
    "Id" : "fe9031a4-7170-46d9-84eb-50d96c76b9fc",
    "PropertyMaps" : [ {
      "TargetProperty" : "query",
      "TargetPropertyType" : "Parameter",
      "SourcePropertyBaseType" : "QUERY",
      "TargetPropertyBaseType" : "QUERY",
      "SourceProperty" : "Query"
    } ],
    "TargetId" : "QueryDataTableEntries"
  }, {
    "SourceArea" : "Data",
    "TargetArea" : "Data",
    "TargetSection" : "DynamicThingTemplates_DataTable",
    "SourceId" : "QueryDataTableEntries",
    "SourceSection" : "DynamicThingTemplates_DataTable",
    "Id" : "8ef5b53f-7cfb-4c52-82df-82886b0bd1f8",
    "PropertyMaps" : [ {
      "TargetProperty" : "key",
      "TargetPropertyType" : "Parameter",
      "SourcePropertyBaseType" : "STRING",
      "TargetPropertyBaseType" : "STRING",
      "SourceProperty" : "key"
    } ],
    "SourceDetails" : "SelectedRows",
    "TargetId" : "DeleteDataTableEntryByKey"
  }, {
    "SourceArea" : "Data",
    "TargetArea" : "UI",
    "TargetSection" : "",
    "SourceId" : "QueryDataTableEntries",
    "SourceSection" : "DynamicThingTemplates_DataTable",
    "Id" : "dabaf678-2a7b-4ecc-9941-5e2eb6d1b9c9",
    "PropertyMaps" : [ {
      "SourcePropertyType" : "InfoTable",
      "TargetProperty" : "DataForDatashapeIfNoRows",
      "TargetPropertyType" : "property",
      "SourcePropertyBaseType" : "INFOTABLE",
      "TargetPropertyBaseType" : "INFOTABLE",
      "SourceProperty" : ""
    } ],
    "SourceDetails" : "AllData",
    "TargetId" : "PropertyDisplay-6"
  } ],
  "Data" : {
    "DynamicThingTemplates_DataTable" : {
      "EntityType" : "DynamicThingTemplates",
      "Services" : [ {
        "Target" : "AddOrUpdateDataTableEntries",
        "Parameters" : { },
        "APIMethod" : "post",
        "Characteristic" : "Services",
        "RefreshInterval" : 0,
        "Id" : "53e441a5-4c78-4d16-b4a9-0673ea7d7f48",
        "Name" : "AddOrUpdateDataTableEntries"
      }, {
        "Target" : "QueryDataTableEntries",
        "Parameters" : { },
        "APIMethod" : "post",
        "Characteristic" : "Services",
        "RefreshInterval" : 0,
        "Id" : "a026051f-5653-4b8c-a944-66b05063b7d7",
        "Name" : "QueryDataTableEntries"
      }, {
        "Target" : "DeleteDataTableEntryByKey",
        "Parameters" : { },
        "APIMethod" : "post",
        "Characteristic" : "Services",
        "RefreshInterval" : 0,
        "Id" : "8da33d69-ad5c-4baf-96cd-b968625c588f",
        "Name" : "DeleteDataTableEntryByKey"
      } ],
      "EntityName" : "DataTable",
      "Id" : "a68e8d30-ef2d-45d7-894f-9a878079e2f9",
      "DataName" : "DynamicThingTemplates_DataTable"
    },
    "UserExtensions" : {
      "EntityType" : "UserExtensions",
      "Services" : [ {
        "Target" : "GetCurrentUserExtensionProperties",
        "Parameters" : { },
        "APIMethod" : "post",
        "Characteristic" : "Services",
        "RefreshInterval" : 0,
        "Id" : "UserExtensionInterface",
        "Name" : "GetCurrentUserExtensionProperties"
      } ],
      "EntityName" : "",
      "Id" : "UserExtensions",
      "DataName" : "UserExtensions"
    },
    "Session" : {
      "EntityType" : "Session",
      "Services" : [ {
        "Target" : "GetGlobalSessionValues",
        "Parameters" : { },
        "APIMethod" : "post",
        "Characteristic" : "Services",
        "RefreshInterval" : 0,
        "Id" : "SessionInterface",
        "Name" : "GetGlobalSessionValues"
      } ],
      "EntityName" : "",
      "Id" : "session",
      "DataName" : "Session"
    }
  },
  "DesignTimePermissions" : { }
}]]></mashupContent>
            <ConfigurationChanges>
                <ConfigurationChange changeAction="CREATE" changeReason="" timestamp="2017-09-22T13:52:31.499Z" user="SuperUser"/>
            </ConfigurationChanges>
        </Mashup>
    </Mashups>
</Entities>
