<?xml version="1.0" encoding="UTF-8" standalone="no"?>
<Entities>
    <Mashups>
        <Mashup aspect.isResponsive="true" aspect.isSystemObject="true" aspect.mashupType="mashup" columns="0.0" description="" documentationContent="" homeMashup="" lastModifiedDate="2017-09-22T13:52:31.215Z" name="LicenseSubsystemHomeMashup" projectName="" rows="0.0" tags="">
            <Owner name="SuperUser" type="User"/>
            <avatar/>
            <DesignTimePermissions>
                <Create/>
                <Read/>
                <Update/>
                <Delete/>
                <Metadata/>
            </DesignTimePermissions>
            <RunTimePermissions/>
            <VisibilityPermissions>
                <Visibility/>
            </VisibilityPermissions>
            <ConfigurationTables/>
            <ParameterDefinitions/>
            <Things/>
            <ThingShapes/>
            <ThingTemplates/>
            <mashupContent><![CDATA[{
  "RunTimePermissions" : { },
  "UI" : {
    "Widgets" : [ {
      "Widgets" : [ {
        "Widgets" : [ {
          "Widgets" : [ ],
          "Properties" : {
            "RowSelectedStyle" : "DefaultRowSelectedStyle",
            "IsEditable" : false,
            "GridInvalidFieldStyle" : "DefaultGridInvalidFieldStyle",
            "Left" : 100,
            "Description" : "",
            "ShowDataLoading" : true,
            "GridHeaderStyle" : "DefaultGridHeaderStyle",
            "RowAlternateBackgroundStyle" : "DefaultRowAlternateBackgroundStyle",
            "FocusStyle" : "DefaultFocusStyle",
            "TabSequence" : 0,
            "RowFormat_StateParameters" : [ ],
            "CellTextWrapping" : false,
            "GridBackgroundStyle" : "DefaultGridBackgroundStyle",
            "RowBackgroundStyle" : "DefaultRowBackgroundStyle",
            "GridEditableFieldStyle" : "DefaultGridEditableFieldStyle",
            "Visible" : true,
            "DisplayName" : "LicenseInfoTable",
            "Height" : 200,
            "Width" : 400,
            "MultiSelect" : false,
            "CurrentScrollTop" : 0,
            "ResponsiveLayout" : true,
            "ShowAllColumns" : false,
            "Z-index" : 10,
            "AlignHeader" : false,
            "__TypeDisplayName" : "Grid",
            "ScrollTop" : 0,
            "RowHeight" : 30,
            "ColumnFormat" : {
              "formatInfo" : [ {
                "ValidationMessage" : "",
                "Align" : "left",
                "AllowEdit" : false,
                "Title" : "ProductName",
                "ValidationExpression" : "",
                "FormatOptions" : {
                  "renderer" : "STRING",
                  "FormatString" : "full"
                },
                "FieldName" : "ProductName",
                "Width" : "auto"
              }, {
                "ValidationMessage" : "",
                "Align" : "left",
                "AllowEdit" : false,
                "Title" : "FeatureName",
                "ValidationExpression" : "",
                "FormatOptions" : {
                  "renderer" : "STRING",
                  "FormatString" : "full"
                },
                "FieldName" : "FeatureName",
                "Width" : "auto"
              }, {
                "ValidationMessage" : "",
                "Align" : "left",
                "AllowEdit" : false,
                "Title" : "TotalFeatureCount",
                "ValidationExpression" : "",
                "FormatOptions" : {
                  "renderer" : "STRING",
                  "FormatString" : "full"
                },
                "FieldName" : "TotalFeatureCount",
                "Width" : "auto"
              }, {
                "ValidationMessage" : "",
                "Align" : "left",
                "AllowEdit" : false,
                "Title" : "AvailableFeatureCount",
                "ValidationExpression" : "",
                "FormatOptions" : {
                  "renderer" : "STRING",
                  "FormatString" : "full"
                },
                "FieldName" : "AvailableFeatureCount",
                "Width" : "auto"
              }, {
                "ValidationMessage" : "",
                "Align" : "left",
                "AllowEdit" : false,
                "Title" : "InUseFeatureCount",
                "ValidationExpression" : "",
                "FormatOptions" : {
                  "renderer" : "DEFAULT"
                },
                "FieldName" : "InUseFeatureCount",
                "Width" : "auto"
              }, {
                "ValidationMessage" : "",
                "Align" : "left",
                "AllowEdit" : false,
                "Title" : "Version",
                "ValidationExpression" : "",
                "FormatOptions" : {
                  "renderer" : "STRING",
                  "FormatString" : "full"
                },
                "FieldName" : "Version",
                "Width" : "auto"
              }, {
                "ValidationMessage" : "",
                "Align" : "left",
                "AllowEdit" : false,
                "Title" : "ExpirationDate",
                "ValidationExpression" : "",
                "FormatOptions" : {
                  "renderer" : "STRING",
                  "FormatString" : "full"
                },
                "FieldName" : "ExpirationDate",
                "Width" : "auto"
              }, {
                "ValidationMessage" : "",
                "Align" : "left",
                "AllowEdit" : false,
                "Title" : "DaysRemaining",
                "ValidationExpression" : "",
                "FormatOptions" : {
                  "renderer" : "DEFAULT"
                },
                "FieldName" : "DaysRemaining",
                "Width" : "auto"
              }, {
                "ValidationMessage" : "",
                "Align" : "left",
                "AllowEdit" : false,
                "Title" : "IsEnforced",
                "ValidationExpression" : "",
                "FormatOptions" : {
                  "renderer" : "STRING",
                  "FormatString" : "full"
                },
                "FieldName" : "IsEnforced",
                "Width" : "auto"
              } ]
            },
            "Area" : "UI",
            "Type" : "dhxgrid",
            "Top" : 45,
            "IsPrintLayout" : false,
            "Id" : "dhxgrid-7",
            "RowHoverStyle" : "DefaultRowHoverStyle",
            "AutoSelectFirstRow" : false,
            "GridHeaderTextCase" : "capitalize"
          }
        } ],
        "Properties" : {
          "MinHeight" : 0,
          "TabWidth" : 36,
          "BGImageRepeat" : "no-repeat",
          "ShowDataLoading" : true,
          "ShowExpandCollapseTab" : false,
          "ExpandCollapseTabLocation" : "outside",
          "TabExpandStyle" : "DefaultTabExpandStyle",
          "Visible" : true,
          "DisplayName" : "Tab #1",
          "Style" : "DefaultContainerStyle",
          "BGImageSize" : "auto",
          "Overlay" : false,
          "Expanded" : true,
          "TabCollapseStyle" : "DefaultTabCollapseStyle",
          "OverlayIsTransparent" : false,
          "ResponsiveLayout" : true,
          "Z-index" : 10,
          "TabOffset" : 0,
          "MinWidth" : 0,
          "__TypeDisplayName" : "Container",
          "TabLocation" : "center",
          "Area" : "UI",
          "Type" : "container",
          "AnimateExpandCollapse" : true,
          "TabHeight" : 36,
          "Id" : "container-5"
        }
      }, {
        "Widgets" : [ {
          "Widgets" : [ ],
          "Properties" : {
            "RowSelectedStyle" : "DefaultRowSelectedStyle",
            "IsEditable" : false,
            "GridInvalidFieldStyle" : "DefaultGridInvalidFieldStyle",
            "Left" : 120,
            "ShowDataLoading" : true,
            "GridHeaderStyle" : "DefaultGridHeaderStyle",
            "RowAlternateBackgroundStyle" : "DefaultRowAlternateBackgroundStyle",
            "FocusStyle" : "DefaultFocusStyle",
            "TabSequence" : 0,
            "RowFormat_StateParameters" : [ ],
            "CellTextWrapping" : false,
            "GridBackgroundStyle" : "DefaultGridBackgroundStyle",
            "RowBackgroundStyle" : "DefaultRowBackgroundStyle",
            "GridEditableFieldStyle" : "DefaultGridEditableFieldStyle",
            "Visible" : true,
            "DisplayName" : "LicenseUsageData",
            "Height" : 200,
            "Width" : 400,
            "MultiSelect" : false,
            "CurrentScrollTop" : 0,
            "ResponsiveLayout" : true,
            "ShowAllColumns" : false,
            "Z-index" : 10,
            "AlignHeader" : false,
            "__TypeDisplayName" : "Grid",
            "ScrollTop" : 0,
            "RowHeight" : 30,
            "ColumnFormat" : {
              "formatInfo" : [ {
                "ValidationMessage" : "",
                "Align" : "left",
                "AllowEdit" : false,
                "Title" : "timestamp",
                "ValidationExpression" : "",
                "FormatOptions" : {
                  "renderer" : "DATETIME",
                  "formatInfo" : {
                    "StateFormats" : [ {
                      "stateName" : "fixed",
                      "state" : ""
                    } ],
                    "StateDefinition" : "",
                    "StateDefinitionType" : "fixed",
                    "FieldName" : ""
                  },
                  "formatText" : "View",
                  "FormatString" : "[[dateTimeFormat_Default]]"
                },
                "FieldName" : "timestamp",
                "Width" : "auto"
              }, {
                "ValidationMessage" : "",
                "Align" : "left",
                "AllowEdit" : false,
                "Title" : "ProductName",
                "ValidationExpression" : "",
                "FormatOptions" : {
                  "renderer" : "STRING",
                  "FormatString" : "full"
                },
                "FieldName" : "ProductName",
                "Width" : "auto"
              }, {
                "ValidationMessage" : "",
                "Align" : "left",
                "AllowEdit" : false,
                "Title" : "LicenseModel",
                "ValidationExpression" : "",
                "FormatOptions" : {
                  "renderer" : "STRING",
                  "formatInfo" : {
                    "StateFormats" : [ {
                      "stateName" : "fixed",
                      "state" : ""
                    } ],
                    "StateDefinition" : "",
                    "StateDefinitionType" : "fixed",
                    "FieldName" : ""
                  },
                  "formatText" : "View",
                  "FormatString" : "full"
                },
                "FieldName" : "LicenseModel",
                "Width" : "auto"
              }, {
                "ValidationMessage" : "",
                "Align" : "left",
                "AllowEdit" : false,
                "Title" : "FeatureName",
                "ValidationExpression" : "",
                "FormatOptions" : {
                  "renderer" : "STRING",
                  "FormatString" : "full"
                },
                "FieldName" : "FeatureName",
                "Width" : "auto"
              }, {
                "ValidationMessage" : "",
                "Align" : "left",
                "AllowEdit" : false,
                "Title" : "TransactionType",
                "ValidationExpression" : "",
                "FormatOptions" : {
                  "renderer" : "DEFAULT"
                },
                "FieldName" : "TransactionType",
                "Width" : "auto"
              }, {
                "ValidationMessage" : "",
                "Align" : "left",
                "AllowEdit" : false,
                "Title" : "source",
                "ValidationExpression" : "",
                "FormatOptions" : {
                  "renderer" : "STRING",
                  "FormatString" : "full"
                },
                "FieldName" : "source",
                "Width" : "auto"
              }, {
                "ValidationMessage" : "",
                "Align" : "left",
                "AllowEdit" : false,
                "Title" : "InUseFeatureCount",
                "ValidationExpression" : "",
                "FormatOptions" : {
                  "renderer" : "DEFAULT"
                },
                "FieldName" : "InUseFeatureCount",
                "Width" : "auto"
              } ]
            },
            "Area" : "UI",
            "Type" : "dhxgrid",
            "Top" : 60,
            "IsPrintLayout" : false,
            "Id" : "dhxgrid-8",
            "RowHoverStyle" : "DefaultRowHoverStyle",
            "AutoSelectFirstRow" : false,
            "GridHeaderTextCase" : "capitalize"
          }
        } ],
        "Properties" : {
          "MinHeight" : 0,
          "TabWidth" : 36,
          "BGImageRepeat" : "no-repeat",
          "ShowDataLoading" : true,
          "ShowExpandCollapseTab" : false,
          "ExpandCollapseTabLocation" : "outside",
          "TabExpandStyle" : "DefaultTabExpandStyle",
          "Visible" : true,
          "DisplayName" : "Tab #2",
          "Style" : "DefaultContainerStyle",
          "BGImageSize" : "auto",
          "Overlay" : false,
          "Expanded" : true,
          "TabCollapseStyle" : "DefaultTabCollapseStyle",
          "OverlayIsTransparent" : false,
          "ResponsiveLayout" : true,
          "Z-index" : 10,
          "TabOffset" : 0,
          "MinWidth" : 0,
          "__TypeDisplayName" : "Container",
          "TabLocation" : "center",
          "Area" : "UI",
          "Type" : "container",
          "AnimateExpandCollapse" : true,
          "TabHeight" : 36,
          "Id" : "container-6"
        }
      } ],
      "Properties" : {
        "Left" : 125,
        "Tab1Value" : "Tab1Value",
        "ShowDataLoading" : true,
        "Tab8Image" : "",
        "Tab14Value" : "Tab14Value",
        "Tab15Visible" : true,
        "Tab14Visible" : true,
        "Tab16Visible" : true,
        "Tab10Image" : "",
        "Tab4Disabled" : false,
        "Tab11Visible" : true,
        "Tab12Visible" : true,
        "Tab15Name" : "Tab15Name",
        "Tab13Visible" : true,
        "Tab10Visible" : true,
        "Tab8Name" : "Tab8Name",
        "Tab14Disabled" : false,
        "Tab11Image" : "",
        "Z-index" : 10,
        "TabContentStyle" : "DefaultTabContentStyle",
        "__TypeDisplayName" : "Tabs - Responsive",
        "Tab2Value" : "Tab2Value",
        "Tab9Image" : "",
        "Top" : 95,
        "Tab1Name" : "License Info",
        "Id" : "tabsv2-4",
        "Tab6Image" : "",
        "Tab12Value" : "Tab12Value",
        "Tab7Disabled" : false,
        "Tab15Value" : "Tab15Value",
        "Tab1Visible" : true,
        "Tab2Visible" : true,
        "Tab3Name" : "Tab3Name",
        "Tab3Disabled" : false,
        "Tab5Image" : "",
        "Tab6Visible" : true,
        "Tab5Visible" : true,
        "Tab9Disabled" : false,
        "Tab10Disabled" : false,
        "Tab9Visible" : true,
        "Visible" : true,
        "Width" : 300,
        "Tab10Value" : "Tab10Value",
        "Tab5Name" : "Tab5Name",
        "Tab13Value" : "Tab13Value",
        "ResponsiveLayout" : true,
        "Tab6Value" : "Tab6Value",
        "Tab3Value" : "Tab3Value",
        "RoundedCorners" : true,
        "Tab16Value" : "Tab16Value",
        "Tab12Name" : "Tab12Name",
        "Tab12Image" : "",
        "Type" : "tabsv2",
        "Tab15Image" : "",
        "Tab13Disabled" : false,
        "TabHeight" : 27,
        "Tab9Value" : "Tab9Value",
        "Tab6Disabled" : false,
        "Tab7Value" : "Tab7Value",
        "Tab16Image" : "",
        "Tab7Name" : "Tab7Name",
        "Tab14Name" : "Tab14Name",
        "TabSpacing" : 2,
        "Tab2Image" : "",
        "MaxTabWidth" : 256,
        "Tab2Disabled" : false,
        "CurrentTab" : 1,
        "Tab16Name" : "Tab16Name",
        "Tab8Value" : "Tab8Value",
        "Tab9Name" : "Tab9Name",
        "Tab16Disabled" : false,
        "NumberOfTabs" : 2,
        "Tab10Name" : "Tab10Name",
        "Area" : "UI",
        "Tab5Value" : "Tab5Value",
        "TabDisabledStyle" : "DefaultTabDisabledStyle",
        "Tab12Disabled" : false,
        "Tab2Name" : "License Usage Data",
        "Tab3Image" : "",
        "Tab3Visible" : true,
        "Tab5Disabled" : false,
        "TabUnselectedStyle" : "DefaultTabUnselectedStyle",
        "Tab4Visible" : true,
        "DefaultTabAtRuntime" : 1,
        "Tab7Visible" : true,
        "TabSelectedStyle" : "DefaultTabSelectedStyle",
        "Tab11Value" : "Tab11Value",
        "Tab13Image" : "",
        "Tab1Disabled" : false,
        "Tab4Name" : "Tab4Name",
        "Tab8Visible" : true,
        "DisplayName" : "tabsv2-4",
        "Height" : 300,
        "Tab4Value" : "Tab4Value",
        "Tab14Image" : "",
        "Tab11Name" : "Tab11Name",
        "Tab4Image" : "",
        "Tab1Image" : "",
        "Tab15Disabled" : false,
        "Tab7Image" : "",
        "Tab11Disabled" : false,
        "Tab8Disabled" : false,
        "Tab13Name" : "Tab13Name",
        "Tab6Name" : "Tab6Name"
      }
    } ],
    "Properties" : {
      "MinHeight" : 0,
      "Left" : 0,
      "BGImageRepeat" : "no-repeat",
      "ShowDataLoading" : true,
      "AddToDashboardButtonStyle" : "DefaultAddToDashboardButtonStyle",
      "id_index" : 8,
      "supportsAutoResize" : true,
      "Visible" : true,
      "DisplayName" : "LicenseMashup",
      "Style" : "DefaultMashupStyle",
      "BGImageSize" : "auto",
      "Height" : 618,
      "Width" : 1024,
      "TitleBar" : false,
      "Rows" : 0,
      "ConfigureGadgetButtonStyle" : "DefaultConfigureGadgetButtonStyle",
      "TitleBarStyle" : "DefaultTitleBarStyle",
      "ResponsiveLayout" : true,
      "Title" : "",
      "Columns" : 0,
      "Z-index" : 10,
      "TitleBarText" : "Gadget Title Here",
      "MinWidth" : 0,
      "__TypeDisplayName" : "Mashup",
      "EnableParameterEditing" : false,
      "Area" : "Mashup",
      "Type" : "mashup",
      "Top" : 0,
      "IsPrintLayout" : false,
      "MashupToEditGadget" : "DefaultMashupToEditGadget",
      "Id" : "mashup-root",
      "IgnoreWarningsInViewMashup" : false
    }
  },
  "Events" : [ {
    "EventTriggerArea" : "Mashup",
    "EventHandlerService" : "GetCurrentLicenseInfo",
    "EventTriggerSection" : "",
    "EventHandlerId" : "Subsystems_LicensingSubsystem",
    "EventTriggerEvent" : "Loaded",
    "Id" : "b8095c63-f567-4802-8970-0f7706fe969b",
    "EventTriggerId" : "mashup-root",
    "EventHandlerArea" : "Data"
  }, {
    "EventTriggerArea" : "Mashup",
    "EventHandlerService" : "GetLicenseUsageData",
    "EventTriggerSection" : "",
    "EventHandlerId" : "Subsystems_LicensingSubsystem",
    "EventTriggerEvent" : "Loaded",
    "Id" : "296e2956-9520-4c43-a774-c98197022646",
    "EventTriggerId" : "mashup-root",
    "EventHandlerArea" : "Data"
  }, {
    "EventTriggerArea" : "Mashup",
    "EventHandlerService" : "GetCurrentLicenseInfo",
    "EventTriggerSection" : "",
    "EventHandlerId" : "Subsystems_LicensingSubsystem",
    "EventTriggerEvent" : "RefreshRequested",
    "Id" : "7f1e5b95-2f3e-4142-afdb-1e89e4f2b1e7",
    "EventTriggerId" : "mashup-root",
    "EventHandlerArea" : "Data"
  }, {
    "EventTriggerArea" : "Mashup",
    "EventHandlerService" : "GetLicenseUsageData",
    "EventTriggerSection" : "",
    "EventHandlerId" : "Subsystems_LicensingSubsystem",
    "EventTriggerEvent" : "RefreshRequested",
    "Id" : "a2e5c4bc-e308-455c-9905-128b9f2dd67f",
    "EventTriggerId" : "mashup-root",
    "EventHandlerArea" : "Data"
  } ],
  "mashupType" : "mashup",
  "DataBindings" : [ {
    "SourceArea" : "Data",
    "TargetArea" : "UI",
    "TargetSection" : "",
    "SourceId" : "GetCurrentLicenseInfo",
    "Id" : "b249266d-f77a-435b-b9de-9c5b1f895b4e",
    "SourceSection" : "Subsystems_LicensingSubsystem",
    "SourceDetails" : "AllData",
    "PropertyMaps" : [ {
      "SourcePropertyType" : "InfoTable",
      "TargetProperty" : "Data",
      "TargetPropertyType" : "property",
      "SourcePropertyBaseType" : "INFOTABLE",
      "TargetPropertyBaseType" : "INFOTABLE",
      "SourceProperty" : ""
    } ],
    "TargetId" : "dhxgrid-7"
  }, {
    "SourceArea" : "Data",
    "TargetArea" : "UI",
    "TargetSection" : "",
    "SourceId" : "GetLicenseUsageData",
    "Id" : "6d9259f9-4b79-45ea-8d0b-787317b7316f",
    "SourceSection" : "Subsystems_LicensingSubsystem",
    "SourceDetails" : "AllData",
    "PropertyMaps" : [ {
      "SourcePropertyType" : "InfoTable",
      "TargetProperty" : "Data",
      "TargetPropertyType" : "property",
      "SourcePropertyBaseType" : "INFOTABLE",
      "TargetPropertyBaseType" : "INFOTABLE",
      "SourceProperty" : ""
    } ],
    "TargetId" : "dhxgrid-8"
  } ],
  "Data" : {
    "Subsystems_LicensingSubsystem" : {
      "EntityType" : "Subsystems",
      "Services" : [ {
        "Target" : "GetCurrentLicenseInfo",
        "Parameters" : { },
        "APIMethod" : "post",
        "Characteristic" : "Services",
        "RefreshInterval" : 0,
        "Id" : "89591776-b7a2-46c7-beb8-526c15b7d3c3",
        "Name" : "GetCurrentLicenseInfo"
      }, {
        "Target" : "GetLicenseUsageData",
        "Parameters" : { },
        "APIMethod" : "post",
        "Characteristic" : "Services",
        "RefreshInterval" : 0,
        "Id" : "4298e505-436d-4972-802a-1c59895e979d",
        "Name" : "GetLicenseUsageData"
      } ],
      "EntityName" : "LicensingSubsystem",
      "Id" : "33b7fcf1-ec10-4ad4-9b9b-883a21ba9aac",
      "DataName" : "Subsystems_LicensingSubsystem"
    },
    "UserExtensions" : {
      "EntityType" : "UserExtensions",
      "Services" : [ {
        "Target" : "GetCurrentUserExtensionProperties",
        "Parameters" : { },
        "APIMethod" : "post",
        "Characteristic" : "Services",
        "RefreshInterval" : 0,
        "Id" : "UserExtensionInterface",
        "Name" : "GetCurrentUserExtensionProperties"
      } ],
      "EntityName" : "",
      "Id" : "UserExtensions",
      "DataName" : "UserExtensions"
    },
    "Session" : {
      "EntityType" : "Session",
      "Services" : [ {
        "Target" : "GetGlobalSessionValues",
        "Parameters" : { },
        "APIMethod" : "post",
        "Characteristic" : "Services",
        "RefreshInterval" : 0,
        "Id" : "SessionInterface",
        "Name" : "GetGlobalSessionValues"
      } ],
      "EntityName" : "",
      "Id" : "session",
      "DataName" : "Session"
    }
  },
  "DesignTimePermissions" : { }
}]]></mashupContent>
            <ConfigurationChanges>
                <ConfigurationChange changeAction="CREATE" changeReason="header : name : updated&#10;documentation : updated&#10;" timestamp="2017-02-07T13:07:11.213Z" user="Administrator"/>
                <ConfigurationChange changeAction="CREATE" changeReason="" timestamp="2017-09-22T13:52:31.215Z" user="SuperUser"/>
            </ConfigurationChanges>
        </Mashup>
    </Mashups>
</Entities>
