<?xml version="1.0" encoding="UTF-8" standalone="no"?>
<Entities>
    <Mashups>
        <Mashup aspect.isResponsive="true" aspect.isSystemObject="true" aspect.mashupType="mashup" columns="0.0" description="" documentationContent="" homeMashup="" lastModifiedDate="2017-09-22T13:52:31.681Z" name="MonitoringUserManagementSubsystem" projectName="" rows="0.0" tags="">
            <Owner name="SuperUser" type="User"/>
            <avatar/>
            <DesignTimePermissions>
                <Create/>
                <Read/>
                <Update/>
                <Delete/>
                <Metadata/>
            </DesignTimePermissions>
            <RunTimePermissions/>
            <VisibilityPermissions>
                <Visibility/>
            </VisibilityPermissions>
            <ConfigurationTables/>
            <ParameterDefinitions/>
            <Things/>
            <ThingShapes/>
            <ThingTemplates/>
            <mashupContent><![CDATA[{
  "RunTimePermissions" : { },
  "UI" : {
    "Widgets" : [ {
      "Widgets" : [ {
        "Widgets" : [ {
          "Widgets" : [ {
            "Widgets" : [ {
              "Widgets" : [ ],
              "Properties" : {
                "RowSelectedStyle" : "DefaultRowSelectedStyle",
                "IsEditable" : false,
                "GridInvalidFieldStyle" : "DefaultGridInvalidFieldStyle",
                "Left" : 0,
                "ShowDataLoading" : true,
                "GridHeaderStyle" : "DefaultGridHeaderStyle",
                "RowAlternateBackgroundStyle" : "DefaultRowAlternateBackgroundStyle",
                "FocusStyle" : "DefaultFocusStyle",
                "RowFormat_StateParameters" : [ ],
                "TabSequence" : 0,
                "GridBackgroundStyle" : "DefaultGridBackgroundStyle",
                "CellTextWrapping" : false,
                "RowBackgroundStyle" : "DefaultRowBackgroundStyle",
                "Visible" : true,
                "GridEditableFieldStyle" : "DefaultGridEditableFieldStyle",
                "DisplayName" : "Grid-45",
                "Height" : 200,
                "Width" : 400,
                "MultiSelect" : false,
                "CurrentScrollTop" : 0,
                "ResponsiveLayout" : true,
                "Z-index" : 10,
                "ShowAllColumns" : false,
                "AlignHeader" : false,
                "__TypeDisplayName" : "Grid",
                "ScrollTop" : 0,
                "RowHeight" : 30,
                "ColumnFormat" : {
                  "formatInfo" : [ {
                    "ValidationMessage" : "",
                    "Align" : "left",
                    "AllowEdit" : false,
                    "Title" : "[[description]]",
                    "ValidationExpression" : "",
                    "FormatOptions" : {
                      "renderer" : "STRING",
                      "formatInfo" : {
                        "StateFormats" : [ {
                          "stateName" : "fixed",
                          "state" : ""
                        } ],
                        "StateDefinition" : "",
                        "StateDefinitionType" : "fixed",
                        "FieldName" : ""
                      },
                      "formatText" : "View",
                      "FormatString" : "full"
                    },
                    "FieldName" : "description",
                    "Width" : "auto"
                  }, {
                    "ValidationMessage" : "",
                    "Align" : "right",
                    "AllowEdit" : false,
                    "Title" : "[[value]]",
                    "ValidationExpression" : "",
                    "FormatOptions" : {
                      "renderer" : "NUMBER",
                      "formatInfo" : {
                        "StateFormats" : [ {
                          "stateName" : "fixed",
                          "state" : ""
                        } ],
                        "StateDefinition" : "",
                        "StateDefinitionType" : "fixed",
                        "FieldName" : ""
                      },
                      "formatText" : "View",
                      "FormatString" : "000,000,000"
                    },
                    "FieldName" : "value",
                    "Width" : "auto"
                  }, {
                    "ValidationMessage" : "",
                    "Align" : "left",
                    "AllowEdit" : false,
                    "Title" : "[[name]]",
                    "ValidationExpression" : "",
                    "FormatOptions" : {
                      "renderer" : "STRING",
                      "formatInfo" : {
                        "StateFormats" : [ {
                          "stateName" : "fixed",
                          "state" : ""
                        } ],
                        "StateDefinition" : "",
                        "StateDefinitionType" : "fixed",
                        "FieldName" : ""
                      },
                      "formatText" : "View",
                      "FormatString" : "full"
                    },
                    "FieldName" : "name",
                    "Width" : "auto"
                  } ]
                },
                "Type" : "dhxgrid",
                "Area" : "UI",
                "Top" : 0,
                "IsPrintLayout" : false,
                "Id" : "Grid-45",
                "RowHoverStyle" : "DefaultRowHoverStyle",
                "AutoSelectFirstRow" : false,
                "GridHeaderTextCase" : "none"
              }
            } ],
            "Properties" : {
              "MinHeight" : 0,
              "TabWidth" : 36,
              "BGImageRepeat" : "no-repeat",
              "ShowDataLoading" : true,
              "ShowExpandCollapseTab" : false,
              "ExpandCollapseTabLocation" : "outside",
              "Visible" : true,
              "DisplayName" : "Container-44",
              "TabExpandStyle" : "DefaultTabExpandStyle",
              "Style" : "DefaultContainerStyle",
              "BGImageSize" : "auto",
              "OnTop" : false,
              "Overlay" : false,
              "Expanded" : true,
              "TabCollapseStyle" : "DefaultTabCollapseStyle",
              "OverlayIsTransparent" : false,
              "ResponsiveLayout" : true,
              "Z-index" : 10,
              "MinWidth" : 0,
              "TabOffset" : 0,
              "__TypeDisplayName" : "Container",
              "TabLocation" : "center",
              "Type" : "container",
              "Area" : "UI",
              "AnimateExpandCollapse" : true,
              "TabHeight" : 36,
              "Id" : "Container-44"
            }
          } ],
          "Properties" : {
            "Left" : 200,
            "IncludeSpacingInFixedAreas" : false,
            "ShowDataLoading" : true,
            "HeaderHeight" : 0,
            "PctRow4" : 0,
            "PctRow3" : 0,
            "PctRow2" : 0,
            "PctRow1" : 100,
            "FooterHeight" : 0,
            "PctRow8" : 0,
            "PctRow7" : 0,
            "PctRow6" : 0,
            "PctRow5" : 0,
            "Visible" : true,
            "PctColumn5" : 1,
            "RightSidebar" : false,
            "DisplayName" : "Layout-39",
            "LeftSidebar" : false,
            "PctColumn6" : 1,
            "PrintWidth" : 650,
            "PctColumn3" : 1,
            "PctColumn4" : 1,
            "PctColumn1" : 50,
            "PctColumn2" : 50,
            "PrintMarginTopBottom" : 0.5,
            "Rows" : 1,
            "RightSidebarWidth" : 0,
            "PrintMarginLeftRight" : 0.5,
            "PctColumn7" : 1,
            "ResponsiveLayout" : true,
            "PctColumn8" : 1,
            "Columns" : 0,
            "Z-index" : 10,
            "Spacing" : 2,
            "Orientation" : "vertical",
            "__TypeDisplayName" : "Layout",
            "Type" : "layout",
            "Area" : "UI",
            "LeftSidebarWidth" : 0,
            "Header" : false,
            "Top" : 110,
            "IsPrintLayout" : false,
            "Footer" : false,
            "Id" : "Layout-39"
          }
        } ],
        "Properties" : {
          "MinHeight" : 0,
          "TabWidth" : 36,
          "BGImageRepeat" : "no-repeat",
          "ShowDataLoading" : true,
          "ShowExpandCollapseTab" : false,
          "ExpandCollapseTabLocation" : "outside",
          "Visible" : true,
          "DisplayName" : "Header",
          "TabExpandStyle" : "DefaultTabExpandStyle",
          "Style" : "DefaultContainerStyle",
          "BGImageSize" : "auto",
          "OnTop" : false,
          "Overlay" : false,
          "Expanded" : true,
          "TabCollapseStyle" : "DefaultTabCollapseStyle",
          "OverlayIsTransparent" : false,
          "ResponsiveLayout" : true,
          "Z-index" : 10,
          "MinWidth" : 0,
          "TabOffset" : 0,
          "__TypeDisplayName" : "Container",
          "TabLocation" : "center",
          "Type" : "container",
          "Area" : "UI",
          "AnimateExpandCollapse" : true,
          "TabHeight" : 36,
          "Id" : "container-37"
        }
      }, {
        "Widgets" : [ {
          "Widgets" : [ ],
          "Properties" : {
            "RowSelectedStyle" : "DefaultRowSelectedStyle",
            "IsEditable" : false,
            "GridInvalidFieldStyle" : "DefaultGridInvalidFieldStyle",
            "Left" : 310,
            "ShowDataLoading" : true,
            "GridHeaderStyle" : "DefaultGridHeaderStyle",
            "RowAlternateBackgroundStyle" : "DefaultRowAlternateBackgroundStyle",
            "FocusStyle" : "DefaultFocusStyle",
            "RowFormat_StateParameters" : [ ],
            "TabSequence" : 0,
            "GridBackgroundStyle" : "DefaultGridBackgroundStyle",
            "CellTextWrapping" : false,
            "RowBackgroundStyle" : "DefaultRowBackgroundStyle",
            "Visible" : true,
            "GridEditableFieldStyle" : "DefaultGridEditableFieldStyle",
            "DisplayName" : "Grid-35",
            "Height" : 200,
            "Width" : 400,
            "MultiSelect" : false,
            "CurrentScrollTop" : 0,
            "ResponsiveLayout" : true,
            "Z-index" : 10,
            "ShowAllColumns" : false,
            "AlignHeader" : false,
            "__TypeDisplayName" : "Grid",
            "ScrollTop" : 0,
            "RowHeight" : 30,
            "ColumnFormat" : {
              "formatInfo" : [ {
                "ValidationMessage" : "",
                "Align" : "left",
                "AllowEdit" : false,
                "Title" : "[[name]]",
                "ValidationExpression" : "",
                "FormatOptions" : {
                  "renderer" : "STRING",
                  "formatInfo" : {
                    "StateFormats" : [ {
                      "stateName" : "fixed",
                      "state" : ""
                    } ],
                    "StateDefinition" : "",
                    "StateDefinitionType" : "fixed",
                    "FieldName" : ""
                  },
                  "formatText" : "View",
                  "FormatString" : "full"
                },
                "FieldName" : "name",
                "Width" : "auto"
              }, {
                "ValidationMessage" : "",
                "Align" : "left",
                "AllowEdit" : false,
                "Title" : "[[description]]",
                "ValidationExpression" : "",
                "FormatOptions" : {
                  "renderer" : "STRING",
                  "formatInfo" : {
                    "StateFormats" : [ {
                      "stateName" : "fixed",
                      "state" : ""
                    } ],
                    "StateDefinition" : "",
                    "StateDefinitionType" : "fixed",
                    "FieldName" : ""
                  },
                  "formatText" : "View",
                  "FormatString" : "full"
                },
                "FieldName" : "description",
                "Width" : "auto"
              } ]
            },
            "Type" : "dhxgrid",
            "Area" : "UI",
            "Top" : 255,
            "IsPrintLayout" : false,
            "Id" : "Grid-35",
            "RowHoverStyle" : "DefaultRowHoverStyle",
            "AutoSelectFirstRow" : false,
            "GridHeaderTextCase" : "none"
          }
        } ],
        "Properties" : {
          "MinHeight" : 0,
          "TabWidth" : 36,
          "BGImageRepeat" : "no-repeat",
          "ShowDataLoading" : true,
          "ShowExpandCollapseTab" : false,
          "ExpandCollapseTabLocation" : "outside",
          "Visible" : true,
          "DisplayName" : "Row 1",
          "TabExpandStyle" : "DefaultTabExpandStyle",
          "Style" : "DefaultContainerStyle",
          "BGImageSize" : "auto",
          "OnTop" : false,
          "Overlay" : false,
          "Expanded" : true,
          "TabCollapseStyle" : "DefaultTabCollapseStyle",
          "OverlayIsTransparent" : false,
          "ResponsiveLayout" : true,
          "Z-index" : 10,
          "MinWidth" : 0,
          "TabOffset" : 0,
          "__TypeDisplayName" : "Container",
          "TabLocation" : "center",
          "Type" : "container",
          "Area" : "UI",
          "AnimateExpandCollapse" : true,
          "TabHeight" : 36,
          "Id" : "container-38"
        }
      } ],
      "Properties" : {
        "Left" : 150,
        "IncludeSpacingInFixedAreas" : false,
        "ShowDataLoading" : true,
        "HeaderHeight" : 250,
        "PctRow4" : 0,
        "PctRow3" : 0,
        "PctRow2" : 0,
        "PctRow1" : 100,
        "FooterHeight" : 0,
        "PctRow8" : 0,
        "PctRow7" : 0,
        "PctRow6" : 0,
        "PctRow5" : 0,
        "Visible" : true,
        "PctColumn5" : 1,
        "RightSidebar" : false,
        "DisplayName" : "Layout-36",
        "LeftSidebar" : false,
        "PctColumn6" : 1,
        "PrintWidth" : 650,
        "PctColumn3" : 1,
        "PctColumn4" : 1,
        "PctColumn1" : 50,
        "PctColumn2" : 50,
        "PrintMarginTopBottom" : 0.5,
        "Rows" : 1,
        "RightSidebarWidth" : 0,
        "PrintMarginLeftRight" : 0.5,
        "PctColumn7" : 1,
        "ResponsiveLayout" : true,
        "PctColumn8" : 1,
        "Columns" : 0,
        "Z-index" : 10,
        "Spacing" : 2,
        "Orientation" : "vertical",
        "__TypeDisplayName" : "Layout",
        "Type" : "layout",
        "Area" : "UI",
        "LeftSidebarWidth" : 0,
        "Header" : true,
        "Top" : 130,
        "IsPrintLayout" : false,
        "Footer" : false,
        "Id" : "Layout-36"
      }
    } ],
    "Properties" : {
      "MinHeight" : 0,
      "Left" : 0,
      "BGImageRepeat" : "no-repeat",
      "ShowDataLoading" : true,
      "AddToDashboardButtonStyle" : "DefaultAddToDashboardButtonStyle",
      "id_index" : 53,
      "supportsAutoResize" : true,
      "Visible" : true,
      "DisplayName" : "Mashup",
      "Style" : {
        "image" : "",
        "backgroundColor" : "",
        "textSize" : "normal",
        "lineStyle" : "solid",
        "fontEmphasisUnderline" : false,
        "displayString" : "",
        "fontEmphasisItalic" : false,
        "lineThickness" : 1,
        "lineColor" : "",
        "foregroundColor" : "",
        "fontEmphasisBold" : false,
        "secondaryBackgroundColor" : ""
      },
      "BGImageSize" : "auto",
      "Height" : 618,
      "Width" : 1024,
      "TitleBar" : false,
      "Rows" : 0,
      "ConfigureGadgetButtonStyle" : "DefaultConfigureGadgetButtonStyle",
      "TitleBarStyle" : "DefaultTitleBarStyle",
      "ResponsiveLayout" : true,
      "Z-index" : 10,
      "Title" : "",
      "Columns" : 0,
      "TitleBarText" : "Gadget Title Here",
      "MinWidth" : 0,
      "__TypeDisplayName" : "Mashup",
      "EnableParameterEditing" : false,
      "Type" : "mashup",
      "Area" : "Mashup",
      "Top" : 0,
      "IsPrintLayout" : false,
      "Id" : "mashup-root",
      "MashupToEditGadget" : "DefaultMashupToEditGadget",
      "IgnoreWarningsInViewMashup" : false
    }
  },
  "mashupType" : "mashup",
  "Events" : [ {
    "EventTriggerArea" : "Mashup",
    "EventHandlerService" : "GetSessionShapes",
    "EventTriggerSection" : "",
    "EventHandlerId" : "Subsystems_UserManagementSubsystem",
    "EventTriggerEvent" : "Loaded",
    "Id" : "a54d6afc-1034-427b-8028-d5cb0d697064",
    "EventTriggerId" : "mashup-root",
    "EventHandlerArea" : "Data"
  }, {
    "EventTriggerArea" : "Mashup",
    "EventHandlerService" : "GetPerformanceMetrics",
    "EventTriggerSection" : "",
    "EventHandlerId" : "Subsystems_UserManagementSubsystem",
    "EventTriggerEvent" : "Loaded",
    "Id" : "d4f04c4e-8618-495b-9ddd-4110363b09cb",
    "EventTriggerId" : "mashup-root",
    "EventHandlerArea" : "Data"
  }, {
    "EventTriggerArea" : "Data",
    "EventHandlerService" : "GetPerformanceMetrics",
    "EventTriggerSection" : "Subsystems_UserManagementSubsystem",
    "EventHandlerId" : "Subsystems_UserManagementSubsystem",
    "EventTriggerEvent" : "ServiceInvokeCompleted",
    "Id" : "a38c3119-338d-441d-824a-2d939b1671bf",
    "EventTriggerId" : "ResetPerformanceMetrics",
    "EventHandlerArea" : "Data"
  }, {
    "EventTriggerArea" : "UI",
    "EventHandlerService" : "ResetPerformanceMetrics",
    "EventTriggerSection" : "",
    "EventHandlerId" : "Subsystems_UserManagementSubsystem",
    "EventTriggerEvent" : "Clicked",
    "Id" : "d252bfc6-bd9d-4e5b-9bc4-7127493b855b",
    "EventTriggerId" : "Button-53",
    "EventHandlerArea" : "Data"
  }, {
    "EventTriggerArea" : "Mashup",
    "EventHandlerService" : "GetPerformanceMetrics",
    "EventTriggerSection" : "",
    "EventHandlerId" : "Subsystems_UserManagementSubsystem",
    "EventTriggerEvent" : "RefreshRequested",
    "Id" : "e146996c-0e11-4dd2-813a-acc9460d35b1",
    "EventTriggerId" : "mashup-root",
    "EventHandlerArea" : "Data"
  }, {
    "EventTriggerArea" : "Mashup",
    "EventHandlerService" : "GetSessionShapes",
    "EventTriggerSection" : "",
    "EventHandlerId" : "Subsystems_UserManagementSubsystem",
    "EventTriggerEvent" : "RefreshRequested",
    "Id" : "a0b0124f-762b-4e2a-9a66-ce10eed7f51c",
    "EventTriggerId" : "mashup-root",
    "EventHandlerArea" : "Data"
  } ],
  "DataBindings" : [ {
    "SourceArea" : "Data",
    "TargetArea" : "UI",
    "TargetSection" : "",
    "SourceId" : "GetSessionShapes",
    "SourceSection" : "Subsystems_UserManagementSubsystem",
    "Id" : "0f87029f-812a-4f0b-8c8c-f51306b48c7a",
    "PropertyMaps" : [ {
      "SourcePropertyType" : "InfoTable",
      "TargetProperty" : "Data",
      "TargetPropertyType" : "property",
      "SourcePropertyBaseType" : "INFOTABLE",
      "TargetPropertyBaseType" : "INFOTABLE",
      "SourceProperty" : ""
    } ],
    "SourceDetails" : "AllData",
    "TargetId" : "Grid-35"
  }, {
    "SourceArea" : "Data",
    "TargetArea" : "UI",
    "TargetSection" : "",
    "SourceId" : "GetPerformanceMetrics",
    "SourceSection" : "Subsystems_UserManagementSubsystem",
    "Id" : "79df92b3-f498-40da-846a-246ead065de9",
    "PropertyMaps" : [ {
      "SourcePropertyType" : "InfoTable",
      "TargetProperty" : "Data",
      "TargetPropertyType" : "property",
      "SourcePropertyBaseType" : "INFOTABLE",
      "TargetPropertyBaseType" : "INFOTABLE",
      "SourceProperty" : ""
    } ],
    "SourceDetails" : "AllData",
    "TargetId" : "Grid-45"
  } ],
  "Data" : {
    "UserExtensions" : {
      "EntityType" : "UserExtensions",
      "Services" : [ {
        "Target" : "GetCurrentUserExtensionProperties",
        "Parameters" : { },
        "APIMethod" : "post",
        "Characteristic" : "Services",
        "RefreshInterval" : 0,
        "Id" : "UserExtensionInterface",
        "Name" : "GetCurrentUserExtensionProperties"
      } ],
      "EntityName" : "",
      "Id" : "UserExtensions",
      "DataName" : "UserExtensions"
    },
    "Subsystems_UserManagementSubsystem" : {
      "EntityType" : "Subsystems",
      "Services" : [ {
        "Target" : "GetSessionShapes",
        "Parameters" : { },
        "APIMethod" : "post",
        "Characteristic" : "Services",
        "RefreshInterval" : 0,
        "Id" : "2ebd550f-9b91-4a3d-810a-78a90725f930",
        "Name" : "GetSessionShapes"
      }, {
        "Target" : "GetPerformanceMetrics",
        "Parameters" : { },
        "APIMethod" : "post",
        "Characteristic" : "Services",
        "RefreshInterval" : 0,
        "Id" : "33e556c6-f486-476a-9a2b-2d704fbc1989",
        "Name" : "GetPerformanceMetrics"
      }, {
        "Target" : "ResetPerformanceMetrics",
        "Parameters" : { },
        "APIMethod" : "post",
        "Characteristic" : "Services",
        "RefreshInterval" : 0,
        "Id" : "4a39244d-cdaa-43a3-8ede-4b2461f96428",
        "Name" : "ResetPerformanceMetrics"
      } ],
      "EntityName" : "UserManagementSubsystem",
      "Id" : "8e0ddfac-455d-48db-9430-c106f8ecf630",
      "DataName" : "Subsystems_UserManagementSubsystem"
    },
    "Session" : {
      "EntityType" : "Session",
      "Services" : [ {
        "Target" : "GetGlobalSessionValues",
        "Parameters" : { },
        "APIMethod" : "post",
        "Characteristic" : "Services",
        "RefreshInterval" : 0,
        "Id" : "SessionInterface",
        "Name" : "GetGlobalSessionValues"
      } ],
      "EntityName" : "",
      "Id" : "session",
      "DataName" : "Session"
    }
  },
  "DesignTimePermissions" : { }
}]]></mashupContent>
            <ConfigurationChanges>
                <ConfigurationChange changeAction="CREATE" changeReason="" timestamp="2017-09-22T13:52:31.681Z" user="SuperUser"/>
            </ConfigurationChanges>
        </Mashup>
    </Mashups>
</Entities>
