<?xml version="1.0" encoding="UTF-8" standalone="no"?>
<Entities>
    <Mashups>
        <Mashup aspect.isResponsive="true" aspect.isSystemObject="true" aspect.mashupType="mashup" columns="0.0" description="" documentationContent="&lt;p&gt;&lt;br&gt;&lt;/p&gt;&#10;" homeMashup="" lastModifiedDate="2017-09-22T13:52:31.597Z" name="MonitoringSubsystemSelector" projectName="" rows="0.0" tags="">
            <Owner name="SuperUser" type="User"/>
            <avatar/>
            <DesignTimePermissions>
                <Create/>
                <Read/>
                <Update/>
                <Delete/>
                <Metadata/>
            </DesignTimePermissions>
            <RunTimePermissions/>
            <VisibilityPermissions>
                <Visibility/>
            </VisibilityPermissions>
            <ConfigurationTables/>
            <ParameterDefinitions/>
            <Things/>
            <ThingShapes/>
            <ThingTemplates/>
            <mashupContent><![CDATA[{
  "RunTimePermissions" : { },
  "UI" : {
    "Widgets" : [ {
      "Widgets" : [ {
        "Widgets" : [ {
          "Widgets" : [ {
            "Widgets" : [ {
              "Widgets" : [ {
                "Widgets" : [ ],
                "Properties" : {
                  "TextIfNoValue" : "[[subsystems]]",
                  "Left" : 6,
                  "ShowDataLoading" : true,
                  "Label" : "",
                  "ValueDisplayLabelStyle" : "DefaultWidgetLabelStyle",
                  "TextIfNoValueOffset" : 0,
                  "Overflow" : "hidden",
                  "ToolTipField" : "",
                  "Alignment" : "left",
                  "TextIfNoValueStyle" : {
                    "image" : "",
                    "backgroundColor" : "",
                    "textSize" : "2xl",
                    "lineStyle" : "solid",
                    "fontEmphasisUnderline" : false,
                    "displayString" : "",
                    "fontEmphasisItalic" : false,
                    "lineThickness" : 1,
                    "lineColor" : "",
                    "foregroundColor" : "#333333",
                    "fontEmphasisBold" : false,
                    "secondaryBackgroundColor" : ""
                  },
                  "ImageScaling" : "width",
                  "Visible" : true,
                  "DisplayName" : "ValueDisplay-27",
                  "Height" : 30,
                  "VerticalAlignment" : "middle",
                  "Width" : 300,
                  "ValueDisplayStyle" : "DefaultValueDisplayStyle",
                  "__supportsLabel" : true,
                  "ResponsiveLayout" : false,
                  "BackgroundFill" : "content",
                  "Z-index" : 10,
                  "LabelAlignment" : "left",
                  "__TypeDisplayName" : "Value Display",
                  "Type" : "valuedisplay",
                  "Area" : "UI",
                  "Top" : 5,
                  "Id" : "ValueDisplay-27",
                  "TextWrap" : true
                }
              } ],
              "Properties" : {
                "Left" : 120,
                "HideScrollbars" : true,
                "ResponsiveLayout" : true,
                "ShowDataLoading" : true,
                "Z-index" : 10,
                "VerticalAnchor" : "top",
                "__TypeDisplayName" : "Panel",
                "HorizontalAnchor" : "left",
                "Type" : "panel",
                "Area" : "UI",
                "Top" : 35,
                "Visible" : true,
                "DisplayName" : "Panel-26",
                "Style" : {
                  "image" : "",
                  "backgroundColor" : "",
                  "textSize" : "normal",
                  "lineStyle" : "solid",
                  "fontEmphasisUnderline" : false,
                  "displayString" : "",
                  "fontEmphasisItalic" : false,
                  "lineThickness" : 1,
                  "lineColor" : "",
                  "foregroundColor" : "",
                  "fontEmphasisBold" : false,
                  "secondaryBackgroundColor" : ""
                },
                "Height" : 200,
                "Id" : "Panel-26",
                "Width" : 300
              }
            } ],
            "Properties" : {
              "MinHeight" : 0,
              "TabWidth" : 36,
              "BGImageRepeat" : "no-repeat",
              "ShowDataLoading" : true,
              "ShowExpandCollapseTab" : false,
              "ExpandCollapseTabLocation" : "outside",
              "TabExpandStyle" : "DefaultTabExpandStyle",
              "Visible" : true,
              "DisplayName" : "Column 1",
              "Style" : "DefaultContainerStyle",
              "BGImageSize" : "auto",
              "Overlay" : false,
              "Expanded" : true,
              "TabCollapseStyle" : "DefaultTabCollapseStyle",
              "OverlayIsTransparent" : false,
              "ResponsiveLayout" : true,
              "Z-index" : 10,
              "TabOffset" : 0,
              "MinWidth" : 0,
              "__TypeDisplayName" : "Container",
              "TabLocation" : "center",
              "Area" : "UI",
              "Type" : "container",
              "AnimateExpandCollapse" : true,
              "TabHeight" : 36,
              "Id" : "container-68"
            }
          }, {
            "Widgets" : [ {
              "Widgets" : [ {
                "Widgets" : [ ],
                "Properties" : {
                  "AutoRefreshTabSequence" : 0,
                  "Left" : 210,
                  "ShowDataLoading" : true,
                  "Label" : "[[refreshNow]]",
                  "FocusStyle" : "DefaultButtonFocusStyle",
                  "ShowControls" : true,
                  "RefreshToggleStyleOff" : "DefaultAutoRefreshToggleOffStyle",
                  "IconAlignment" : "left",
                  "Visible" : true,
                  "RefreshInterval" : 30,
                  "DisplayName" : "AutoRefresh-55",
                  "Style" : "DefaultAutoRefreshStyle",
                  "Height" : 28,
                  "Width" : 270,
                  "RefreshToggleStyle" : "DefaultAutoRefreshToggleStyle",
                  "ResponsiveLayout" : false,
                  "RefreshToggleSliderStyle" : "DefaultAutoRefreshToggleSliderStyle",
                  "RefreshNowTabSequence" : 0,
                  "Z-index" : 10,
                  "RefreshToggleLabelOff" : "[[off]]",
                  "__TypeDisplayName" : "Auto Refresh",
                  "RefreshToggleLabel" : "[[on]]",
                  "HoverStyle" : "DefaultButtonHoverStyle",
                  "Type" : "autorefresh",
                  "Area" : "UI",
                  "Top" : 3,
                  "Id" : "AutoRefresh-55",
                  "ActiveStyle" : "DefaultButtonActiveStyle",
                  "AutoRefresh" : true
                }
              }, {
                "Widgets" : [ ],
                "Properties" : {
                  "TextIfNoValue" : "[[autoRefresh]]",
                  "Left" : 0,
                  "ShowDataLoading" : true,
                  "Label" : "",
                  "ValueDisplayLabelStyle" : "DefaultWidgetLabelStyle",
                  "TextIfNoValueOffset" : 0,
                  "Overflow" : "hidden",
                  "ToolTipField" : "",
                  "Alignment" : "right",
                  "TextIfNoValueStyle" : {
                    "image" : "",
                    "backgroundColor" : "",
                    "textSize" : "2xl",
                    "lineStyle" : "solid",
                    "fontEmphasisItalic" : false,
                    "fontEmphasisUnderline" : false,
                    "displayString" : "",
                    "lineThickness" : 1,
                    "foregroundColor" : "#333333",
                    "lineColor" : "",
                    "fontEmphasisBold" : false,
                    "secondaryBackgroundColor" : ""
                  },
                  "ImageScaling" : "width",
                  "Visible" : true,
                  "DisplayName" : "ValueDisplay-73",
                  "Height" : 30,
                  "VerticalAlignment" : "middle",
                  "Width" : 200,
                  "ValueDisplayStyle" : "DefaultValueDisplayStyle",
                  "__supportsLabel" : true,
                  "ResponsiveLayout" : false,
                  "BackgroundFill" : "content",
                  "Z-index" : 10,
                  "LabelAlignment" : "left",
                  "__TypeDisplayName" : "Value Display",
                  "Type" : "valuedisplay",
                  "Area" : "UI",
                  "Top" : 2,
                  "Id" : "ValueDisplay-73",
                  "TextWrap" : true
                }
              } ],
              "Properties" : {
                "Left" : 35,
                "HideScrollbars" : false,
                "ResponsiveLayout" : true,
                "ShowDataLoading" : true,
                "Z-index" : 10,
                "VerticalAnchor" : "top",
                "__TypeDisplayName" : "Panel",
                "HorizontalAnchor" : "left",
                "Area" : "UI",
                "Type" : "panel",
                "Top" : 15,
                "Visible" : true,
                "DisplayName" : "Panel-70",
                "Style" : "DefaultPanelStyle",
                "Height" : 200,
                "Id" : "Panel-70",
                "Width" : 300
              }
            } ],
            "Properties" : {
              "MinHeight" : 0,
              "TabWidth" : 36,
              "BGImageRepeat" : "no-repeat",
              "ShowDataLoading" : true,
              "ShowExpandCollapseTab" : false,
              "ExpandCollapseTabLocation" : "outside",
              "TabExpandStyle" : "DefaultTabExpandStyle",
              "Visible" : true,
              "DisplayName" : "Right Sidebar",
              "Style" : "DefaultContainerStyle",
              "BGImageSize" : "auto",
              "Overlay" : false,
              "Expanded" : true,
              "TabCollapseStyle" : "DefaultTabCollapseStyle",
              "OverlayIsTransparent" : false,
              "ResponsiveLayout" : true,
              "Z-index" : 10,
              "TabOffset" : 0,
              "MinWidth" : 0,
              "__TypeDisplayName" : "Container",
              "TabLocation" : "center",
              "Area" : "UI",
              "Type" : "container",
              "AnimateExpandCollapse" : true,
              "TabHeight" : 36,
              "Id" : "container-69"
            }
          } ],
          "Properties" : {
            "Left" : 115,
            "IncludeSpacingInFixedAreas" : false,
            "ShowDataLoading" : true,
            "HeaderHeight" : 0,
            "PctRow4" : 0,
            "PctRow3" : 0,
            "PctRow2" : 50,
            "FooterHeight" : 0,
            "PctRow1" : 50,
            "PctRow8" : 0,
            "PctRow7" : 0,
            "PctRow6" : 0,
            "PctRow5" : 0,
            "LeftSidebar" : false,
            "RightSidebar" : true,
            "PctColumn5" : 1,
            "Visible" : true,
            "DisplayName" : "Layout-67",
            "PctColumn6" : 1,
            "PctColumn3" : 1,
            "PrintWidth" : 650,
            "PctColumn4" : 1,
            "PctColumn1" : 100,
            "PctColumn2" : 0,
            "PrintMarginTopBottom" : 0.5,
            "Rows" : 0,
            "RightSidebarWidth" : 500,
            "PrintMarginLeftRight" : 0.5,
            "PctColumn7" : 1,
            "PctColumn8" : 1,
            "ResponsiveLayout" : true,
            "Columns" : 1,
            "Z-index" : 10,
            "Spacing" : 2,
            "Orientation" : "horizontal",
            "__TypeDisplayName" : "Layout",
            "Area" : "UI",
            "Type" : "layout",
            "LeftSidebarWidth" : 0,
            "Header" : false,
            "Top" : 15,
            "IsPrintLayout" : false,
            "Footer" : false,
            "Id" : "Layout-67"
          }
        } ],
        "Properties" : {
          "MinHeight" : 0,
          "TabWidth" : 50,
          "BGImageRepeat" : "no-repeat",
          "ShowDataLoading" : true,
          "ShowExpandCollapseTab" : false,
          "ExpandCollapseTabLocation" : "outside",
          "Visible" : true,
          "DisplayName" : "Header",
          "TabCollapsedStyle" : "DefaultTabCollapsedStyle",
          "TabExpandStyle" : "DefaultTabExpandStyle",
          "Style" : "DefaultContainerStyle",
          "BGImageSize" : "auto",
          "OnTop" : false,
          "Overlay" : false,
          "Expanded" : true,
          "TabCollapseStyle" : "DefaultTabCollapseStyle",
          "OverlayIsTransparent" : false,
          "ResponsiveLayout" : true,
          "Z-index" : 10,
          "MinWidth" : 0,
          "TabOffset" : 0,
          "__TypeDisplayName" : "Container",
          "TabLocation" : "center",
          "Type" : "container",
          "Area" : "UI",
          "AnimateExpandCollapse" : true,
          "TabHeight" : 50,
          "Id" : "container-23",
          "TabExpandedStyle" : "DefaultTabExpandedStyle"
        }
      }, {
        "Widgets" : [ {
          "Widgets" : [ {
            "Widgets" : [ {
              "Widgets" : [ ],
              "Properties" : {
                "Left" : 0,
                "ListBackgroundStyle" : {
                  "image" : "",
                  "backgroundColor" : "",
                  "textSize" : "normal",
                  "lineStyle" : "solid",
                  "fontEmphasisUnderline" : false,
                  "displayString" : "",
                  "fontEmphasisItalic" : false,
                  "lineThickness" : 1,
                  "lineColor" : "",
                  "foregroundColor" : "",
                  "fontEmphasisBold" : false,
                  "secondaryBackgroundColor" : ""
                },
                "ShowDataLoading" : true,
                "Label" : "",
                "WidthOfDropdownView" : 110,
                "ListFormat" : {
                  "renderer" : "DEFAULT",
                  "formatInfo" : {
                    "StateFormats" : [ {
                      "comparator" : "==",
                      "stateName" : "Federation Server Connected",
                      "state" : "SubsystemRunningStyle",
                      "value" : "true"
                    }, {
                      "comparator" : "==",
                      "stateName" : "Federation Server Not Connected",
                      "state" : "SubsystemNotRunningStyle",
                      "value" : "false"
                    }, {
                      "stateName" : "",
                      "state" : "FederationUnknownStatus"
                    } ],
                    "StateDefinition" : "FederationConnectionStatus",
                    "StateDefinitionType" : "string",
                    "FieldName" : "isRunning"
                  },
                  "FormatString" : ""
                },
                "Alignment" : "left",
                "DropdownStyle" : "DefaultDropdownStyle",
                "DisplayField" : "friendlyName",
                "Visible" : true,
                "DisplayName" : "List-4",
                "Height" : 200,
                "ListItemSelectedStyle" : "DefaultListItemSelectedStyle",
                "ListFormat_StateParameters" : [ {
                  "DefaultValue" : "true",
                  "Description" : "Federation Server Connected",
                  "BaseType" : "STRING",
                  "ParameterName" : "ListFormat_Federation Server Connected"
                }, {
                  "DefaultValue" : "false",
                  "Description" : "Federation Server Not Connected",
                  "BaseType" : "STRING",
                  "ParameterName" : "ListFormat_Federation Server Not Connected"
                } ],
                "Width" : 110,
                "ValueField" : "name",
                "DropdownButtonStyle" : "DefaultDropdownButtonStyle",
                "ListLabelStyle" : "DefaultWidgetLabelStyle",
                "ListItemHoverStyle" : "DefaultListItemHoverStyle",
                "ClearIfNoSelection" : false,
                "MultiSelect" : false,
                "__supportsLabel" : true,
                "ResponsiveLayout" : true,
                "Z-index" : 10,
                "LabelAlignment" : "left",
                "HeightOfDropdownView" : 200,
                "View" : "list",
                "__TypeDisplayName" : "List",
                "ListItemStyle" : "DefaultListItemStyle",
                "RowHeight" : 28,
                "NumberOfItemsInDropdownView" : 6,
                "Type" : "dhxlist",
                "Area" : "UI",
                "Top" : 0,
                "DropdownSelectedStyle" : "DefaultDropdownSelectedStyle",
                "Id" : "List-4",
                "ListItemAlternateStyle" : "DefaultListItemAlternateStyle",
                "AutoSelectFirstRow" : true
              }
            } ],
            "Properties" : {
              "MinHeight" : 0,
              "TabWidth" : 50,
              "BGImageRepeat" : "no-repeat",
              "ShowDataLoading" : true,
              "ShowExpandCollapseTab" : false,
              "ExpandCollapseTabLocation" : "outside",
              "Visible" : true,
              "DisplayName" : "Left Sidebar",
              "TabCollapsedStyle" : "DefaultTabCollapsedStyle",
              "TabExpandStyle" : "DefaultTabExpandStyle",
              "Style" : "DefaultContainerStyle",
              "BGImageSize" : "auto",
              "OnTop" : false,
              "Overlay" : false,
              "Expanded" : true,
              "TabCollapseStyle" : "DefaultTabCollapseStyle",
              "OverlayIsTransparent" : false,
              "ResponsiveLayout" : true,
              "Z-index" : 10,
              "MinWidth" : 0,
              "TabOffset" : 0,
              "__TypeDisplayName" : "Container",
              "TabLocation" : "center",
              "Type" : "container",
              "Area" : "UI",
              "AnimateExpandCollapse" : true,
              "TabHeight" : 50,
              "Id" : "container-25",
              "TabExpandedStyle" : "DefaultTabExpandedStyle"
            }
          }, {
            "Widgets" : [ {
              "Widgets" : [ {
                "Widgets" : [ {
                  "Widgets" : [ {
                    "Widgets" : [ ],
                    "Properties" : {
                      "Left" : 10,
                      "CancelConfirmationButton" : "button2",
                      "ShowDataLoading" : true,
                      "Label" : "[[start]]",
                      "FocusStyle" : "DefaultButtonFocusStyle",
                      "TabSequence" : 0,
                      "ToolTipField" : "",
                      "IconAlignment" : "left",
                      "Visible" : true,
                      "DisplayName" : "Button-47",
                      "Style" : {
                        "image" : "StartSubsystemIcon",
                        "backgroundColor" : "#349fd6",
                        "textSize" : "normal",
                        "lineStyle" : "solid",
                        "fontEmphasisUnderline" : false,
                        "displayString" : "",
                        "fontEmphasisItalic" : false,
                        "lineThickness" : 1,
                        "lineColor" : "#01529a",
                        "foregroundColor" : "#ffffff",
                        "fontEmphasisBold" : true,
                        "secondaryBackgroundColor" : "#124ab5"
                      },
                      "Height" : 26,
                      "DisabledStyle" : "DefaultButtonDisabledStyle",
                      "ConfirmationTitle" : "[[confirmAction]]",
                      "Disabled" : false,
                      "Width" : 200,
                      "ResponsiveLayout" : false,
                      "ConfirmationPrompt" : "[[doAction]]",
                      "Z-index" : 10,
                      "ConfirmationButton1Label" : "[[confirmationOptionYes]]",
                      "RoundedCorners" : true,
                      "__TypeDisplayName" : "Button",
                      "HoverStyle" : "DefaultButtonHoverStyle",
                      "Type" : "button",
                      "Area" : "UI",
                      "Top" : 50,
                      "DefaultConfirmationButton" : "button1",
                      "ContextId" : "",
                      "ConfirmationRequired" : false,
                      "Id" : "Button-47",
                      "ConfirmationButton2Label" : "[[confirmationOptionNo]]",
                      "ActiveStyle" : "DefaultButtonActiveStyle"
                    }
                  }, {
                    "Widgets" : [ ],
                    "Properties" : {
                      "Description" : "",
                      "Left" : 243,
                      "CancelConfirmationButton" : "button2",
                      "ShowDataLoading" : true,
                      "Label" : "[[stop]]",
                      "FocusStyle" : "DefaultButtonFocusStyle",
                      "TabSequence" : 0,
                      "ToolTipField" : "",
                      "IconAlignment" : "left",
                      "Visible" : true,
                      "DisplayName" : "Button-48",
                      "Style" : {
                        "image" : "StopSubsystemIcon",
                        "backgroundColor" : "#349fd6",
                        "textSize" : "normal",
                        "lineStyle" : "solid",
                        "fontEmphasisUnderline" : false,
                        "displayString" : "",
                        "fontEmphasisItalic" : false,
                        "lineThickness" : 1,
                        "lineColor" : "#01529a",
                        "foregroundColor" : "#ffffff",
                        "fontEmphasisBold" : true,
                        "secondaryBackgroundColor" : "#124ab5"
                      },
                      "Height" : 26,
                      "DisabledStyle" : "DefaultButtonDisabledStyle",
                      "ConfirmationTitle" : "[[confirmAction]]",
                      "Disabled" : false,
                      "Width" : 200,
                      "ResponsiveLayout" : false,
                      "ConfirmationPrompt" : "[[doAction]]",
                      "Z-index" : 10,
                      "ConfirmationButton1Label" : "[[confirmationOptionYes]]",
                      "RoundedCorners" : true,
                      "__TypeDisplayName" : "Button",
                      "HoverStyle" : "DefaultButtonHoverStyle",
                      "Type" : "button",
                      "Area" : "UI",
                      "Top" : 50,
                      "DefaultConfirmationButton" : "button1",
                      "ContextId" : "",
                      "ConfirmationRequired" : false,
                      "Id" : "Button-48",
                      "ConfirmationButton2Label" : "[[confirmationOptionNo]]",
                      "ActiveStyle" : "DefaultButtonActiveStyle"
                    }
                  }, {
                    "Widgets" : [ ],
                    "Properties" : {
                      "Description" : "",
                      "Left" : 476,
                      "CancelConfirmationButton" : "button2",
                      "ShowDataLoading" : true,
                      "Label" : "[[restart]]",
                      "FocusStyle" : "DefaultButtonFocusStyle",
                      "TabSequence" : 0,
                      "ToolTipField" : "",
                      "IconAlignment" : "left",
                      "Visible" : true,
                      "DisplayName" : "Button-49",
                      "Style" : {
                        "image" : "RestartSubsystemIcon",
                        "backgroundColor" : "#349fd6",
                        "textSize" : "normal",
                        "lineStyle" : "solid",
                        "fontEmphasisUnderline" : false,
                        "displayString" : "",
                        "fontEmphasisItalic" : false,
                        "lineThickness" : 1,
                        "lineColor" : "#01529a",
                        "foregroundColor" : "#ffffff",
                        "fontEmphasisBold" : true,
                        "secondaryBackgroundColor" : "#124ab5"
                      },
                      "Height" : 26,
                      "DisabledStyle" : "DefaultButtonDisabledStyle",
                      "ConfirmationTitle" : "[[confirmAction]]",
                      "Disabled" : false,
                      "Width" : 200,
                      "ResponsiveLayout" : false,
                      "ConfirmationPrompt" : "[[doAction]]",
                      "Z-index" : 10,
                      "ConfirmationButton1Label" : "[[confirmationOptionYes]]",
                      "RoundedCorners" : true,
                      "__TypeDisplayName" : "Button",
                      "HoverStyle" : "DefaultButtonHoverStyle",
                      "Type" : "button",
                      "Area" : "UI",
                      "Top" : 50,
                      "DefaultConfirmationButton" : "button1",
                      "ContextId" : "",
                      "ConfirmationRequired" : false,
                      "Id" : "Button-49",
                      "ConfirmationButton2Label" : "[[confirmationOptionNo]]",
                      "ActiveStyle" : "DefaultButtonActiveStyle"
                    }
                  }, {
                    "Widgets" : [ ],
                    "Properties" : {
                      "TextIfNoValue" : "",
                      "Left" : 8,
                      "ShowDataLoading" : true,
                      "Label" : "",
                      "ValueDisplayLabelStyle" : "DefaultWidgetLabelStyle",
                      "TextIfNoValueOffset" : 0,
                      "Overflow" : "hidden",
                      "ToolTipField" : "",
                      "Alignment" : "left",
                      "TextIfNoValueStyle" : {
                        "image" : "",
                        "backgroundColor" : "",
                        "textSize" : "2xl",
                        "lineStyle" : "solid",
                        "fontEmphasisUnderline" : false,
                        "displayString" : "",
                        "fontEmphasisItalic" : false,
                        "lineThickness" : 1,
                        "lineColor" : "",
                        "foregroundColor" : "#808080",
                        "fontEmphasisBold" : false,
                        "secondaryBackgroundColor" : ""
                      },
                      "ImageScaling" : "width",
                      "Visible" : true,
                      "DisplayName" : "ValueDisplay-51",
                      "Height" : 30,
                      "VerticalAlignment" : "middle",
                      "Width" : 500,
                      "ValueDisplayStyle" : {
                        "image" : "",
                        "backgroundColor" : "",
                        "textSize" : "2xl",
                        "lineStyle" : "solid",
                        "fontEmphasisUnderline" : false,
                        "displayString" : "",
                        "fontEmphasisItalic" : false,
                        "lineThickness" : 1,
                        "lineColor" : "",
                        "foregroundColor" : "#808080",
                        "fontEmphasisBold" : false,
                        "secondaryBackgroundColor" : ""
                      },
                      "ValueFormat" : {
                        "renderer" : "STRING",
                        "FormatString" : "full"
                      },
                      "__supportsLabel" : true,
                      "ResponsiveLayout" : false,
                      "BackgroundFill" : "content",
                      "Z-index" : 10,
                      "LabelAlignment" : "left",
                      "ValueFormat_StateParameters" : [ ],
                      "__TypeDisplayName" : "Value Display",
                      "Type" : "valuedisplay",
                      "Area" : "UI",
                      "Top" : 12,
                      "Id" : "ValueDisplay-51",
                      "TextWrap" : true
                    }
                  }, {
                    "Widgets" : [ ],
                    "Properties" : {
                      "Left" : 710,
                      "CancelConfirmationButton" : "button2",
                      "ShowDataLoading" : true,
                      "Label" : "[[resetPerformanceMetrics]]",
                      "FocusStyle" : "DefaultButtonFocusStyle",
                      "TabSequence" : 0,
                      "ToolTipField" : "",
                      "IconAlignment" : "left",
                      "Visible" : true,
                      "DisplayName" : "Button-56",
                      "Style" : {
                        "image" : "DefaultRefreshIcon",
                        "backgroundColor" : "#349fd6",
                        "textSize" : "normal",
                        "lineStyle" : "solid",
                        "displayString" : "",
                        "fontEmphasisUnderline" : false,
                        "fontEmphasisItalic" : false,
                        "lineThickness" : 1,
                        "lineColor" : "#124ab5",
                        "foregroundColor" : "#ffffff",
                        "fontEmphasisBold" : true,
                        "secondaryBackgroundColor" : "#124ab5"
                      },
                      "Height" : 26,
                      "DisabledStyle" : "DefaultButtonDisabledStyle",
                      "ConfirmationTitle" : "[[confirmAction]]",
                      "Disabled" : false,
                      "Width" : 300,
                      "ResponsiveLayout" : false,
                      "ConfirmationPrompt" : "[[doAction]]",
                      "Z-index" : 10,
                      "ConfirmationButton1Label" : "[[confirmationOptionYes]]",
                      "RoundedCorners" : true,
                      "__TypeDisplayName" : "Button",
                      "HoverStyle" : "DefaultButtonHoverStyle",
                      "Type" : "button",
                      "Area" : "UI",
                      "Top" : 50,
                      "DefaultConfirmationButton" : "button1",
                      "ContextId" : "",
                      "ConfirmationRequired" : false,
                      "Id" : "Button-56",
                      "ConfirmationButton2Label" : "[[confirmationOptionNo]]",
                      "ActiveStyle" : "DefaultButtonActiveStyle"
                    }
                  }, {
                    "Widgets" : [ ],
                    "Properties" : {
                      "Left" : 10,
                      "ResponsiveLayout" : false,
                      "ShowDataLoading" : true,
                      "Z-index" : 10,
                      "__TypeDisplayName" : "Divider",
                      "Type" : "divider",
                      "Area" : "UI",
                      "Top" : 85,
                      "Visible" : true,
                      "DisplayName" : "Divider-58",
                      "Style" : {
                        "image" : "",
                        "backgroundColor" : "#d1d1d1",
                        "textSize" : "normal",
                        "lineStyle" : "solid",
                        "displayString" : "",
                        "fontEmphasisUnderline" : false,
                        "fontEmphasisItalic" : false,
                        "lineThickness" : 1,
                        "lineColor" : "",
                        "foregroundColor" : "",
                        "fontEmphasisBold" : false,
                        "secondaryBackgroundColor" : ""
                      },
                      "Height" : 4,
                      "Id" : "Divider-58",
                      "Width" : 1010
                    }
                  }, {
                    "Widgets" : [ ],
                    "Properties" : {
                      "TextIfNoValue" : "[[enabled]]",
                      "Left" : 30,
                      "ShowDataLoading" : true,
                      "Label" : "",
                      "ValueDisplayLabelStyle" : "DefaultWidgetLabelStyle",
                      "TextIfNoValueOffset" : 0,
                      "Overflow" : "hidden",
                      "ToolTipField" : "",
                      "Alignment" : "left",
                      "TextIfNoValueStyle" : {
                        "image" : "",
                        "backgroundColor" : "",
                        "textSize" : "xlarge",
                        "lineStyle" : "solid",
                        "displayString" : "",
                        "fontEmphasisUnderline" : false,
                        "fontEmphasisItalic" : false,
                        "lineThickness" : 1,
                        "lineColor" : "",
                        "foregroundColor" : "#666666",
                        "fontEmphasisBold" : false,
                        "secondaryBackgroundColor" : ""
                      },
                      "ImageScaling" : "width",
                      "Visible" : true,
                      "DisplayName" : "ValueDisplay-59",
                      "Height" : 30,
                      "VerticalAlignment" : "middle",
                      "Width" : 200,
                      "ValueDisplayStyle" : "DefaultValueDisplayStyle",
                      "__supportsLabel" : true,
                      "ResponsiveLayout" : false,
                      "BackgroundFill" : "content",
                      "Z-index" : 10,
                      "LabelAlignment" : "left",
                      "__TypeDisplayName" : "Value Display",
                      "Type" : "valuedisplay",
                      "Area" : "UI",
                      "Top" : 100,
                      "Id" : "ValueDisplay-59",
                      "TextWrap" : true
                    }
                  }, {
                    "Widgets" : [ ],
                    "Properties" : {
                      "TextIfNoValue" : "[[running]]",
                      "Left" : 260,
                      "ShowDataLoading" : true,
                      "Label" : "",
                      "ValueDisplayLabelStyle" : "DefaultWidgetLabelStyle",
                      "TextIfNoValueOffset" : 0,
                      "Overflow" : "hidden",
                      "ToolTipField" : "",
                      "Alignment" : "left",
                      "TextIfNoValueStyle" : {
                        "image" : "",
                        "backgroundColor" : "",
                        "textSize" : "xlarge",
                        "lineStyle" : "solid",
                        "displayString" : "",
                        "fontEmphasisUnderline" : false,
                        "fontEmphasisItalic" : false,
                        "lineThickness" : 1,
                        "lineColor" : "",
                        "foregroundColor" : "#666666",
                        "fontEmphasisBold" : false,
                        "secondaryBackgroundColor" : ""
                      },
                      "ImageScaling" : "width",
                      "Visible" : true,
                      "DisplayName" : "ValueDisplay-60",
                      "Height" : 30,
                      "VerticalAlignment" : "middle",
                      "Width" : 200,
                      "ValueDisplayStyle" : "DefaultValueDisplayStyle",
                      "__supportsLabel" : true,
                      "ResponsiveLayout" : false,
                      "BackgroundFill" : "content",
                      "Z-index" : 10,
                      "LabelAlignment" : "left",
                      "__TypeDisplayName" : "Value Display",
                      "Type" : "valuedisplay",
                      "Area" : "UI",
                      "Top" : 100,
                      "Id" : "ValueDisplay-60",
                      "TextWrap" : true
                    }
                  }, {
                    "Widgets" : [ ],
                    "Properties" : {
                      "TextIfNoValue" : "[[autoStart]]",
                      "Left" : 490,
                      "ShowDataLoading" : true,
                      "Label" : "",
                      "ValueDisplayLabelStyle" : "DefaultWidgetLabelStyle",
                      "TextIfNoValueOffset" : 0,
                      "Overflow" : "hidden",
                      "ToolTipField" : "",
                      "Alignment" : "left",
                      "TextIfNoValueStyle" : {
                        "image" : "",
                        "backgroundColor" : "",
                        "textSize" : "xlarge",
                        "lineStyle" : "solid",
                        "displayString" : "",
                        "fontEmphasisUnderline" : false,
                        "fontEmphasisItalic" : false,
                        "lineThickness" : 1,
                        "lineColor" : "",
                        "foregroundColor" : "#666666",
                        "fontEmphasisBold" : false,
                        "secondaryBackgroundColor" : ""
                      },
                      "ImageScaling" : "width",
                      "Visible" : true,
                      "DisplayName" : "ValueDisplay-61",
                      "Height" : 30,
                      "VerticalAlignment" : "middle",
                      "Width" : 250,
                      "ValueDisplayStyle" : "DefaultValueDisplayStyle",
                      "__supportsLabel" : true,
                      "ResponsiveLayout" : false,
                      "BackgroundFill" : "content",
                      "Z-index" : 10,
                      "LabelAlignment" : "left",
                      "__TypeDisplayName" : "Value Display",
                      "Type" : "valuedisplay",
                      "Area" : "UI",
                      "Top" : 100,
                      "Id" : "ValueDisplay-61",
                      "TextWrap" : true
                    }
                  }, {
                    "Widgets" : [ ],
                    "Properties" : {
                      "Left" : 10,
                      "ResponsiveLayout" : false,
                      "ShowDataLoading" : true,
                      "Z-index" : 10,
                      "FocusStyle" : "DefaultFocusStyle",
                      "TabSequence" : 0,
                      "__TypeDisplayName" : "Checkbox",
                      "ToolTipField" : "",
                      "Type" : "checkbox",
                      "Area" : "UI",
                      "Top" : 105,
                      "State" : false,
                      "Visible" : true,
                      "DisplayName" : "Checkbox-62",
                      "Style" : "DefaultCheckboxStyle",
                      "Prompt" : "",
                      "Height" : 20,
                      "Id" : "Checkbox-62",
                      "Disabled" : true,
                      "Width" : 20
                    }
                  }, {
                    "Widgets" : [ ],
                    "Properties" : {
                      "Left" : 240,
                      "ResponsiveLayout" : false,
                      "ShowDataLoading" : true,
                      "Z-index" : 10,
                      "FocusStyle" : "DefaultFocusStyle",
                      "TabSequence" : 0,
                      "__TypeDisplayName" : "Checkbox",
                      "ToolTipField" : "",
                      "Type" : "checkbox",
                      "Area" : "UI",
                      "Top" : 105,
                      "State" : false,
                      "Visible" : true,
                      "DisplayName" : "Checkbox-63",
                      "Style" : "DefaultCheckboxStyle",
                      "Prompt" : "",
                      "Height" : 20,
                      "Id" : "Checkbox-63",
                      "Disabled" : true,
                      "Width" : 20
                    }
                  }, {
                    "Widgets" : [ ],
                    "Properties" : {
                      "Left" : 470,
                      "ResponsiveLayout" : false,
                      "ShowDataLoading" : true,
                      "Z-index" : 10,
                      "FocusStyle" : "DefaultFocusStyle",
                      "TabSequence" : 0,
                      "__TypeDisplayName" : "Checkbox",
                      "ToolTipField" : "",
                      "Type" : "checkbox",
                      "Area" : "UI",
                      "Top" : 105,
                      "State" : false,
                      "Visible" : true,
                      "DisplayName" : "Checkbox-64",
                      "Style" : "DefaultCheckboxStyle",
                      "Prompt" : "",
                      "Height" : 20,
                      "Id" : "Checkbox-64",
                      "Disabled" : true,
                      "Width" : 20
                    }
                  } ],
                  "Properties" : {
                    "Left" : 185,
                    "HideScrollbars" : false,
                    "ResponsiveLayout" : true,
                    "ShowDataLoading" : true,
                    "Z-index" : 10,
                    "VerticalAnchor" : "top",
                    "__TypeDisplayName" : "Panel",
                    "HorizontalAnchor" : "left",
                    "Type" : "panel",
                    "Area" : "UI",
                    "Top" : 15,
                    "Visible" : true,
                    "DisplayName" : "Panel-46",
                    "Style" : {
                      "image" : "",
                      "backgroundColor" : "",
                      "textSize" : "normal",
                      "lineStyle" : "solid",
                      "displayString" : "",
                      "fontEmphasisUnderline" : false,
                      "fontEmphasisItalic" : false,
                      "lineThickness" : 0,
                      "lineColor" : "",
                      "foregroundColor" : "",
                      "fontEmphasisBold" : false,
                      "secondaryBackgroundColor" : ""
                    },
                    "Height" : 200,
                    "Id" : "Panel-46",
                    "Width" : 300
                  }
                } ],
                "Properties" : {
                  "MinHeight" : 0,
                  "TabWidth" : 50,
                  "BGImageRepeat" : "no-repeat",
                  "ShowDataLoading" : true,
                  "ShowExpandCollapseTab" : false,
                  "ExpandCollapseTabLocation" : "outside",
                  "Visible" : true,
                  "DisplayName" : "Header",
                  "TabCollapsedStyle" : "DefaultTabCollapsedStyle",
                  "TabExpandStyle" : "DefaultTabExpandStyle",
                  "Style" : {
                    "image" : "",
                    "backgroundColor" : "#ffffff",
                    "textSize" : "normal",
                    "lineStyle" : "solid",
                    "displayString" : "",
                    "fontEmphasisUnderline" : false,
                    "fontEmphasisItalic" : false,
                    "lineThickness" : 1,
                    "lineColor" : "",
                    "foregroundColor" : "",
                    "fontEmphasisBold" : false,
                    "secondaryBackgroundColor" : "#f2f2f2"
                  },
                  "BGImageSize" : "auto",
                  "OnTop" : false,
                  "Overlay" : false,
                  "Expanded" : true,
                  "TabCollapseStyle" : "DefaultTabCollapseStyle",
                  "OverlayIsTransparent" : false,
                  "ResponsiveLayout" : true,
                  "Z-index" : 10,
                  "MinWidth" : 0,
                  "TabOffset" : 0,
                  "__TypeDisplayName" : "Container",
                  "TabLocation" : "center",
                  "Type" : "container",
                  "Area" : "UI",
                  "AnimateExpandCollapse" : true,
                  "TabHeight" : 50,
                  "Id" : "container-29",
                  "TabExpandedStyle" : "DefaultTabExpandedStyle"
                }
              }, {
                "Widgets" : [ {
                  "Widgets" : [ ],
                  "Properties" : {
                    "Left" : 0,
                    "ResponsiveLayout" : true,
                    "ShowDataLoading" : true,
                    "MashupParameters" : [ {
                      "Description" : "",
                      "BaseType" : "STRING",
                      "ParmDef" : {
                        "name" : "subsystemName",
                        "aspects" : {
                          "ordinal" : "0"
                        },
                        "description" : "",
                        "baseType" : "STRING",
                        "ordinal" : 0
                      },
                      "ParameterName" : "subsystemName"
                    }, {
                      "Description" : "",
                      "BaseType" : "STRING",
                      "ParmDef" : {
                        "name" : "subsystemFriendlyName",
                        "aspects" : {
                          "ordinal" : "1"
                        },
                        "description" : "",
                        "baseType" : "STRING",
                        "ordinal" : 0
                      },
                      "ParameterName" : "subsystemFriendlyName"
                    } ],
                    "Z-index" : 10,
                    "Name" : "MonitoringSubsystemDefaultHomeMashup",
                    "__TypeDisplayName" : "Contained Mashup",
                    "Type" : "mashupcontainer",
                    "Area" : "UI",
                    "Top" : 0,
                    "TabSequenceGroup" : 0,
                    "Visible" : true,
                    "DisplayName" : "ContainedMashup-21",
                    "Height" : 300,
                    "Id" : "ContainedMashup-21",
                    "Width" : 400
                  }
                } ],
                "Properties" : {
                  "MinHeight" : 0,
                  "TabWidth" : 50,
                  "BGImageRepeat" : "no-repeat",
                  "ShowDataLoading" : true,
                  "ShowExpandCollapseTab" : false,
                  "ExpandCollapseTabLocation" : "outside",
                  "Visible" : true,
                  "DisplayName" : "Row 1",
                  "TabCollapsedStyle" : "DefaultTabCollapsedStyle",
                  "TabExpandStyle" : "DefaultTabExpandStyle",
                  "Style" : "DefaultContainerStyle",
                  "BGImageSize" : "auto",
                  "OnTop" : false,
                  "Overlay" : false,
                  "Expanded" : true,
                  "TabCollapseStyle" : "DefaultTabCollapseStyle",
                  "OverlayIsTransparent" : false,
                  "ResponsiveLayout" : true,
                  "Z-index" : 10,
                  "MinWidth" : 0,
                  "TabOffset" : 0,
                  "__TypeDisplayName" : "Container",
                  "TabLocation" : "center",
                  "Type" : "container",
                  "Area" : "UI",
                  "AnimateExpandCollapse" : true,
                  "TabHeight" : 50,
                  "Id" : "container-30",
                  "TabExpandedStyle" : "DefaultTabExpandedStyle"
                }
              } ],
              "Properties" : {
                "Left" : 135,
                "IncludeSpacingInFixedAreas" : false,
                "ShowDataLoading" : true,
                "HeaderHeight" : 150,
                "PctRow4" : 0,
                "PctRow3" : 0,
                "PctRow2" : 0,
                "PctRow1" : 100,
                "FooterHeight" : 0,
                "PctRow8" : 0,
                "PctRow7" : 0,
                "PctRow6" : 0,
                "PctRow5" : 0,
                "Visible" : true,
                "PctColumn5" : 1,
                "RightSidebar" : false,
                "DisplayName" : "Layout-28",
                "LeftSidebar" : false,
                "PctColumn6" : 1,
                "PrintWidth" : 650,
                "PctColumn3" : 1,
                "PctColumn4" : 1,
                "PctColumn1" : 50,
                "PctColumn2" : 50,
                "PrintMarginTopBottom" : 0.5,
                "Rows" : 1,
                "RightSidebarWidth" : 0,
                "PrintMarginLeftRight" : 0.5,
                "PctColumn7" : 1,
                "ResponsiveLayout" : true,
                "PctColumn8" : 1,
                "Columns" : 0,
                "Z-index" : 10,
                "Spacing" : 2,
                "Orientation" : "vertical",
                "__TypeDisplayName" : "Layout",
                "Type" : "layout",
                "Area" : "UI",
                "LeftSidebarWidth" : 0,
                "Header" : true,
                "Top" : 410,
                "IsPrintLayout" : false,
                "Footer" : false,
                "Id" : "Layout-28"
              }
            } ],
            "Properties" : {
              "MinHeight" : 0,
              "TabWidth" : 50,
              "BGImageRepeat" : "no-repeat",
              "ShowDataLoading" : true,
              "ShowExpandCollapseTab" : false,
              "ExpandCollapseTabLocation" : "outside",
              "Visible" : true,
              "DisplayName" : "Column 1",
              "TabCollapsedStyle" : "DefaultTabCollapsedStyle",
              "TabExpandStyle" : "DefaultTabExpandStyle",
              "Style" : "DefaultContainerStyle",
              "BGImageSize" : "auto",
              "OnTop" : false,
              "Overlay" : false,
              "Expanded" : true,
              "TabCollapseStyle" : "DefaultTabCollapseStyle",
              "OverlayIsTransparent" : false,
              "ResponsiveLayout" : true,
              "Z-index" : 10,
              "MinWidth" : 0,
              "TabOffset" : 0,
              "__TypeDisplayName" : "Container",
              "TabLocation" : "center",
              "Type" : "container",
              "Area" : "UI",
              "AnimateExpandCollapse" : true,
              "TabHeight" : 50,
              "Id" : "container-3",
              "TabExpandedStyle" : "DefaultTabExpandedStyle"
            }
          } ],
          "Properties" : {
            "Left" : 405,
            "IncludeSpacingInFixedAreas" : false,
            "ShowDataLoading" : true,
            "HeaderHeight" : 0,
            "PctRow4" : 0,
            "PctRow3" : 0,
            "PctRow2" : 50,
            "PctRow1" : 50,
            "FooterHeight" : 0,
            "PctRow8" : 0,
            "PctRow7" : 0,
            "PctRow6" : 0,
            "PctRow5" : 0,
            "Visible" : true,
            "PctColumn5" : 1,
            "RightSidebar" : false,
            "DisplayName" : "Layout-1",
            "LeftSidebar" : true,
            "PctColumn6" : 1,
            "PrintWidth" : 650,
            "PctColumn3" : 1,
            "PctColumn4" : 1,
            "PctColumn1" : 100,
            "PctColumn2" : 0,
            "PrintMarginTopBottom" : 0.5,
            "Rows" : 0,
            "RightSidebarWidth" : 0,
            "PrintMarginLeftRight" : 0.5,
            "PctColumn7" : 1,
            "ResponsiveLayout" : true,
            "PctColumn8" : 1,
            "Columns" : 1,
            "Z-index" : 10,
            "Spacing" : 2,
            "Orientation" : "horizontal",
            "__TypeDisplayName" : "Layout",
            "Type" : "layout",
            "Area" : "UI",
            "LeftSidebarWidth" : 200,
            "Header" : false,
            "Top" : 335,
            "IsPrintLayout" : false,
            "Footer" : false,
            "Id" : "Layout-1"
          }
        } ],
        "Properties" : {
          "MinHeight" : 0,
          "TabWidth" : 50,
          "BGImageRepeat" : "no-repeat",
          "ShowDataLoading" : true,
          "ShowExpandCollapseTab" : false,
          "ExpandCollapseTabLocation" : "outside",
          "Visible" : true,
          "DisplayName" : "Row 1",
          "TabCollapsedStyle" : "DefaultTabCollapsedStyle",
          "TabExpandStyle" : "DefaultTabExpandStyle",
          "Style" : "DefaultContainerStyle",
          "BGImageSize" : "auto",
          "OnTop" : false,
          "Overlay" : false,
          "Expanded" : true,
          "TabCollapseStyle" : "DefaultTabCollapseStyle",
          "OverlayIsTransparent" : false,
          "ResponsiveLayout" : true,
          "Z-index" : 10,
          "MinWidth" : 0,
          "TabOffset" : 0,
          "__TypeDisplayName" : "Container",
          "TabLocation" : "center",
          "Type" : "container",
          "Area" : "UI",
          "AnimateExpandCollapse" : true,
          "TabHeight" : 50,
          "Id" : "container-24",
          "TabExpandedStyle" : "DefaultTabExpandedStyle"
        }
      } ],
      "Properties" : {
        "Left" : 140,
        "IncludeSpacingInFixedAreas" : false,
        "ShowDataLoading" : true,
        "HeaderHeight" : 44,
        "PctRow4" : 0,
        "PctRow3" : 0,
        "PctRow2" : 0,
        "PctRow1" : 100,
        "FooterHeight" : 0,
        "PctRow8" : 0,
        "PctRow7" : 0,
        "PctRow6" : 0,
        "PctRow5" : 0,
        "Visible" : true,
        "PctColumn5" : 1,
        "RightSidebar" : false,
        "DisplayName" : "Layout-22",
        "LeftSidebar" : false,
        "PctColumn6" : 1,
        "PrintWidth" : 650,
        "PctColumn3" : 1,
        "PctColumn4" : 1,
        "PctColumn1" : 50,
        "PctColumn2" : 50,
        "PrintMarginTopBottom" : 0.5,
        "Rows" : 1,
        "RightSidebarWidth" : 0,
        "PrintMarginLeftRight" : 0.5,
        "PctColumn7" : 1,
        "ResponsiveLayout" : true,
        "PctColumn8" : 1,
        "Columns" : 0,
        "Z-index" : 10,
        "Spacing" : 2,
        "Orientation" : "vertical",
        "__TypeDisplayName" : "Layout",
        "Type" : "layout",
        "Area" : "UI",
        "LeftSidebarWidth" : 0,
        "Header" : true,
        "Top" : 140,
        "IsPrintLayout" : false,
        "Footer" : false,
        "Id" : "Layout-22"
      }
    } ],
    "Properties" : {
      "MinHeight" : 0,
      "Left" : 0,
      "BGImageRepeat" : "no-repeat",
      "ShowDataLoading" : true,
      "AddToDashboardButtonStyle" : "DefaultAddToDashboardButtonStyle",
      "id_index" : 73,
      "supportsAutoResize" : true,
      "Visible" : true,
      "DisplayName" : "Mashup",
      "Style" : {
        "image" : "",
        "backgroundColor" : "",
        "textSize" : "normal",
        "lineStyle" : "solid",
        "fontEmphasisUnderline" : false,
        "displayString" : "",
        "fontEmphasisItalic" : false,
        "lineThickness" : 1,
        "lineColor" : "",
        "foregroundColor" : "",
        "fontEmphasisBold" : false,
        "secondaryBackgroundColor" : ""
      },
      "BGImageSize" : "auto",
      "Height" : 618,
      "_currentParameterDefs" : [ {
        "Description" : "",
        "BaseType" : "STRING",
        "ParameterName" : "subsystemName"
      } ],
      "Width" : 1024,
      "TitleBar" : false,
      "Rows" : 0,
      "ConfigureGadgetButtonStyle" : "DefaultConfigureGadgetButtonStyle",
      "TitleBarStyle" : "DefaultTitleBarStyle",
      "ResponsiveLayout" : true,
      "Z-index" : 10,
      "Title" : "",
      "Columns" : 0,
      "TitleBarText" : "Gadget Title Here",
      "MinWidth" : 0,
      "__TypeDisplayName" : "Mashup",
      "EnableParameterEditing" : false,
      "Master" : "ThingWorxMonitor",
      "Type" : "mashup",
      "Area" : "Mashup",
      "Top" : 0,
      "IsPrintLayout" : false,
      "Id" : "mashup-root",
      "MashupToEditGadget" : "DefaultMashupToEditGadget",
      "IgnoreWarningsInViewMashup" : false
    }
  },
  "mashupType" : "mashup",
  "Events" : [ {
    "EventTriggerArea" : "Mashup",
    "EventHandlerService" : "GetSubsystemStatus",
    "EventTriggerSection" : "",
    "EventHandlerId" : "Resources_SubsystemMonitoring",
    "EventTriggerEvent" : "Loaded",
    "Id" : "c61fa1de-5a8b-4cb3-867a-0fd4b8811973",
    "EventTriggerId" : "mashup-root",
    "EventHandlerArea" : "Data"
  }, {
    "EventTriggerArea" : "Data",
    "EventHandlerService" : "GetHomeMashup",
    "EventTriggerSection" : "Resources_SubsystemMonitoring",
    "EventHandlerId" : "DynamicSubsystems_FederationSubsystem",
    "EventTriggerEvent" : "SelectedRowsChanged",
    "Id" : "9b4becdf-b28b-45eb-8b70-7deb09ba79b3",
    "EventTriggerId" : "GetSubsystemStatus",
    "EventHandlerArea" : "Data"
  }, {
    "EventTriggerArea" : "Data",
    "EventHandlerService" : "Refresh",
    "EventTriggerSection" : "Resources_SubsystemMonitoring",
    "EventHandlerId" : "ContainedMashup-21",
    "EventTriggerEvent" : "SelectedRowsChanged",
    "Id" : "0a2bc04d-4dfc-4fe3-8490-90d441d9d486",
    "EventTriggerId" : "GetSubsystemStatus",
    "EventHandlerArea" : "UI"
  }, {
    "EventTriggerArea" : "UI",
    "EventHandlerService" : "Start",
    "EventTriggerSection" : "",
    "EventHandlerId" : "DynamicSubsystems_UserManagementSubsystem",
    "EventTriggerEvent" : "Clicked",
    "Id" : "f16b1821-c4f0-4716-84c9-07a7c1276377",
    "EventTriggerId" : "Button-47",
    "EventHandlerArea" : "Data"
  }, {
    "EventTriggerArea" : "UI",
    "EventHandlerService" : "Stop",
    "EventTriggerSection" : "",
    "EventHandlerId" : "DynamicSubsystems_UserManagementSubsystem",
    "EventTriggerEvent" : "Clicked",
    "Id" : "2ed7eb1b-50d2-4aeb-a10d-b5fe121defba",
    "EventTriggerId" : "Button-48",
    "EventHandlerArea" : "Data"
  }, {
    "EventTriggerArea" : "UI",
    "EventHandlerService" : "Restart",
    "EventTriggerSection" : "",
    "EventHandlerId" : "DynamicSubsystems_UserManagementSubsystem",
    "EventTriggerEvent" : "Clicked",
    "Id" : "6e66d13e-1509-42c7-8e85-67e00fea1dea",
    "EventTriggerId" : "Button-49",
    "EventHandlerArea" : "Data"
  }, {
    "EventTriggerArea" : "UI",
    "EventHandlerService" : "ResetPerformanceMetrics",
    "EventTriggerSection" : "",
    "EventHandlerId" : "DynamicSubsystems_UserManagementSubsystem",
    "EventTriggerEvent" : "Clicked",
    "Id" : "e9e33c4a-c20b-4424-87a7-16ef0bd4defe",
    "EventTriggerId" : "Button-56",
    "EventHandlerArea" : "Data"
  }, {
    "EventTriggerArea" : "Data",
    "EventHandlerService" : "GetSubsystemStatus",
    "EventTriggerSection" : "DynamicSubsystems_UserManagementSubsystem",
    "EventHandlerId" : "Resources_SubsystemMonitoring",
    "EventTriggerEvent" : "ServiceInvokeCompleted",
    "Id" : "f44914b6-0f3b-47b6-bf88-14ecb5d5177c",
    "EventTriggerId" : "Restart",
    "EventHandlerArea" : "Data"
  }, {
    "EventTriggerArea" : "Data",
    "EventHandlerService" : "GetSubsystemStatus",
    "EventTriggerSection" : "DynamicSubsystems_UserManagementSubsystem",
    "EventHandlerId" : "Resources_SubsystemMonitoring",
    "EventTriggerEvent" : "ServiceInvokeCompleted",
    "Id" : "ab115c30-3601-4a31-88d0-1f1a6091b858",
    "EventTriggerId" : "Start",
    "EventHandlerArea" : "Data"
  }, {
    "EventTriggerArea" : "Data",
    "EventHandlerService" : "GetSubsystemStatus",
    "EventTriggerSection" : "DynamicSubsystems_UserManagementSubsystem",
    "EventHandlerId" : "Resources_SubsystemMonitoring",
    "EventTriggerEvent" : "ServiceInvokeCompleted",
    "Id" : "72f2bedb-4e42-4ee9-ad53-bc3a3fe995dd",
    "EventTriggerId" : "Stop",
    "EventHandlerArea" : "Data"
  }, {
    "EventTriggerArea" : "Data",
    "EventHandlerService" : "Refresh",
    "EventTriggerSection" : "DynamicSubsystems_UserManagementSubsystem",
    "EventHandlerId" : "ContainedMashup-21",
    "EventTriggerEvent" : "ServiceInvokeCompleted",
    "Id" : "c2629d93-acb4-4cb6-8f07-ec543235168d",
    "EventTriggerId" : "ResetPerformanceMetrics",
    "EventHandlerArea" : "UI"
  }, {
    "EventTriggerArea" : "UI",
    "EventHandlerService" : "GetSubsystemStatus",
    "EventTriggerSection" : "",
    "EventHandlerId" : "Resources_SubsystemMonitoring",
    "EventTriggerEvent" : "Refresh",
    "Id" : "64b4ca92-488e-4c09-8cbc-5082bd2893c3",
    "EventTriggerId" : "AutoRefresh-55",
    "EventHandlerArea" : "Data"
  } ],
  "DataBindings" : [ {
    "SourceArea" : "Data",
    "TargetArea" : "UI",
    "TargetSection" : "",
    "SourceId" : "GetSubsystemStatus",
    "SourceSection" : "Resources_SubsystemMonitoring",
    "Id" : "4fcc4cde-0dee-4085-8b49-8fe80cfea1db",
    "PropertyMaps" : [ {
      "SourcePropertyType" : "InfoTable",
      "TargetProperty" : "Data",
      "TargetPropertyType" : "property",
      "SourcePropertyBaseType" : "INFOTABLE",
      "TargetPropertyBaseType" : "INFOTABLE",
      "SourceProperty" : ""
    } ],
    "SourceDetails" : "AllData",
    "TargetId" : "List-4"
  }, {
    "SourceArea" : "Mashup",
    "TargetArea" : "UI",
    "TargetSection" : "",
    "SourceId" : "mashup-root",
    "SourceSection" : "",
    "Id" : "7a7bf245-e5c1-4410-a542-66f5e5043e44",
    "PropertyMaps" : [ {
      "TargetProperty" : "SelectedText",
      "SourcePropertyBaseType" : "STRING",
      "TargetPropertyBaseType" : "STRING",
      "SourceProperty" : "subsystemName"
    } ],
    "TargetId" : "List-4"
  }, {
    "SourceArea" : "Data",
    "TargetArea" : "Data",
    "TargetSection" : "DynamicSubsystems_FederationSubsystem",
    "SourceId" : "GetSubsystemStatus",
    "SourceSection" : "Resources_SubsystemMonitoring",
    "Id" : "79cc1389-d62e-4b6f-899a-500d91d43b40",
    "PropertyMaps" : [ {
      "TargetProperty" : "value",
      "TargetPropertyType" : "Entity",
      "SourcePropertyBaseType" : "STRING",
      "TargetPropertyBaseType" : "THINGNAME",
      "SourceProperty" : "name"
    } ],
    "SourceDetails" : "SelectedRows",
    "TargetId" : "EntityName"
  }, {
    "SourceArea" : "Data",
    "TargetArea" : "UI",
    "TargetSection" : "",
    "SourceId" : "GetSubsystemStatus",
    "SourceSection" : "Resources_SubsystemMonitoring",
    "Id" : "0476f3e8-1dfc-4c89-a2ed-031234c2ccee",
    "PropertyMaps" : [ {
      "SourcePropertyType" : "Field",
      "TargetProperty" : "subsystemName",
      "TargetPropertyType" : "property",
      "SourcePropertyBaseType" : "STRING",
      "TargetPropertyBaseType" : "STRING",
      "SourceProperty" : "name"
    } ],
    "SourceDetails" : "SelectedRows",
    "TargetId" : "ContainedMashup-21"
  }, {
    "SourceArea" : "Data",
    "TargetArea" : "UI",
    "TargetSection" : "",
    "SourceId" : "GetSubsystemStatus",
    "SourceSection" : "Resources_SubsystemMonitoring",
    "Id" : "9dee8369-f0fc-4196-b347-59d7c56f37d2",
    "PropertyMaps" : [ {
      "SourcePropertyType" : "Field",
      "TargetProperty" : "subsystemFriendlyName",
      "TargetPropertyType" : "property",
      "SourcePropertyBaseType" : "STRING",
      "TargetPropertyBaseType" : "STRING",
      "SourceProperty" : "friendlyName"
    } ],
    "SourceDetails" : "SelectedRows",
    "TargetId" : "ContainedMashup-21"
  }, {
    "SourceArea" : "Data",
    "TargetArea" : "UI",
    "TargetSection" : "",
    "SourceId" : "GetHomeMashup",
    "SourceSection" : "DynamicSubsystems_FederationSubsystem",
    "Id" : "a468d583-d698-4bfe-80d0-bcfd5a36fdcb",
    "PropertyMaps" : [ {
      "SourcePropertyType" : "Field",
      "TargetProperty" : "Name",
      "TargetPropertyType" : "property",
      "SourcePropertyBaseType" : "MASHUPNAME",
      "TargetPropertyBaseType" : "MASHUPNAME",
      "SourceProperty" : "HomeMashup"
    } ],
    "SourceDetails" : "AllData",
    "TargetId" : "ContainedMashup-21"
  }, {
    "SourceArea" : "Data",
    "TargetArea" : "Data",
    "TargetSection" : "DynamicSubsystems_UserManagementSubsystem",
    "SourceId" : "GetSubsystemStatus",
    "SourceSection" : "Resources_SubsystemMonitoring",
    "Id" : "00973cf3-3bf1-4952-800b-e3edaa387aaf",
    "PropertyMaps" : [ {
      "TargetProperty" : "value",
      "TargetPropertyType" : "Entity",
      "SourcePropertyBaseType" : "STRING",
      "TargetPropertyBaseType" : "THINGNAME",
      "SourceProperty" : "name"
    } ],
    "SourceDetails" : "SelectedRows",
    "TargetId" : "EntityName"
  }, {
    "SourceArea" : "Data",
    "TargetArea" : "UI",
    "TargetSection" : "",
    "SourceId" : "GetSubsystemStatus",
    "SourceSection" : "Resources_SubsystemMonitoring",
    "Id" : "6db46423-d637-4f2d-8ac7-b4e19b5f81f9",
    "PropertyMaps" : [ {
      "SourcePropertyType" : "Field",
      "TargetProperty" : "Data",
      "TargetPropertyType" : "property",
      "SourcePropertyBaseType" : "STRING",
      "TargetPropertyBaseType" : "ANYSCALAR",
      "SourceProperty" : "friendlyName"
    } ],
    "SourceDetails" : "SelectedRows",
    "TargetId" : "ValueDisplay-51"
  }, {
    "SourceArea" : "Data",
    "TargetArea" : "UI",
    "TargetSection" : "",
    "SourceId" : "GetSubsystemStatus",
    "SourceSection" : "Resources_SubsystemMonitoring",
    "Id" : "1758fbe2-771e-4ae7-b893-4d7b660ef51c",
    "PropertyMaps" : [ {
      "SourcePropertyType" : "Field",
      "TargetProperty" : "State",
      "TargetPropertyType" : "property",
      "SourcePropertyBaseType" : "BOOLEAN",
      "TargetPropertyBaseType" : "BOOLEAN",
      "SourceProperty" : "autoStart"
    } ],
    "SourceDetails" : "SelectedRows",
    "TargetId" : "Checkbox-64"
  }, {
    "SourceArea" : "Data",
    "TargetArea" : "UI",
    "TargetSection" : "",
    "SourceId" : "GetSubsystemStatus",
    "SourceSection" : "Resources_SubsystemMonitoring",
    "Id" : "4473cc32-aa59-489e-85a6-b4f9f25c802d",
    "PropertyMaps" : [ {
      "SourcePropertyType" : "Field",
      "TargetProperty" : "State",
      "TargetPropertyType" : "property",
      "SourcePropertyBaseType" : "BOOLEAN",
      "TargetPropertyBaseType" : "BOOLEAN",
      "SourceProperty" : "enabled"
    } ],
    "SourceDetails" : "SelectedRows",
    "TargetId" : "Checkbox-62"
  }, {
    "SourceArea" : "Data",
    "TargetArea" : "UI",
    "TargetSection" : "",
    "SourceId" : "GetSubsystemStatus",
    "SourceSection" : "Resources_SubsystemMonitoring",
    "Id" : "f8a7487e-ba37-4b76-8608-a8c57a342544",
    "PropertyMaps" : [ {
      "SourcePropertyType" : "Field",
      "TargetProperty" : "State",
      "TargetPropertyType" : "property",
      "SourcePropertyBaseType" : "BOOLEAN",
      "TargetPropertyBaseType" : "BOOLEAN",
      "SourceProperty" : "isRunning"
    } ],
    "SourceDetails" : "SelectedRows",
    "TargetId" : "Checkbox-63"
  } ],
  "Data" : {
    "Resources_SubsystemMonitoring" : {
      "EntityType" : "Resources",
      "Services" : [ {
        "Target" : "GetSubsystemStatus",
        "Parameters" : { },
        "APIMethod" : "post",
        "Characteristic" : "Services",
        "RefreshInterval" : 0,
        "Id" : "2a7553fc-56da-4364-a4fd-471440c470e4",
        "Name" : "GetSubsystemStatus"
      } ],
      "EntityName" : "SubsystemMonitoring",
      "Id" : "29f66150-4923-42e8-8d86-f7881e89d6bf",
      "DataName" : "Resources_SubsystemMonitoring"
    },
    "DynamicSubsystems_FederationSubsystem" : {
      "EntityType" : "DynamicSubsystems",
      "Services" : [ {
        "Target" : "GetHomeMashup",
        "Parameters" : { },
        "APIMethod" : "post",
        "Characteristic" : "Services",
        "RefreshInterval" : 0,
        "Id" : "6d7eca6b-c9ff-4b05-a904-83d9eb1554d8",
        "Name" : "GetHomeMashup"
      } ],
      "EntityName" : "FederationSubsystem",
      "Id" : "849cd99b-bef5-4e98-a00c-958cad9fb202",
      "DataName" : "DynamicSubsystems_FederationSubsystem"
    },
    "DynamicSubsystems_UserManagementSubsystem" : {
      "EntityType" : "DynamicSubsystems",
      "Services" : [ {
        "Target" : "Restart",
        "Parameters" : { },
        "APIMethod" : "post",
        "Characteristic" : "Services",
        "RefreshInterval" : 0,
        "Id" : "16b76dc0-3e00-4549-887d-d7d4f0d7f95d",
        "Properties" : {
          "CustomSuccessMessage" : "Subsystem successfully restarted.",
          "CustomErrorMessage" : "Subsystem was unable to be restarted.",
          "ShowSuccessMessage" : true,
          "ShowErrorMessage" : true
        },
        "Name" : "Restart"
      }, {
        "Target" : "Start",
        "Parameters" : { },
        "APIMethod" : "post",
        "Characteristic" : "Services",
        "RefreshInterval" : 0,
        "Id" : "a2bc26cd-11c2-4709-832b-4624c5c6ec81",
        "Properties" : {
          "CustomSuccessMessage" : "Subsystem successfully started.",
          "CustomErrorMessage" : "Subsystem was unable to be started.",
          "ShowSuccessMessage" : true,
          "ShowErrorMessage" : true
        },
        "Name" : "Start"
      }, {
        "Target" : "Stop",
        "Parameters" : { },
        "APIMethod" : "post",
        "Characteristic" : "Services",
        "RefreshInterval" : 0,
        "Id" : "ab45deb4-65a9-44c4-92bb-b2dba8975fbe",
        "Properties" : {
          "CustomSuccessMessage" : "Subsystem successfully stopped.",
          "CustomErrorMessage" : "Subsystem was unable to be stopped.",
          "ShowSuccessMessage" : true,
          "ShowErrorMessage" : true
        },
        "Name" : "Stop"
      }, {
        "Target" : "ResetPerformanceMetrics",
        "Parameters" : { },
        "APIMethod" : "post",
        "Characteristic" : "Services",
        "RefreshInterval" : 0,
        "Id" : "90d8b922-73b1-43c5-9558-e24ce12d5a83",
        "Properties" : {
          "CustomSuccessMessage" : "Performance Metrics successfully reset.",
          "CustomErrorMessage" : "Performance Metrics was unable to be reset.",
          "ShowSuccessMessage" : true,
          "ShowErrorMessage" : true
        },
        "Name" : "ResetPerformanceMetrics"
      } ],
      "EntityName" : "UserManagementSubsystem",
      "Id" : "5df7ea1f-e42e-4149-9652-d749efc4bd0a",
      "DataName" : "DynamicSubsystems_UserManagementSubsystem"
    },
    "UserExtensions" : {
      "EntityType" : "UserExtensions",
      "Services" : [ {
        "Target" : "GetCurrentUserExtensionProperties",
        "Parameters" : { },
        "APIMethod" : "post",
        "Characteristic" : "Services",
        "RefreshInterval" : 0,
        "Id" : "UserExtensionInterface",
        "Name" : "GetCurrentUserExtensionProperties"
      } ],
      "EntityName" : "",
      "Id" : "UserExtensions",
      "DataName" : "UserExtensions"
    },
    "Session" : {
      "EntityType" : "Session",
      "Services" : [ {
        "Target" : "GetGlobalSessionValues",
        "Parameters" : { },
        "APIMethod" : "post",
        "Characteristic" : "Services",
        "RefreshInterval" : 0,
        "Id" : "SessionInterface",
        "Name" : "GetGlobalSessionValues"
      } ],
      "EntityName" : "",
      "Id" : "session",
      "DataName" : "Session"
    }
  },
  "DesignTimePermissions" : { }
}]]></mashupContent>
            <ConfigurationChanges>
                <ConfigurationChange changeAction="CREATE" changeReason="" timestamp="2017-09-22T13:52:31.597Z" user="SuperUser"/>
            </ConfigurationChanges>
        </Mashup>
    </Mashups>
</Entities>
