<?xml version="1.0" encoding="UTF-8" standalone="no"?>
<Entities>
    <Mashups>
        <Mashup aspect.isResponsive="true" aspect.isSystemObject="true" aspect.mashupType="mashup" columns="0.0" description="Connector Monitoring Mashup" documentationContent="" homeMashup="" lastModifiedDate="2017-09-22T13:52:31.482Z" name="MonitoringConnectorStatus" projectName="" rows="0.0" tags="">
            <Owner name="SuperUser" type="User"/>
            <avatar/>
            <DesignTimePermissions>
                <Create/>
                <Read/>
                <Update/>
                <Delete/>
                <Metadata/>
            </DesignTimePermissions>
            <RunTimePermissions/>
            <VisibilityPermissions>
                <Visibility/>
            </VisibilityPermissions>
            <ConfigurationTables/>
            <ParameterDefinitions/>
            <Things/>
            <ThingShapes/>
            <ThingTemplates>
                <ThingTemplate>GenericConnector</ThingTemplate>
            </ThingTemplates>
            <mashupContent><![CDATA[{
  "RunTimePermissions" : { },
  "UI" : {
    "Widgets" : [ {
      "Widgets" : [ {
        "Widgets" : [ {
          "Widgets" : [ {
            "Widgets" : [ {
              "Widgets" : [ {
                "Widgets" : [ ],
                "Properties" : {
                  "TextIfNoValue" : "[[connectorThings]]",
                  "Left" : 10,
                  "ShowDataLoading" : true,
                  "Label" : "",
                  "ValueDisplayLabelStyle" : "DefaultWidgetLabelStyle",
                  "TextIfNoValueOffset" : 0,
                  "Overflow" : "hidden",
                  "ToolTipField" : "",
                  "Alignment" : "left",
                  "TextIfNoValueStyle" : {
                    "image" : "",
                    "backgroundColor" : "",
                    "textSize" : "2xl",
                    "lineStyle" : "solid",
                    "displayString" : "",
                    "fontEmphasisUnderline" : false,
                    "fontEmphasisItalic" : false,
                    "lineThickness" : 1,
                    "lineColor" : "",
                    "foregroundColor" : "#333333",
                    "fontEmphasisBold" : false,
                    "secondaryBackgroundColor" : ""
                  },
                  "ImageScaling" : "width",
                  "Visible" : true,
                  "DisplayName" : "ValueDisplay-55",
                  "Height" : 30,
                  "VerticalAlignment" : "middle",
                  "Width" : 300,
                  "ValueDisplayStyle" : "DefaultValueDisplayStyle",
                  "__supportsLabel" : true,
                  "ResponsiveLayout" : false,
                  "BackgroundFill" : "content",
                  "Z-index" : 10,
                  "LabelAlignment" : "left",
                  "__TypeDisplayName" : "Value Display",
                  "Type" : "valuedisplay",
                  "Area" : "UI",
                  "Top" : 0,
                  "Id" : "ValueDisplay-55",
                  "TextWrap" : true
                }
              } ],
              "Properties" : {
                "Left" : 25,
                "HideScrollbars" : false,
                "ResponsiveLayout" : true,
                "ShowDataLoading" : true,
                "Z-index" : 10,
                "VerticalAnchor" : "top",
                "__TypeDisplayName" : "Panel",
                "HorizontalAnchor" : "left",
                "Type" : "panel",
                "Area" : "UI",
                "Top" : 5,
                "Visible" : true,
                "DisplayName" : "Panel-17",
                "Style" : {
                  "image" : "",
                  "backgroundColor" : "",
                  "textSize" : "normal",
                  "lineStyle" : "solid",
                  "displayString" : "",
                  "fontEmphasisUnderline" : false,
                  "fontEmphasisItalic" : false,
                  "lineThickness" : 1,
                  "lineColor" : "",
                  "foregroundColor" : "",
                  "fontEmphasisBold" : false,
                  "secondaryBackgroundColor" : ""
                },
                "Height" : 200,
                "Id" : "Panel-17",
                "Width" : 300
              }
            } ],
            "Properties" : {
              "MinHeight" : 0,
              "TabWidth" : 36,
              "BGImageRepeat" : "no-repeat",
              "ShowDataLoading" : true,
              "ShowExpandCollapseTab" : false,
              "ExpandCollapseTabLocation" : "outside",
              "TabExpandStyle" : "DefaultTabExpandStyle",
              "Visible" : true,
              "DisplayName" : "Column 1",
              "Style" : "DefaultContainerStyle",
              "BGImageSize" : "auto",
              "Overlay" : false,
              "Expanded" : true,
              "TabCollapseStyle" : "DefaultTabCollapseStyle",
              "OverlayIsTransparent" : false,
              "ResponsiveLayout" : true,
              "Z-index" : 10,
              "TabOffset" : 0,
              "MinWidth" : 0,
              "__TypeDisplayName" : "Container",
              "TabLocation" : "center",
              "Area" : "UI",
              "Type" : "container",
              "AnimateExpandCollapse" : true,
              "TabHeight" : 36,
              "Id" : "container-101"
            }
          }, {
            "Widgets" : [ {
              "Widgets" : [ {
                "Widgets" : [ ],
                "Properties" : {
                  "AutoRefreshTabSequence" : 0,
                  "Left" : 210,
                  "ShowDataLoading" : true,
                  "Label" : "[[refreshNow]]",
                  "FocusStyle" : "DefaultButtonFocusStyle",
                  "ShowControls" : true,
                  "RefreshToggleStyleOff" : "DefaultAutoRefreshToggleOffStyle",
                  "IconAlignment" : "left",
                  "Visible" : true,
                  "RefreshInterval" : 30,
                  "DisplayName" : "AutoRefresh-68",
                  "Style" : "DefaultAutoRefreshStyle",
                  "Height" : 28,
                  "Width" : 270,
                  "RefreshToggleStyle" : "DefaultAutoRefreshToggleStyle",
                  "ResponsiveLayout" : false,
                  "RefreshToggleSliderStyle" : "DefaultAutoRefreshToggleSliderStyle",
                  "RefreshNowTabSequence" : 0,
                  "Z-index" : 10,
                  "RefreshToggleLabelOff" : "[[off]]",
                  "__TypeDisplayName" : "Auto Refresh",
                  "RefreshToggleLabel" : "[[on]]",
                  "HoverStyle" : "DefaultButtonHoverStyle",
                  "Type" : "autorefresh",
                  "Area" : "UI",
                  "Top" : 3,
                  "Id" : "AutoRefresh-68",
                  "ActiveStyle" : "DefaultButtonActiveStyle",
                  "AutoRefresh" : false
                }
              }, {
                "Widgets" : [ ],
                "Properties" : {
                  "TextIfNoValue" : "[[autoRefresh]]",
                  "Left" : 0,
                  "ShowDataLoading" : true,
                  "Label" : "",
                  "ValueDisplayLabelStyle" : "DefaultWidgetLabelStyle",
                  "TextIfNoValueOffset" : 0,
                  "Overflow" : "hidden",
                  "ToolTipField" : "",
                  "Alignment" : "right",
                  "TextIfNoValueStyle" : {
                    "image" : "",
                    "backgroundColor" : "",
                    "textSize" : "2xl",
                    "lineStyle" : "solid",
                    "fontEmphasisItalic" : false,
                    "fontEmphasisUnderline" : false,
                    "displayString" : "",
                    "lineThickness" : 1,
                    "foregroundColor" : "#333333",
                    "lineColor" : "",
                    "fontEmphasisBold" : false,
                    "secondaryBackgroundColor" : ""
                  },
                  "ImageScaling" : "width",
                  "Visible" : true,
                  "DisplayName" : "ValueDisplay-105",
                  "Height" : 30,
                  "VerticalAlignment" : "middle",
                  "Width" : 200,
                  "ValueDisplayStyle" : "DefaultValueDisplayStyle",
                  "__supportsLabel" : true,
                  "ResponsiveLayout" : false,
                  "BackgroundFill" : "content",
                  "Z-index" : 10,
                  "LabelAlignment" : "left",
                  "__TypeDisplayName" : "Value Display",
                  "Type" : "valuedisplay",
                  "Area" : "UI",
                  "Top" : 2,
                  "Id" : "ValueDisplay-105",
                  "TextWrap" : true
                }
              } ],
              "Properties" : {
                "Left" : 45,
                "HideScrollbars" : true,
                "ResponsiveLayout" : true,
                "ShowDataLoading" : true,
                "Z-index" : 10,
                "VerticalAnchor" : "top",
                "__TypeDisplayName" : "Panel",
                "HorizontalAnchor" : "left",
                "Area" : "UI",
                "Type" : "panel",
                "Top" : 15,
                "Visible" : true,
                "DisplayName" : "Panel-103",
                "Style" : "DefaultPanelStyle",
                "Height" : 200,
                "Id" : "Panel-103",
                "Width" : 300
              }
            } ],
            "Properties" : {
              "MinHeight" : 0,
              "TabWidth" : 36,
              "BGImageRepeat" : "no-repeat",
              "ShowDataLoading" : true,
              "ShowExpandCollapseTab" : false,
              "ExpandCollapseTabLocation" : "outside",
              "TabExpandStyle" : "DefaultTabExpandStyle",
              "Visible" : true,
              "DisplayName" : "Right Sidebar",
              "Style" : "DefaultContainerStyle",
              "BGImageSize" : "auto",
              "Overlay" : false,
              "Expanded" : true,
              "TabCollapseStyle" : "DefaultTabCollapseStyle",
              "OverlayIsTransparent" : false,
              "ResponsiveLayout" : true,
              "Z-index" : 10,
              "TabOffset" : 0,
              "MinWidth" : 0,
              "__TypeDisplayName" : "Container",
              "TabLocation" : "center",
              "Area" : "UI",
              "Type" : "container",
              "AnimateExpandCollapse" : true,
              "TabHeight" : 36,
              "Id" : "container-102"
            }
          } ],
          "Properties" : {
            "Left" : 345,
            "IncludeSpacingInFixedAreas" : false,
            "ShowDataLoading" : true,
            "HeaderHeight" : 0,
            "PctRow4" : 0,
            "PctRow3" : 0,
            "PctRow2" : 50,
            "FooterHeight" : 0,
            "PctRow1" : 50,
            "PctRow8" : 0,
            "PctRow7" : 0,
            "PctRow6" : 0,
            "PctRow5" : 0,
            "LeftSidebar" : false,
            "RightSidebar" : true,
            "PctColumn5" : 1,
            "Visible" : true,
            "DisplayName" : "Layout-100",
            "PctColumn6" : 1,
            "PctColumn3" : 1,
            "PrintWidth" : 650,
            "PctColumn4" : 1,
            "PctColumn1" : 100,
            "PctColumn2" : 0,
            "PrintMarginTopBottom" : 0.5,
            "Rows" : 0,
            "RightSidebarWidth" : 500,
            "PrintMarginLeftRight" : 0.5,
            "PctColumn7" : 1,
            "PctColumn8" : 1,
            "ResponsiveLayout" : true,
            "Columns" : 1,
            "Z-index" : 10,
            "Spacing" : 2,
            "Orientation" : "horizontal",
            "__TypeDisplayName" : "Layout",
            "Area" : "UI",
            "Type" : "layout",
            "LeftSidebarWidth" : 0,
            "Header" : false,
            "Top" : 10,
            "IsPrintLayout" : false,
            "Footer" : false,
            "Id" : "Layout-100"
          }
        } ],
        "Properties" : {
          "MinHeight" : 0,
          "TabWidth" : 36,
          "BGImageRepeat" : "no-repeat",
          "ShowDataLoading" : true,
          "ShowExpandCollapseTab" : false,
          "ExpandCollapseTabLocation" : "outside",
          "Visible" : true,
          "DisplayName" : "Header",
          "TabExpandStyle" : "DefaultTabExpandStyle",
          "BGImageSize" : "auto",
          "Style" : "DefaultContainerStyle",
          "Overlay" : false,
          "Expanded" : true,
          "TabCollapseStyle" : "DefaultTabCollapseStyle",
          "OverlayIsTransparent" : false,
          "ResponsiveLayout" : true,
          "Z-index" : 10,
          "MinWidth" : 0,
          "TabOffset" : 0,
          "__TypeDisplayName" : "Container",
          "TabLocation" : "center",
          "Type" : "container",
          "Area" : "UI",
          "AnimateExpandCollapse" : true,
          "TabHeight" : 36,
          "Id" : "container-16"
        }
      }, {
        "Widgets" : [ {
          "Widgets" : [ {
            "Widgets" : [ {
              "Widgets" : [ {
                "Widgets" : [ ],
                "Properties" : {
                  "Left" : 10,
                  "Horizontal" : false,
                  "BarStyle" : "DefaultDataFilterStyle",
                  "ResponsiveLayout" : false,
                  "ShowDataLoading" : true,
                  "Z-index" : 9000,
                  "FocusStyle" : "DefaultButtonFocusStyle",
                  "TabSequence" : 0,
                  "__TypeDisplayName" : "Data Filter",
                  "ColumnFormat" : "{\"isSystemObject\":{\"name\":\"isSystemObject\",\"aspects\":{},\"description\":\"Indicates if a system object or not\",\"baseType\":\"BOOLEAN\",\"ordinal\":1},\"name\":{\"name\":\"name\",\"aspects\":{\"isPrimaryKey\":true},\"description\":\"Entity name\",\"baseType\":\"STRING\",\"ordinal\":2},\"description\":{\"name\":\"description\",\"aspects\":{},\"description\":\"Entity description\",\"baseType\":\"STRING\",\"ordinal\":3},\"homeMashup\":{\"name\":\"homeMashup\",\"aspects\":{},\"description\":\"Home mashup\",\"baseType\":\"MASHUPNAME\",\"ordinal\":4},\"avatar\":{\"name\":\"avatar\",\"aspects\":{},\"description\":\"Avatar image\",\"baseType\":\"IMAGELINK\",\"ordinal\":5},\"tags\":{\"name\":\"tags\",\"aspects\":{\"tagType\":\"ModelTags\"},\"description\":\"Tags\",\"baseType\":\"TAGS\",\"ordinal\":6}}",
                  "Type" : "datafilter",
                  "Area" : "UI",
                  "Top" : 45,
                  "DateFormatToken" : "",
                  "DateFormat" : "",
                  "Visible" : true,
                  "DisplayName" : "DataFilter-47",
                  "Height" : 26,
                  "AddButtonStyle" : "DefaultDataFilterAddButtonStyle",
                  "Id" : "DataFilter-47",
                  "ShowAdvancedOptions" : false,
                  "Width" : 500
                }
              }, {
                "Widgets" : [ ],
                "Properties" : {
                  "TextIfNoValue" : "[[filter]]",
                  "Left" : 10,
                  "ShowDataLoading" : true,
                  "Label" : "",
                  "ValueDisplayLabelStyle" : "DefaultWidgetLabelStyle",
                  "TextIfNoValueOffset" : 0,
                  "Overflow" : "hidden",
                  "ToolTipField" : "",
                  "Alignment" : "left",
                  "TextIfNoValueStyle" : {
                    "image" : "",
                    "backgroundColor" : "",
                    "textSize" : "2xl",
                    "lineStyle" : "solid",
                    "displayString" : "",
                    "fontEmphasisUnderline" : false,
                    "fontEmphasisItalic" : false,
                    "lineThickness" : 1,
                    "lineColor" : "",
                    "foregroundColor" : "#808080",
                    "fontEmphasisBold" : false,
                    "secondaryBackgroundColor" : ""
                  },
                  "ImageScaling" : "width",
                  "Visible" : true,
                  "DisplayName" : "ValueDisplay-59",
                  "Height" : 30,
                  "VerticalAlignment" : "middle",
                  "Width" : 300,
                  "ValueDisplayStyle" : "DefaultValueDisplayStyle",
                  "__supportsLabel" : true,
                  "ResponsiveLayout" : false,
                  "BackgroundFill" : "content",
                  "Z-index" : 10,
                  "LabelAlignment" : "left",
                  "__TypeDisplayName" : "Value Display",
                  "Type" : "valuedisplay",
                  "Area" : "UI",
                  "Top" : 10,
                  "Id" : "ValueDisplay-59",
                  "TextWrap" : true
                }
              } ],
              "Properties" : {
                "Left" : 150,
                "HideScrollbars" : false,
                "ResponsiveLayout" : true,
                "ShowDataLoading" : true,
                "Z-index" : 10,
                "VerticalAnchor" : "top",
                "__TypeDisplayName" : "Panel",
                "HorizontalAnchor" : "left",
                "Type" : "panel",
                "Area" : "UI",
                "Top" : 20,
                "Visible" : true,
                "DisplayName" : "Panel-57",
                "Style" : {
                  "image" : "",
                  "backgroundColor" : "#ffffff",
                  "textSize" : "normal",
                  "lineStyle" : "solid",
                  "displayString" : "",
                  "fontEmphasisUnderline" : false,
                  "fontEmphasisItalic" : false,
                  "lineThickness" : 1,
                  "lineColor" : "",
                  "foregroundColor" : "",
                  "fontEmphasisBold" : false,
                  "secondaryBackgroundColor" : "#f2f2f2"
                },
                "Height" : 200,
                "Id" : "Panel-57",
                "Width" : 300
              }
            } ],
            "Properties" : {
              "MinHeight" : 0,
              "TabWidth" : 36,
              "BGImageRepeat" : "no-repeat",
              "ShowDataLoading" : true,
              "ShowExpandCollapseTab" : false,
              "ExpandCollapseTabLocation" : "outside",
              "Visible" : true,
              "DisplayName" : "Header",
              "TabExpandStyle" : "DefaultTabExpandStyle",
              "BGImageSize" : "auto",
              "Style" : "DefaultContainerStyle",
              "Overlay" : false,
              "Expanded" : true,
              "TabCollapseStyle" : "DefaultTabCollapseStyle",
              "OverlayIsTransparent" : false,
              "ResponsiveLayout" : true,
              "Z-index" : 10,
              "MinWidth" : 0,
              "TabOffset" : 0,
              "__TypeDisplayName" : "Container",
              "TabLocation" : "center",
              "Type" : "container",
              "Area" : "UI",
              "AnimateExpandCollapse" : true,
              "TabHeight" : 36,
              "Id" : "container-56"
            }
          }, {
            "Widgets" : [ {
              "Widgets" : [ {
                "Widgets" : [ {
                  "Widgets" : [ ],
                  "Properties" : {
                    "Left" : 0,
                    "ListBackgroundStyle" : "DefaultListBackgroundStyle",
                    "ShowDataLoading" : true,
                    "Label" : "",
                    "WidthOfDropdownView" : 110,
                    "Alignment" : "left",
                    "DropdownStyle" : "DefaultDropdownStyle",
                    "DisplayField" : "name",
                    "Visible" : true,
                    "DisplayName" : "List-79",
                    "Height" : 200,
                    "ListItemSelectedStyle" : "DefaultListItemSelectedStyle",
                    "ListFormat_StateParameters" : [ ],
                    "Width" : 110,
                    "ValueField" : "name",
                    "DropdownButtonStyle" : "DefaultDropdownButtonStyle",
                    "ListLabelStyle" : "DefaultWidgetLabelStyle",
                    "ListItemHoverStyle" : "DefaultListItemHoverStyle",
                    "ClearIfNoSelection" : false,
                    "MultiSelect" : false,
                    "__supportsLabel" : true,
                    "ResponsiveLayout" : true,
                    "Z-index" : 10,
                    "LabelAlignment" : "left",
                    "HeightOfDropdownView" : 200,
                    "View" : "list",
                    "__TypeDisplayName" : "List",
                    "ListItemStyle" : "DefaultListItemStyle",
                    "RowHeight" : 28,
                    "NumberOfItemsInDropdownView" : 6,
                    "Type" : "dhxlist",
                    "Area" : "UI",
                    "Top" : 0,
                    "DropdownSelectedStyle" : "DefaultDropdownSelectedStyle",
                    "Id" : "List-79",
                    "ListItemAlternateStyle" : "DefaultListItemAlternateStyle",
                    "AutoSelectFirstRow" : true
                  }
                } ],
                "Properties" : {
                  "MinHeight" : 0,
                  "TabWidth" : 36,
                  "BGImageRepeat" : "no-repeat",
                  "ShowDataLoading" : true,
                  "ShowExpandCollapseTab" : false,
                  "ExpandCollapseTabLocation" : "outside",
                  "Visible" : true,
                  "DisplayName" : "Left Sidebar",
                  "TabExpandStyle" : "DefaultTabExpandStyle",
                  "BGImageSize" : "auto",
                  "Style" : "DefaultContainerStyle",
                  "Overlay" : false,
                  "Expanded" : true,
                  "TabCollapseStyle" : "DefaultTabCollapseStyle",
                  "OverlayIsTransparent" : false,
                  "ResponsiveLayout" : true,
                  "Z-index" : 10,
                  "MinWidth" : 0,
                  "TabOffset" : 0,
                  "__TypeDisplayName" : "Container",
                  "TabLocation" : "center",
                  "Type" : "container",
                  "Area" : "UI",
                  "AnimateExpandCollapse" : true,
                  "TabHeight" : 36,
                  "Id" : "container-78"
                }
              }, {
                "Widgets" : [ {
                  "Widgets" : [ {
                    "Widgets" : [ ],
                    "Properties" : {
                      "TextIfNoValue" : "[[name]]",
                      "Left" : 20,
                      "ShowDataLoading" : true,
                      "Label" : "",
                      "ValueDisplayLabelStyle" : "DefaultWidgetLabelStyle",
                      "TextIfNoValueOffset" : 0,
                      "Overflow" : "hidden",
                      "ToolTipField" : "",
                      "Alignment" : "left",
                      "TextIfNoValueStyle" : {
                        "image" : "",
                        "backgroundColor" : "",
                        "textSize" : "xlarge",
                        "lineStyle" : "solid",
                        "fontEmphasisUnderline" : false,
                        "displayString" : "",
                        "fontEmphasisItalic" : false,
                        "lineThickness" : 1,
                        "lineColor" : "",
                        "foregroundColor" : "#666666",
                        "fontEmphasisBold" : false,
                        "secondaryBackgroundColor" : ""
                      },
                      "ImageScaling" : "width",
                      "Visible" : true,
                      "DisplayName" : "ValueDisplay-81",
                      "Height" : 22,
                      "VerticalAlignment" : "middle",
                      "Width" : 250,
                      "ValueDisplayStyle" : "DefaultValueDisplayStyle",
                      "__supportsLabel" : true,
                      "ResponsiveLayout" : false,
                      "BackgroundFill" : "content",
                      "Z-index" : 10,
                      "LabelAlignment" : "left",
                      "__TypeDisplayName" : "Value Display",
                      "Type" : "valuedisplay",
                      "Area" : "UI",
                      "Top" : 20,
                      "Id" : "ValueDisplay-81",
                      "TextWrap" : true
                    }
                  }, {
                    "Widgets" : [ ],
                    "Properties" : {
                      "TextIfNoValue" : "",
                      "Left" : 20,
                      "ShowDataLoading" : true,
                      "Label" : "",
                      "ValueDisplayLabelStyle" : "DefaultWidgetLabelStyle",
                      "TextIfNoValueOffset" : 0,
                      "Overflow" : "hidden",
                      "ToolTipField" : "",
                      "Alignment" : "left",
                      "TextIfNoValueStyle" : "DefaultValueDisplayNoTextStyle",
                      "ImageScaling" : "width",
                      "Visible" : true,
                      "DisplayName" : "ValueDisplay-82",
                      "Height" : 22,
                      "VerticalAlignment" : "middle",
                      "Width" : 250,
                      "ValueDisplayStyle" : {
                        "image" : "",
                        "backgroundColor" : "",
                        "textSize" : "large",
                        "lineStyle" : "solid",
                        "displayString" : "",
                        "fontEmphasisUnderline" : false,
                        "fontEmphasisItalic" : false,
                        "lineThickness" : 1,
                        "lineColor" : "",
                        "foregroundColor" : "#333333",
                        "fontEmphasisBold" : false,
                        "secondaryBackgroundColor" : ""
                      },
                      "ValueFormat" : {
                        "renderer" : "STRING",
                        "FormatString" : "full"
                      },
                      "__supportsLabel" : true,
                      "ResponsiveLayout" : false,
                      "BackgroundFill" : "content",
                      "Z-index" : 10,
                      "LabelAlignment" : "left",
                      "ValueFormat_StateParameters" : [ ],
                      "__TypeDisplayName" : "Value Display",
                      "Type" : "valuedisplay",
                      "Area" : "UI",
                      "Top" : 50,
                      "Id" : "ValueDisplay-82",
                      "TextWrap" : true
                    }
                  }, {
                    "Widgets" : [ ],
                    "Properties" : {
                      "TextIfNoValue" : "[[status]]",
                      "Left" : 20,
                      "ShowDataLoading" : true,
                      "Label" : "",
                      "ValueDisplayLabelStyle" : "DefaultWidgetLabelStyle",
                      "TextIfNoValueOffset" : 0,
                      "Overflow" : "hidden",
                      "ToolTipField" : "",
                      "Alignment" : "left",
                      "TextIfNoValueStyle" : {
                        "image" : "",
                        "backgroundColor" : "",
                        "textSize" : "xlarge",
                        "lineStyle" : "solid",
                        "fontEmphasisUnderline" : false,
                        "displayString" : "",
                        "fontEmphasisItalic" : false,
                        "lineThickness" : 1,
                        "lineColor" : "",
                        "foregroundColor" : "#666666",
                        "fontEmphasisBold" : false,
                        "secondaryBackgroundColor" : ""
                      },
                      "ImageScaling" : "width",
                      "Visible" : true,
                      "DisplayName" : "ValueDisplay-83",
                      "Height" : 22,
                      "VerticalAlignment" : "middle",
                      "Width" : 250,
                      "ValueDisplayStyle" : "DefaultValueDisplayStyle",
                      "__supportsLabel" : true,
                      "ResponsiveLayout" : false,
                      "BackgroundFill" : "content",
                      "Z-index" : 10,
                      "LabelAlignment" : "left",
                      "__TypeDisplayName" : "Value Display",
                      "Type" : "valuedisplay",
                      "Area" : "UI",
                      "Top" : 120,
                      "Id" : "ValueDisplay-83",
                      "TextWrap" : true
                    }
                  }, {
                    "Widgets" : [ ],
                    "Properties" : {
                      "TextIfNoValue" : "",
                      "Left" : 20,
                      "ShowDataLoading" : true,
                      "Label" : "",
                      "ValueDisplayLabelStyle" : "DefaultWidgetLabelStyle",
                      "TextIfNoValueOffset" : 0,
                      "Overflow" : "hidden",
                      "ToolTipField" : "",
                      "Alignment" : "left",
                      "TextIfNoValueStyle" : "DefaultValueDisplayNoTextStyle",
                      "ImageScaling" : "width",
                      "Visible" : true,
                      "DisplayName" : "ValueDisplay-84",
                      "Height" : 22,
                      "VerticalAlignment" : "middle",
                      "Width" : 250,
                      "ValueDisplayStyle" : {
                        "image" : "",
                        "backgroundColor" : "",
                        "textSize" : "large",
                        "lineStyle" : "solid",
                        "displayString" : "",
                        "fontEmphasisUnderline" : false,
                        "fontEmphasisItalic" : false,
                        "lineThickness" : 1,
                        "lineColor" : "",
                        "foregroundColor" : "#333333",
                        "fontEmphasisBold" : false,
                        "secondaryBackgroundColor" : ""
                      },
                      "ValueFormat" : {
                        "renderer" : "STRING",
                        "FormatString" : "full"
                      },
                      "__supportsLabel" : true,
                      "ResponsiveLayout" : false,
                      "BackgroundFill" : "content",
                      "Z-index" : 10,
                      "LabelAlignment" : "left",
                      "ValueFormat_StateParameters" : [ ],
                      "__TypeDisplayName" : "Value Display",
                      "Type" : "valuedisplay",
                      "Area" : "UI",
                      "Top" : 150,
                      "Id" : "ValueDisplay-84",
                      "TextWrap" : true
                    }
                  }, {
                    "Widgets" : [ ],
                    "Properties" : {
                      "Left" : 10,
                      "ResponsiveLayout" : false,
                      "ShowDataLoading" : true,
                      "Z-index" : 10,
                      "__TypeDisplayName" : "Divider",
                      "Type" : "divider",
                      "Area" : "UI",
                      "Top" : 90,
                      "Visible" : true,
                      "DisplayName" : "Divider-85",
                      "Style" : {
                        "image" : "",
                        "backgroundColor" : "#d1d1d1",
                        "textSize" : "normal",
                        "lineStyle" : "solid",
                        "fontEmphasisUnderline" : false,
                        "displayString" : "",
                        "fontEmphasisItalic" : false,
                        "lineThickness" : 1,
                        "lineColor" : "",
                        "foregroundColor" : "",
                        "fontEmphasisBold" : false,
                        "secondaryBackgroundColor" : ""
                      },
                      "Height" : 4,
                      "Id" : "Divider-85",
                      "Width" : 1020
                    }
                  }, {
                    "Widgets" : [ ],
                    "Properties" : {
                      "NavigationHoverStyle" : "DefaultNavigationHoverStyle",
                      "Left" : 20,
                      "ShowDataLoading" : true,
                      "TargetWindow" : "popup",
                      "ModalPopupOpacity" : 0.5,
                      "ShowCloseButton" : true,
                      "TabSequence" : 0,
                      "FixedPopupHeight" : 0,
                      "ToolTipField" : "",
                      "Alignment" : "center",
                      "IconAlignment" : "left",
                      "Visible" : true,
                      "DisplayName" : "Navigation-46",
                      "Style" : {
                        "image" : "HomeMashupIcon",
                        "backgroundColor" : "#349fd6",
                        "textSize" : "normal",
                        "lineStyle" : "solid",
                        "displayString" : "",
                        "fontEmphasisUnderline" : false,
                        "fontEmphasisItalic" : false,
                        "lineThickness" : 1,
                        "lineColor" : "#01529a",
                        "foregroundColor" : "#ffffff",
                        "fontEmphasisBold" : true,
                        "secondaryBackgroundColor" : "#124ab5"
                      },
                      "Height" : 26,
                      "Width" : 250,
                      "PopupScrolling" : "auto",
                      "ReloadOnReplace" : false,
                      "PopupTitle" : "",
                      "ShowMessageIfNoMashup" : true,
                      "ClickOutsideToClose" : false,
                      "MashupName" : "StreamMashup",
                      "ResponsiveLayout" : false,
                      "PopupTitleStyle" : "DefaultPopupTitleStyle",
                      "MashupParameters" : [ {
                        "Description" : "",
                        "BaseType" : "THINGNAME",
                        "ParmDef" : {
                          "name" : "Entity",
                          "aspects" : {
                            "ordinal" : "0"
                          },
                          "description" : "",
                          "baseType" : "THINGNAME",
                          "ordinal" : 0
                        },
                        "ParameterName" : "Entity"
                      } ],
                      "Z-index" : 10,
                      "FixedPopupWidth" : 1280,
                      "Text" : "[[homeMashup]]",
                      "RoundedCorners" : true,
                      "__TypeDisplayName" : "Navigation",
                      "MessageToShow" : "Selected Thing does not have a Home Mashup defined",
                      "Type" : "navigation",
                      "Area" : "UI",
                      "Top" : 350,
                      "Transparent" : false,
                      "NavigationFocusStyle" : "DefaultNavigationFocusStyle",
                      "Id" : "Navigation-46",
                      "NavigationActiveStyle" : "DefaultNavigationActiveStyle"
                    }
                  }, {
                    "Widgets" : [ ],
                    "Properties" : {
                      "TextIfNoValue" : "[[description]]",
                      "Left" : 320,
                      "ShowDataLoading" : true,
                      "Label" : "",
                      "ValueDisplayLabelStyle" : "DefaultWidgetLabelStyle",
                      "TextIfNoValueOffset" : 0,
                      "Overflow" : "hidden",
                      "ToolTipField" : "",
                      "Alignment" : "left",
                      "TextIfNoValueStyle" : {
                        "image" : "",
                        "backgroundColor" : "",
                        "textSize" : "xlarge",
                        "lineStyle" : "solid",
                        "fontEmphasisUnderline" : false,
                        "displayString" : "",
                        "fontEmphasisItalic" : false,
                        "lineThickness" : 1,
                        "lineColor" : "",
                        "foregroundColor" : "#666666",
                        "fontEmphasisBold" : false,
                        "secondaryBackgroundColor" : ""
                      },
                      "ImageScaling" : "width",
                      "Visible" : true,
                      "DisplayName" : "ValueDisplay-86",
                      "Height" : 22,
                      "VerticalAlignment" : "middle",
                      "Width" : 700,
                      "ValueDisplayStyle" : "DefaultValueDisplayStyle",
                      "ValueFormat" : {
                        "renderer" : "STRING",
                        "FormatString" : "full"
                      },
                      "__supportsLabel" : true,
                      "ResponsiveLayout" : false,
                      "BackgroundFill" : "content",
                      "Z-index" : 10,
                      "LabelAlignment" : "left",
                      "ValueFormat_StateParameters" : [ ],
                      "__TypeDisplayName" : "Value Display",
                      "Type" : "valuedisplay",
                      "Area" : "UI",
                      "Top" : 20,
                      "Id" : "ValueDisplay-86",
                      "TextWrap" : true
                    }
                  }, {
                    "Widgets" : [ ],
                    "Properties" : {
                      "TextIfNoValue" : "",
                      "Left" : 320,
                      "ShowDataLoading" : true,
                      "Label" : "",
                      "ValueDisplayLabelStyle" : "DefaultWidgetLabelStyle",
                      "TextIfNoValueOffset" : 0,
                      "Overflow" : "hidden",
                      "ToolTipField" : "",
                      "Alignment" : "left",
                      "TextIfNoValueStyle" : "DefaultValueDisplayNoTextStyle",
                      "ImageScaling" : "width",
                      "Visible" : true,
                      "DisplayName" : "ValueDisplay-87",
                      "Height" : 22,
                      "VerticalAlignment" : "middle",
                      "Width" : 710,
                      "ValueDisplayStyle" : {
                        "image" : "",
                        "backgroundColor" : "",
                        "textSize" : "large",
                        "lineStyle" : "solid",
                        "displayString" : "",
                        "fontEmphasisUnderline" : false,
                        "fontEmphasisItalic" : false,
                        "lineThickness" : 1,
                        "lineColor" : "",
                        "foregroundColor" : "#333333",
                        "fontEmphasisBold" : false,
                        "secondaryBackgroundColor" : ""
                      },
                      "ValueFormat" : {
                        "renderer" : "STRING",
                        "FormatString" : "full"
                      },
                      "__supportsLabel" : true,
                      "ResponsiveLayout" : false,
                      "BackgroundFill" : "content",
                      "Z-index" : 10,
                      "LabelAlignment" : "left",
                      "ValueFormat_StateParameters" : [ ],
                      "__TypeDisplayName" : "Value Display",
                      "Type" : "valuedisplay",
                      "Area" : "UI",
                      "Top" : 50,
                      "Id" : "ValueDisplay-87",
                      "TextWrap" : true
                    }
                  }, {
                    "Widgets" : [ ],
                    "Properties" : {
                      "TextIfNoValue" : "[[message]]",
                      "Left" : 320,
                      "ShowDataLoading" : true,
                      "Label" : "",
                      "ValueDisplayLabelStyle" : "DefaultWidgetLabelStyle",
                      "TextIfNoValueOffset" : 0,
                      "Overflow" : "hidden",
                      "ToolTipField" : "",
                      "Alignment" : "left",
                      "TextIfNoValueStyle" : {
                        "image" : "",
                        "backgroundColor" : "",
                        "textSize" : "xlarge",
                        "lineStyle" : "solid",
                        "fontEmphasisUnderline" : false,
                        "displayString" : "",
                        "fontEmphasisItalic" : false,
                        "lineThickness" : 1,
                        "lineColor" : "",
                        "foregroundColor" : "#666666",
                        "fontEmphasisBold" : false,
                        "secondaryBackgroundColor" : ""
                      },
                      "ImageScaling" : "width",
                      "Visible" : true,
                      "DisplayName" : "ValueDisplay-88",
                      "Height" : 22,
                      "VerticalAlignment" : "middle",
                      "Width" : 250,
                      "ValueDisplayStyle" : "DefaultValueDisplayStyle",
                      "ValueFormat" : {
                        "renderer" : "STRING",
                        "FormatString" : "full"
                      },
                      "__supportsLabel" : true,
                      "ResponsiveLayout" : false,
                      "BackgroundFill" : "content",
                      "Z-index" : 10,
                      "LabelAlignment" : "left",
                      "ValueFormat_StateParameters" : [ ],
                      "__TypeDisplayName" : "Value Display",
                      "Type" : "valuedisplay",
                      "Area" : "UI",
                      "Top" : 120,
                      "Id" : "ValueDisplay-88",
                      "TextWrap" : true
                    }
                  }, {
                    "Widgets" : [ ],
                    "Properties" : {
                      "TextIfNoValue" : "",
                      "Left" : 320,
                      "ShowDataLoading" : true,
                      "Label" : "",
                      "ValueDisplayLabelStyle" : "DefaultWidgetLabelStyle",
                      "TextIfNoValueOffset" : 0,
                      "Overflow" : "hidden",
                      "ToolTipField" : "",
                      "Alignment" : "left",
                      "TextIfNoValueStyle" : "DefaultValueDisplayNoTextStyle",
                      "ImageScaling" : "width",
                      "Visible" : true,
                      "DisplayName" : "ValueDisplay-89",
                      "Height" : 22,
                      "VerticalAlignment" : "middle",
                      "Width" : 250,
                      "ValueDisplayStyle" : {
                        "image" : "",
                        "backgroundColor" : "",
                        "textSize" : "large",
                        "lineStyle" : "solid",
                        "displayString" : "",
                        "fontEmphasisUnderline" : false,
                        "fontEmphasisItalic" : false,
                        "lineThickness" : 1,
                        "lineColor" : "",
                        "foregroundColor" : "#333333",
                        "fontEmphasisBold" : false,
                        "secondaryBackgroundColor" : ""
                      },
                      "ValueFormat" : {
                        "renderer" : "STRING",
                        "FormatString" : "full"
                      },
                      "__supportsLabel" : true,
                      "ResponsiveLayout" : false,
                      "BackgroundFill" : "content",
                      "Z-index" : 10,
                      "LabelAlignment" : "left",
                      "ValueFormat_StateParameters" : [ ],
                      "__TypeDisplayName" : "Value Display",
                      "Type" : "valuedisplay",
                      "Area" : "UI",
                      "Top" : 150,
                      "Id" : "ValueDisplay-89",
                      "TextWrap" : true
                    }
                  }, {
                    "Widgets" : [ ],
                    "Properties" : {
                      "TextIfNoValue" : "[[thingTemplate]]",
                      "Left" : 620,
                      "ShowDataLoading" : true,
                      "Label" : "",
                      "ValueDisplayLabelStyle" : "DefaultWidgetLabelStyle",
                      "TextIfNoValueOffset" : 0,
                      "Overflow" : "hidden",
                      "ToolTipField" : "",
                      "Alignment" : "left",
                      "TextIfNoValueStyle" : {
                        "image" : "",
                        "backgroundColor" : "",
                        "textSize" : "xlarge",
                        "lineStyle" : "solid",
                        "fontEmphasisUnderline" : false,
                        "displayString" : "",
                        "fontEmphasisItalic" : false,
                        "lineThickness" : 1,
                        "lineColor" : "",
                        "foregroundColor" : "#666666",
                        "fontEmphasisBold" : false,
                        "secondaryBackgroundColor" : ""
                      },
                      "ImageScaling" : "width",
                      "Visible" : true,
                      "DisplayName" : "ValueDisplay-90",
                      "Height" : 22,
                      "VerticalAlignment" : "middle",
                      "Width" : 300,
                      "ValueDisplayStyle" : "DefaultValueDisplayStyle",
                      "__supportsLabel" : true,
                      "ResponsiveLayout" : false,
                      "BackgroundFill" : "content",
                      "Z-index" : 10,
                      "LabelAlignment" : "left",
                      "__TypeDisplayName" : "Value Display",
                      "Type" : "valuedisplay",
                      "Area" : "UI",
                      "Top" : 120,
                      "Id" : "ValueDisplay-90",
                      "TextWrap" : true
                    }
                  }, {
                    "Widgets" : [ ],
                    "Properties" : {
                      "TextIfNoValue" : "",
                      "Left" : 620,
                      "ShowDataLoading" : true,
                      "Label" : "",
                      "ValueDisplayLabelStyle" : "DefaultWidgetLabelStyle",
                      "TextIfNoValueOffset" : 0,
                      "Overflow" : "hidden",
                      "ToolTipField" : "",
                      "Alignment" : "left",
                      "TextIfNoValueStyle" : "DefaultValueDisplayNoTextStyle",
                      "ImageScaling" : "width",
                      "Visible" : true,
                      "DisplayName" : "ValueDisplay-91",
                      "Height" : 22,
                      "VerticalAlignment" : "middle",
                      "Width" : 300,
                      "ValueDisplayStyle" : {
                        "image" : "",
                        "backgroundColor" : "",
                        "textSize" : "large",
                        "lineStyle" : "solid",
                        "displayString" : "",
                        "fontEmphasisUnderline" : false,
                        "fontEmphasisItalic" : false,
                        "lineThickness" : 1,
                        "lineColor" : "",
                        "foregroundColor" : "#333333",
                        "fontEmphasisBold" : false,
                        "secondaryBackgroundColor" : ""
                      },
                      "ValueFormat" : {
                        "renderer" : "STRING",
                        "FormatString" : "full"
                      },
                      "__supportsLabel" : true,
                      "ResponsiveLayout" : false,
                      "BackgroundFill" : "content",
                      "Z-index" : 10,
                      "LabelAlignment" : "left",
                      "ValueFormat_StateParameters" : [ ],
                      "__TypeDisplayName" : "Value Display",
                      "Type" : "valuedisplay",
                      "Area" : "UI",
                      "Top" : 150,
                      "Id" : "ValueDisplay-91",
                      "TextWrap" : true
                    }
                  }, {
                    "Widgets" : [ ],
                    "Properties" : {
                      "TextIfNoValue" : "[[tagsValue]]",
                      "Left" : 20,
                      "ShowDataLoading" : true,
                      "Label" : "",
                      "ValueDisplayLabelStyle" : "DefaultWidgetLabelStyle",
                      "TextIfNoValueOffset" : 0,
                      "Overflow" : "hidden",
                      "ToolTipField" : "",
                      "Alignment" : "left",
                      "TextIfNoValueStyle" : {
                        "image" : "",
                        "backgroundColor" : "",
                        "textSize" : "xlarge",
                        "lineStyle" : "solid",
                        "fontEmphasisUnderline" : false,
                        "displayString" : "",
                        "fontEmphasisItalic" : false,
                        "lineThickness" : 1,
                        "lineColor" : "",
                        "foregroundColor" : "#666666",
                        "fontEmphasisBold" : false,
                        "secondaryBackgroundColor" : ""
                      },
                      "ImageScaling" : "width",
                      "Visible" : true,
                      "DisplayName" : "ValueDisplay-92",
                      "Height" : 22,
                      "VerticalAlignment" : "middle",
                      "Width" : 250,
                      "ValueDisplayStyle" : "DefaultValueDisplayStyle",
                      "__supportsLabel" : true,
                      "ResponsiveLayout" : false,
                      "BackgroundFill" : "content",
                      "Z-index" : 10,
                      "LabelAlignment" : "left",
                      "__TypeDisplayName" : "Value Display",
                      "Type" : "valuedisplay",
                      "Area" : "UI",
                      "Top" : 220,
                      "Id" : "ValueDisplay-92",
                      "TextWrap" : true
                    }
                  }, {
                    "Widgets" : [ ],
                    "Properties" : {
                      "TextIfNoValue" : "",
                      "Left" : 20,
                      "ShowDataLoading" : true,
                      "Label" : "",
                      "ValueDisplayLabelStyle" : "DefaultWidgetLabelStyle",
                      "TextIfNoValueOffset" : 0,
                      "Overflow" : "hidden",
                      "ToolTipField" : "",
                      "Alignment" : "left",
                      "TextIfNoValueStyle" : "DefaultValueDisplayNoTextStyle",
                      "ImageScaling" : "width",
                      "Visible" : true,
                      "DisplayName" : "ValueDisplay-95",
                      "Height" : 22,
                      "VerticalAlignment" : "middle",
                      "Width" : 1010,
                      "ValueDisplayStyle" : {
                        "image" : "",
                        "backgroundColor" : "",
                        "textSize" : "large",
                        "lineStyle" : "solid",
                        "displayString" : "",
                        "fontEmphasisUnderline" : false,
                        "fontEmphasisItalic" : false,
                        "lineThickness" : 1,
                        "lineColor" : "",
                        "foregroundColor" : "#333333",
                        "fontEmphasisBold" : false,
                        "secondaryBackgroundColor" : ""
                      },
                      "ValueFormat" : {
                        "renderer" : "TAGS",
                        "FormatString" : "plain"
                      },
                      "__supportsLabel" : true,
                      "ResponsiveLayout" : false,
                      "BackgroundFill" : "content",
                      "Z-index" : 10,
                      "LabelAlignment" : "left",
                      "ValueFormat_StateParameters" : [ ],
                      "__TypeDisplayName" : "Value Display",
                      "Type" : "valuedisplay",
                      "Area" : "UI",
                      "Top" : 250,
                      "Id" : "ValueDisplay-95",
                      "TextWrap" : true
                    }
                  }, {
                    "Widgets" : [ ],
                    "Properties" : {
                      "Left" : 10,
                      "ResponsiveLayout" : false,
                      "ShowDataLoading" : true,
                      "Z-index" : 10,
                      "__TypeDisplayName" : "Divider",
                      "Type" : "divider",
                      "Area" : "UI",
                      "Top" : 190,
                      "Visible" : true,
                      "DisplayName" : "Divider-96",
                      "Style" : {
                        "image" : "",
                        "backgroundColor" : "#d1d1d1",
                        "textSize" : "normal",
                        "lineStyle" : "solid",
                        "fontEmphasisUnderline" : false,
                        "displayString" : "",
                        "fontEmphasisItalic" : false,
                        "lineThickness" : 1,
                        "lineColor" : "",
                        "foregroundColor" : "",
                        "fontEmphasisBold" : false,
                        "secondaryBackgroundColor" : ""
                      },
                      "Height" : 4,
                      "Id" : "Divider-96",
                      "Width" : 1020
                    }
                  }, {
                    "Widgets" : [ ],
                    "Properties" : {
                      "Left" : 10,
                      "ResponsiveLayout" : false,
                      "ShowDataLoading" : true,
                      "Z-index" : 10,
                      "__TypeDisplayName" : "Divider",
                      "Type" : "divider",
                      "Area" : "UI",
                      "Top" : 290,
                      "Visible" : true,
                      "DisplayName" : "Divider-97",
                      "Style" : {
                        "image" : "",
                        "backgroundColor" : "#d1d1d1",
                        "textSize" : "normal",
                        "lineStyle" : "solid",
                        "fontEmphasisUnderline" : false,
                        "displayString" : "",
                        "fontEmphasisItalic" : false,
                        "lineThickness" : 1,
                        "lineColor" : "",
                        "foregroundColor" : "",
                        "fontEmphasisBold" : false,
                        "secondaryBackgroundColor" : ""
                      },
                      "Height" : 4,
                      "Id" : "Divider-97",
                      "Width" : 1020
                    }
                  }, {
                    "Widgets" : [ ],
                    "Properties" : {
                      "TextIfNoValue" : "[[homeMashup]]",
                      "Left" : 20,
                      "ShowDataLoading" : true,
                      "Label" : "",
                      "ValueDisplayLabelStyle" : "DefaultWidgetLabelStyle",
                      "TextIfNoValueOffset" : 0,
                      "Overflow" : "hidden",
                      "ToolTipField" : "",
                      "Alignment" : "left",
                      "TextIfNoValueStyle" : {
                        "image" : "",
                        "backgroundColor" : "",
                        "textSize" : "xlarge",
                        "lineStyle" : "solid",
                        "fontEmphasisUnderline" : false,
                        "displayString" : "",
                        "fontEmphasisItalic" : false,
                        "lineThickness" : 1,
                        "lineColor" : "",
                        "foregroundColor" : "#666666",
                        "fontEmphasisBold" : false,
                        "secondaryBackgroundColor" : ""
                      },
                      "ImageScaling" : "width",
                      "Visible" : true,
                      "DisplayName" : "ValueDisplay-98",
                      "Height" : 22,
                      "VerticalAlignment" : "middle",
                      "Width" : 300,
                      "ValueDisplayStyle" : "DefaultValueDisplayStyle",
                      "__supportsLabel" : true,
                      "ResponsiveLayout" : false,
                      "BackgroundFill" : "content",
                      "Z-index" : 10,
                      "LabelAlignment" : "left",
                      "__TypeDisplayName" : "Value Display",
                      "Type" : "valuedisplay",
                      "Area" : "UI",
                      "Top" : 320,
                      "Id" : "ValueDisplay-98",
                      "TextWrap" : true
                    }
                  } ],
                  "Properties" : {
                    "Left" : 175,
                    "HideScrollbars" : false,
                    "ResponsiveLayout" : true,
                    "ShowDataLoading" : true,
                    "Z-index" : 10,
                    "VerticalAnchor" : "top",
                    "__TypeDisplayName" : "Panel",
                    "HorizontalAnchor" : "left",
                    "Type" : "panel",
                    "Area" : "UI",
                    "Top" : 245,
                    "Visible" : true,
                    "DisplayName" : "Panel-80",
                    "Style" : {
                      "image" : "",
                      "backgroundColor" : "#ffffff",
                      "textSize" : "normal",
                      "lineStyle" : "solid",
                      "displayString" : "",
                      "fontEmphasisUnderline" : false,
                      "fontEmphasisItalic" : false,
                      "lineThickness" : 1,
                      "lineColor" : "",
                      "foregroundColor" : "",
                      "fontEmphasisBold" : false,
                      "secondaryBackgroundColor" : "#f2f2f2"
                    },
                    "Height" : 200,
                    "Id" : "Panel-80",
                    "Width" : 300
                  }
                } ],
                "Properties" : {
                  "MinHeight" : 0,
                  "TabWidth" : 36,
                  "BGImageRepeat" : "no-repeat",
                  "ShowDataLoading" : true,
                  "ShowExpandCollapseTab" : false,
                  "ExpandCollapseTabLocation" : "outside",
                  "Visible" : true,
                  "DisplayName" : "Column 1",
                  "TabExpandStyle" : "DefaultTabExpandStyle",
                  "BGImageSize" : "auto",
                  "Style" : "DefaultContainerStyle",
                  "Overlay" : false,
                  "Expanded" : true,
                  "TabCollapseStyle" : "DefaultTabCollapseStyle",
                  "OverlayIsTransparent" : false,
                  "ResponsiveLayout" : true,
                  "Z-index" : 10,
                  "MinWidth" : 0,
                  "TabOffset" : 0,
                  "__TypeDisplayName" : "Container",
                  "TabLocation" : "center",
                  "Type" : "container",
                  "Area" : "UI",
                  "AnimateExpandCollapse" : true,
                  "TabHeight" : 36,
                  "Id" : "container-38"
                }
              } ],
              "Properties" : {
                "Left" : 190,
                "IncludeSpacingInFixedAreas" : false,
                "ShowDataLoading" : true,
                "HeaderHeight" : 0,
                "PctRow4" : 0,
                "PctRow3" : 0,
                "PctRow2" : 50,
                "PctRow1" : 50,
                "FooterHeight" : 0,
                "PctRow8" : 0,
                "PctRow7" : 0,
                "PctRow6" : 0,
                "PctRow5" : 0,
                "Visible" : true,
                "PctColumn5" : 1,
                "RightSidebar" : false,
                "DisplayName" : "Layout-37",
                "LeftSidebar" : true,
                "PctColumn6" : 1,
                "PrintWidth" : 650,
                "PctColumn3" : 1,
                "PctColumn4" : 1,
                "PctColumn1" : 100,
                "PctColumn2" : 36,
                "PrintMarginTopBottom" : 0.5,
                "Rows" : 0,
                "RightSidebarWidth" : 0,
                "PrintMarginLeftRight" : 0.5,
                "PctColumn7" : 1,
                "ResponsiveLayout" : true,
                "PctColumn8" : 1,
                "Columns" : 1,
                "Z-index" : 10,
                "Spacing" : 2,
                "Orientation" : "horizontal",
                "__TypeDisplayName" : "Layout",
                "Type" : "layout",
                "Area" : "UI",
                "LeftSidebarWidth" : 200,
                "Header" : false,
                "Top" : 220,
                "IsPrintLayout" : false,
                "Footer" : false,
                "Id" : "Layout-37"
              }
            } ],
            "Properties" : {
              "MinHeight" : 0,
              "TabWidth" : 36,
              "BGImageRepeat" : "no-repeat",
              "ShowDataLoading" : true,
              "ShowExpandCollapseTab" : false,
              "ExpandCollapseTabLocation" : "outside",
              "Visible" : true,
              "DisplayName" : "Row",
              "TabExpandStyle" : "DefaultTabExpandStyle",
              "BGImageSize" : "auto",
              "Style" : "DefaultContainerStyle",
              "Overlay" : false,
              "Expanded" : true,
              "TabCollapseStyle" : "DefaultTabCollapseStyle",
              "OverlayIsTransparent" : false,
              "ResponsiveLayout" : true,
              "Z-index" : 10,
              "MinWidth" : 0,
              "TabOffset" : 0,
              "__TypeDisplayName" : "Container",
              "TabLocation" : "center",
              "Type" : "container",
              "Area" : "UI",
              "AnimateExpandCollapse" : true,
              "TabHeight" : 36,
              "Id" : "container-9"
            }
          } ],
          "Properties" : {
            "Description" : "",
            "Left" : 315,
            "IncludeSpacingInFixedAreas" : false,
            "ShowDataLoading" : true,
            "HeaderHeight" : 91,
            "PctRow4" : 0,
            "PctRow3" : 0,
            "PctRow2" : 50,
            "PctRow1" : 100,
            "FooterHeight" : 0,
            "PctRow8" : 0,
            "PctRow7" : 0,
            "PctRow6" : 0,
            "PctRow5" : 0,
            "Visible" : true,
            "PctColumn5" : 1,
            "RightSidebar" : false,
            "DisplayName" : "Layout-7",
            "LeftSidebar" : false,
            "PctColumn6" : 1,
            "PrintWidth" : 650,
            "PctColumn3" : 1,
            "PctColumn4" : 1,
            "PctColumn1" : 50,
            "PctColumn2" : 50,
            "PrintMarginTopBottom" : 0.5,
            "Rows" : 1,
            "RightSidebarWidth" : 0,
            "PrintMarginLeftRight" : 0.5,
            "PctColumn7" : 1,
            "ResponsiveLayout" : true,
            "PctColumn8" : 1,
            "Columns" : 0,
            "Z-index" : 10,
            "Spacing" : 2,
            "Orientation" : "vertical",
            "__TypeDisplayName" : "Layout",
            "Type" : "layout",
            "Area" : "UI",
            "LeftSidebarWidth" : 0,
            "Header" : true,
            "Top" : 40,
            "IsPrintLayout" : false,
            "Footer" : false,
            "Id" : "Layout-7"
          }
        } ],
        "Properties" : {
          "MinHeight" : 0,
          "TabWidth" : 36,
          "BGImageRepeat" : "no-repeat",
          "ShowDataLoading" : true,
          "ShowExpandCollapseTab" : false,
          "ExpandCollapseTabLocation" : "outside",
          "Visible" : true,
          "DisplayName" : "Row 2",
          "TabExpandStyle" : "DefaultTabExpandStyle",
          "BGImageSize" : "auto",
          "Style" : "DefaultContainerStyle",
          "Overlay" : false,
          "Expanded" : true,
          "TabCollapseStyle" : "DefaultTabCollapseStyle",
          "OverlayIsTransparent" : false,
          "ResponsiveLayout" : true,
          "Z-index" : 10,
          "MinWidth" : 0,
          "TabOffset" : 0,
          "__TypeDisplayName" : "Container",
          "TabLocation" : "center",
          "Type" : "container",
          "Area" : "UI",
          "AnimateExpandCollapse" : true,
          "TabHeight" : 36,
          "Id" : "container-3"
        }
      } ],
      "Properties" : {
        "Left" : 255,
        "IncludeSpacingInFixedAreas" : false,
        "ShowDataLoading" : true,
        "HeaderHeight" : 44,
        "PctRow4" : 0,
        "PctRow3" : 0,
        "PctRow2" : 100,
        "PctRow1" : 100,
        "FooterHeight" : 0,
        "PctRow8" : 0,
        "PctRow7" : 0,
        "PctRow6" : 0,
        "PctRow5" : 0,
        "Visible" : true,
        "PctColumn5" : 1,
        "RightSidebar" : false,
        "DisplayName" : "Layout-1",
        "LeftSidebar" : false,
        "PctColumn6" : 1,
        "PrintWidth" : 650,
        "PctColumn3" : 1,
        "PctColumn4" : 1,
        "PctColumn1" : 50,
        "PctColumn2" : 50,
        "PrintMarginTopBottom" : 0.5,
        "Rows" : 1,
        "RightSidebarWidth" : 0,
        "PrintMarginLeftRight" : 0.5,
        "PctColumn7" : 1,
        "ResponsiveLayout" : true,
        "PctColumn8" : 1,
        "Columns" : 0,
        "Z-index" : 10,
        "Spacing" : 2,
        "Orientation" : "vertical",
        "__TypeDisplayName" : "Layout",
        "Type" : "layout",
        "Area" : "UI",
        "LeftSidebarWidth" : 0,
        "Header" : true,
        "Top" : 140,
        "IsPrintLayout" : false,
        "Footer" : false,
        "Id" : "Layout-1"
      }
    } ],
    "Properties" : {
      "MinHeight" : 0,
      "Left" : 0,
      "BGImageRepeat" : "no-repeat",
      "ShowDataLoading" : true,
      "AddToDashboardButtonStyle" : "DefaultAddToDashboardButtonStyle",
      "id_index" : 109,
      "supportsAutoResize" : true,
      "Visible" : true,
      "DisplayName" : "Mashup",
      "Style" : {
        "image" : "",
        "backgroundColor" : "",
        "textSize" : "normal",
        "lineStyle" : "solid",
        "displayString" : "",
        "fontEmphasisUnderline" : false,
        "fontEmphasisItalic" : false,
        "lineThickness" : 1,
        "lineColor" : "",
        "foregroundColor" : "",
        "fontEmphasisBold" : false,
        "secondaryBackgroundColor" : ""
      },
      "BGImageSize" : "auto",
      "Height" : 618,
      "_currentParameterDefs" : [ ],
      "Width" : 1024,
      "TitleBar" : false,
      "Rows" : 0,
      "ConfigureGadgetButtonStyle" : "DefaultConfigureGadgetButtonStyle",
      "TitleBarStyle" : "DefaultTitleBarStyle",
      "ResponsiveLayout" : true,
      "Z-index" : 10,
      "Title" : "",
      "Columns" : 0,
      "TitleBarText" : "Gadget Title Here",
      "MinWidth" : 0,
      "__TypeDisplayName" : "Mashup",
      "EnableParameterEditing" : false,
      "Master" : "ThingWorxMonitor",
      "Type" : "mashup",
      "Area" : "Mashup",
      "Top" : 0,
      "IsPrintLayout" : false,
      "Id" : "mashup-root",
      "MashupToEditGadget" : "DefaultMashupToEditGadget",
      "IgnoreWarningsInViewMashup" : false
    }
  },
  "mashupType" : "mashup",
  "Events" : [ {
    "EventTriggerArea" : "UI",
    "EventHandlerService" : "Squeal",
    "EventTriggerSection" : "",
    "EventHandlerId" : "SQUEAL-28",
    "EventTriggerEvent" : "Clicked",
    "Id" : "0d04d308-aa56-40a2-9bc9-5223643582b7",
    "EventTriggerId" : "Button-27",
    "EventHandlerArea" : "UI"
  }, {
    "EventTriggerArea" : "Mashup",
    "EventHandlerService" : "QueryImplementingThings",
    "EventTriggerSection" : "",
    "EventHandlerId" : "ThingTemplates_GenericConnector1",
    "EventTriggerEvent" : "Loaded",
    "Id" : "2a5ae223-dfd2-4d6d-9436-b375eac51de8",
    "EventTriggerId" : "mashup-root",
    "EventHandlerArea" : "Data"
  }, {
    "EventTriggerArea" : "UI",
    "EventHandlerService" : "QueryImplementingThings",
    "EventTriggerSection" : "",
    "EventHandlerId" : "ThingTemplates_GenericConnector1",
    "EventTriggerEvent" : "Changed",
    "Id" : "d33c4d26-2d09-45cf-84ac-1ca0c42ea3f1",
    "EventTriggerId" : "DataFilter-47",
    "EventHandlerArea" : "Data"
  }, {
    "EventTriggerArea" : "Data",
    "EventHandlerService" : "ValidateConnection",
    "EventTriggerSection" : "ThingTemplates_GenericConnector1",
    "EventHandlerId" : "DynamicThingTemplates_GenericConnector1",
    "EventTriggerEvent" : "SelectedRowsChanged",
    "Id" : "accd1fe7-1ad5-40ba-8ae6-f38379231cef",
    "EventTriggerId" : "QueryImplementingThings",
    "EventHandlerArea" : "Data"
  }, {
    "EventTriggerArea" : "UI",
    "EventHandlerService" : "QueryImplementingThings",
    "EventTriggerSection" : "",
    "EventHandlerId" : "ThingTemplates_GenericConnector1",
    "EventTriggerEvent" : "Refresh",
    "Id" : "97c2664b-8bed-4ab9-8aa2-23b85d856a95",
    "EventTriggerId" : "AutoRefresh-68",
    "EventHandlerArea" : "Data"
  } ],
  "DataBindings" : [ {
    "SourceArea" : "Data",
    "TargetArea" : "UI",
    "TargetSection" : "",
    "SourceId" : "QueryImplementingThings",
    "Id" : "a17e1f31-cc0f-4d2d-9bbf-0053bae94f0f",
    "SourceSection" : "ThingTemplates_GenericConnector1",
    "SourceDetails" : "AllData",
    "PropertyMaps" : [ {
      "SourcePropertyType" : "InfoTable",
      "TargetProperty" : "Data",
      "TargetPropertyType" : "property",
      "SourcePropertyBaseType" : "INFOTABLE",
      "TargetPropertyBaseType" : "INFOTABLE",
      "SourceProperty" : ""
    } ],
    "TargetId" : "DataFilter-47"
  }, {
    "SourceArea" : "UI",
    "TargetArea" : "Data",
    "TargetSection" : "ThingTemplates_GenericConnector1",
    "SourceId" : "DataFilter-47",
    "Id" : "994608d1-7b9f-40f6-9577-f92252c9867d",
    "SourceSection" : "",
    "PropertyMaps" : [ {
      "TargetProperty" : "query",
      "TargetPropertyType" : "Parameter",
      "SourcePropertyBaseType" : "QUERY",
      "TargetPropertyBaseType" : "QUERY",
      "SourceProperty" : "Query"
    } ],
    "TargetId" : "QueryImplementingThings"
  }, {
    "SourceArea" : "Data",
    "TargetArea" : "UI",
    "TargetSection" : "",
    "SourceId" : "QueryImplementingThings",
    "Id" : "50cb1709-1ab9-4905-a81a-38ae3799b24f",
    "SourceSection" : "ThingTemplates_GenericConnector1",
    "SourceDetails" : "AllData",
    "PropertyMaps" : [ {
      "SourcePropertyType" : "InfoTable",
      "TargetProperty" : "Data",
      "TargetPropertyType" : "property",
      "SourcePropertyBaseType" : "INFOTABLE",
      "TargetPropertyBaseType" : "INFOTABLE",
      "SourceProperty" : ""
    } ],
    "TargetId" : "List-79"
  }, {
    "SourceArea" : "Data",
    "TargetArea" : "UI",
    "TargetSection" : "",
    "SourceId" : "QueryImplementingThings",
    "Id" : "a63a44e5-cdb8-4ff1-b4b7-04db53488ab6",
    "SourceSection" : "ThingTemplates_GenericConnector1",
    "SourceDetails" : "SelectedRows",
    "PropertyMaps" : [ {
      "SourcePropertyType" : "Field",
      "TargetProperty" : "Data",
      "TargetPropertyType" : "property",
      "SourcePropertyBaseType" : "STRING",
      "TargetPropertyBaseType" : "ANYSCALAR",
      "SourceProperty" : "name"
    } ],
    "TargetId" : "ValueDisplay-82"
  }, {
    "SourceArea" : "Data",
    "TargetArea" : "UI",
    "TargetSection" : "",
    "SourceId" : "QueryImplementingThings",
    "Id" : "3f03b644-f66c-4cae-96c7-bab881a8e3ff",
    "SourceSection" : "ThingTemplates_GenericConnector1",
    "SourceDetails" : "SelectedRows",
    "PropertyMaps" : [ {
      "SourcePropertyType" : "Field",
      "TargetProperty" : "Data",
      "TargetPropertyType" : "property",
      "SourcePropertyBaseType" : "STRING",
      "TargetPropertyBaseType" : "ANYSCALAR",
      "SourceProperty" : "description"
    } ],
    "TargetId" : "ValueDisplay-87"
  }, {
    "SourceArea" : "Data",
    "TargetArea" : "UI",
    "TargetSection" : "",
    "SourceId" : "QueryImplementingThings",
    "Id" : "990eda05-a7f0-4c48-8513-1fc55808901a",
    "SourceSection" : "ThingTemplates_GenericConnector1",
    "SourceDetails" : "SelectedRows",
    "PropertyMaps" : [ {
      "SourcePropertyType" : "Field",
      "TargetProperty" : "Data",
      "TargetPropertyType" : "property",
      "SourcePropertyBaseType" : "TAGS",
      "TargetPropertyBaseType" : "ANYSCALAR",
      "SourceProperty" : "tags"
    } ],
    "TargetId" : "ValueDisplay-95"
  }, {
    "SourceArea" : "Data",
    "TargetArea" : "Data",
    "TargetSection" : "DynamicThingTemplates_GenericConnector1",
    "SourceId" : "QueryImplementingThings",
    "Id" : "ff395791-c983-42d4-a451-8bcfb4d94cc5",
    "SourceSection" : "ThingTemplates_GenericConnector1",
    "SourceDetails" : "SelectedRows",
    "PropertyMaps" : [ {
      "TargetProperty" : "value",
      "TargetPropertyType" : "Entity",
      "SourcePropertyBaseType" : "STRING",
      "TargetPropertyBaseType" : "THINGNAME",
      "SourceProperty" : "name"
    } ],
    "TargetId" : "EntityName"
  }, {
    "SourceArea" : "Data",
    "TargetArea" : "UI",
    "TargetSection" : "",
    "SourceId" : "ValidateConnection",
    "Id" : "faf7189d-856a-4bab-b6bc-f4ef8f6e889d",
    "SourceSection" : "DynamicThingTemplates_GenericConnector1",
    "SourceDetails" : "AllData",
    "PropertyMaps" : [ {
      "SourcePropertyType" : "Field",
      "TargetProperty" : "Data",
      "TargetPropertyType" : "property",
      "SourcePropertyBaseType" : "STRING",
      "TargetPropertyBaseType" : "ANYSCALAR",
      "SourceProperty" : "Status"
    } ],
    "TargetId" : "ValueDisplay-84"
  }, {
    "SourceArea" : "Data",
    "TargetArea" : "UI",
    "TargetSection" : "",
    "SourceId" : "ValidateConnection",
    "Id" : "bf9ca200-021e-4567-be27-8d392127690b",
    "SourceSection" : "DynamicThingTemplates_GenericConnector1",
    "SourceDetails" : "AllData",
    "PropertyMaps" : [ {
      "SourcePropertyType" : "Field",
      "TargetProperty" : "Data",
      "TargetPropertyType" : "property",
      "SourcePropertyBaseType" : "STRING",
      "TargetPropertyBaseType" : "ANYSCALAR",
      "SourceProperty" : "Message"
    } ],
    "TargetId" : "ValueDisplay-89"
  }, {
    "SourceArea" : "Data",
    "TargetArea" : "UI",
    "TargetSection" : "",
    "SourceId" : "ValidateConnection",
    "Id" : "a79efdc5-44f4-4524-9901-6b7648d264b6",
    "SourceSection" : "DynamicThingTemplates_GenericConnector1",
    "SourceDetails" : "AllData",
    "PropertyMaps" : [ {
      "SourcePropertyType" : "Field",
      "TargetProperty" : "Data",
      "TargetPropertyType" : "property",
      "SourcePropertyBaseType" : "STRING",
      "TargetPropertyBaseType" : "ANYSCALAR",
      "SourceProperty" : "ConnectorTemplate"
    } ],
    "TargetId" : "ValueDisplay-91"
  }, {
    "SourceArea" : "Data",
    "TargetArea" : "UI",
    "TargetSection" : "",
    "SourceId" : "QueryImplementingThings",
    "Id" : "63fe5d3b-01ff-433c-b1f0-1ef171a21306",
    "SourceSection" : "ThingTemplates_GenericConnector1",
    "SourceDetails" : "SelectedRows",
    "PropertyMaps" : [ {
      "SourcePropertyType" : "Field",
      "TargetProperty" : "MashupName",
      "TargetPropertyType" : "property",
      "SourcePropertyBaseType" : "MASHUPNAME",
      "TargetPropertyBaseType" : "MASHUPNAME",
      "SourceProperty" : "homeMashup"
    } ],
    "TargetId" : "Navigation-46"
  } ],
  "Data" : {
    "DynamicThingTemplates_GenericConnector1" : {
      "EntityType" : "DynamicThingTemplates",
      "Services" : [ {
        "Target" : "ValidateConnection",
        "Parameters" : { },
        "APIMethod" : "post",
        "Characteristic" : "Services",
        "RefreshInterval" : 0,
        "Id" : "442d5db0-240f-4b4d-9de3-234937f71bc6",
        "Name" : "ValidateConnection"
      } ],
      "EntityName" : "GenericConnector",
      "Id" : "1a5defb4-dc56-4ad3-846b-534824f4f453",
      "DataName" : "DynamicThingTemplates_GenericConnector1"
    },
    "UserExtensions" : {
      "EntityType" : "UserExtensions",
      "Services" : [ {
        "Target" : "GetCurrentUserExtensionProperties",
        "Parameters" : { },
        "APIMethod" : "post",
        "Characteristic" : "Services",
        "RefreshInterval" : 0,
        "Id" : "UserExtensionInterface",
        "Name" : "GetCurrentUserExtensionProperties"
      } ],
      "EntityName" : "",
      "Id" : "UserExtensions",
      "DataName" : "UserExtensions"
    },
    "ThingTemplates_GenericConnector1" : {
      "EntityType" : "ThingTemplates",
      "Services" : [ {
        "Target" : "QueryImplementingThings",
        "Parameters" : { },
        "APIMethod" : "post",
        "Characteristic" : "Services",
        "RefreshInterval" : 0,
        "Id" : "126f9465-2797-426a-92de-7a54478b737d",
        "Name" : "QueryImplementingThings"
      } ],
      "EntityName" : "GenericConnector",
      "Id" : "de027c67-91ac-43b6-8ef4-b48838552b9c",
      "DataName" : "ThingTemplates_GenericConnector1"
    },
    "Session" : {
      "EntityType" : "Session",
      "Services" : [ {
        "Target" : "GetGlobalSessionValues",
        "Parameters" : { },
        "APIMethod" : "post",
        "Characteristic" : "Services",
        "RefreshInterval" : 0,
        "Id" : "SessionInterface",
        "Name" : "GetGlobalSessionValues"
      } ],
      "EntityName" : "",
      "Id" : "session",
      "DataName" : "Session"
    }
  },
  "DesignTimePermissions" : { }
}]]></mashupContent>
            <ConfigurationChanges>
                <ConfigurationChange changeAction="CREATE" changeReason="" timestamp="2017-09-22T13:52:31.482Z" user="SuperUser"/>
            </ConfigurationChanges>
        </Mashup>
    </Mashups>
</Entities>
