<?xml version="1.0" encoding="UTF-8" standalone="no"?>
<Entities>
    <Mashups>
        <Mashup aspect.isResponsive="true" aspect.isSystemObject="true" aspect.mashupType="mashup" columns="0.0" description="" documentationContent="" homeMashup="" lastModifiedDate="2017-09-22T13:52:31.647Z" name="StreamMashup" projectName="" rows="0.0" tags="">
            <Owner name="SuperUser" type="User"/>
            <avatar/>
            <DesignTimePermissions>
                <Create/>
                <Read/>
                <Update/>
                <Delete/>
                <Metadata/>
            </DesignTimePermissions>
            <RunTimePermissions/>
            <VisibilityPermissions>
                <Visibility/>
            </VisibilityPermissions>
            <ConfigurationTables/>
            <ParameterDefinitions>
                <FieldDefinition aspect.ordinal="0" baseType="THINGNAME" description="" name="Entity" ordinal="0"/>
            </ParameterDefinitions>
            <Things/>
            <ThingShapes/>
            <ThingTemplates>
                <ThingTemplate>Stream</ThingTemplate>
            </ThingTemplates>
            <mashupContent><![CDATA[{
  "RunTimePermissions" : { },
  "UI" : {
    "Widgets" : [ {
      "Widgets" : [ {
        "Widgets" : [ {
          "Widgets" : [ {
            "Widgets" : [ ],
            "Properties" : {
              "Left" : 100,
              "TextboxLabelStyle" : "DefaultWidgetLabelStyle",
              "ShowDataLoading" : true,
              "Label" : "",
              "PlaceholderText" : "",
              "TabSequence" : 0,
              "ToolTipField" : "",
              "TextAlign" : "left",
              "Visible" : true,
              "DisplayName" : "Textbox-5",
              "Style" : "DefaultTextBoxStyle",
              "Height" : 24,
              "Width" : 170,
              "ReadOnly" : false,
              "__supportsLabel" : true,
              "InnerShadow" : true,
              "ResponsiveLayout" : false,
              "Z-index" : 10,
              "LabelAlignment" : "left",
              "Text" : "",
              "__TypeDisplayName" : "Textbox",
              "Area" : "UI",
              "Type" : "textbox",
              "DefaultTextboxFocusStyle" : "DefaultFocusStyle",
              "Top" : 11,
              "MaskInputCharacters" : false,
              "Id" : "Textbox-5",
              "CursorPosition" : 0
            }
          }, {
            "Widgets" : [ ],
            "Properties" : {
              "Left" : 10,
              "ResponsiveLayout" : false,
              "ShowDataLoading" : true,
              "Z-index" : 10,
              "Text" : "[[source]]",
              "__TypeDisplayName" : "Label",
              "ToolTipField" : "",
              "Area" : "UI",
              "Type" : "label",
              "Alignment" : "left",
              "Top" : 11,
              "Visible" : true,
              "DisplayName" : "Label-6",
              "Style" : "DefaultLabelStyle",
              "Height" : 22,
              "Id" : "Label-6",
              "Width" : 90
            }
          }, {
            "Widgets" : [ ],
            "Properties" : {
              "Left" : 360,
              "CancelConfirmationButton" : "button2",
              "ShowDataLoading" : true,
              "Label" : "[[search]]",
              "FocusStyle" : "DefaultButtonFocusStyle",
              "TabSequence" : 0,
              "ToolTipField" : "",
              "IconAlignment" : "left",
              "Visible" : true,
              "DisplayName" : "Button-7",
              "Style" : "DefaultButtonStyle",
              "Height" : 24,
              "DisabledStyle" : "DefaultButtonDisabledStyle",
              "ConfirmationTitle" : "[[confirmAction]]",
              "Disabled" : false,
              "Width" : 100,
              "ResponsiveLayout" : false,
              "ConfirmationPrompt" : "[[doAction]]",
              "Z-index" : 15,
              "ConfirmationButton1Label" : "[[confirmationOptionYes]]",
              "RoundedCorners" : true,
              "__TypeDisplayName" : "Button",
              "HoverStyle" : "DefaultButtonHoverStyle",
              "Area" : "UI",
              "Type" : "button",
              "Top" : 11,
              "DefaultConfirmationButton" : "button1",
              "ContextId" : "",
              "ConfirmationRequired" : false,
              "Id" : "Button-7",
              "ConfirmationButton2Label" : "[[confirmationOptionNo]]",
              "ActiveStyle" : "DefaultButtonActiveStyle"
            }
          }, {
            "Widgets" : [ ],
            "Properties" : {
              "MultiSelect" : true,
              "Left" : 280,
              "ResponsiveLayout" : false,
              "ShowDataLoading" : true,
              "Z-index" : 10,
              "__TypeDisplayName" : "Tag Picker",
              "TagType" : "DataTags",
              "Area" : "UI",
              "Type" : "tagpicker",
              "VocabularyRestriction" : "",
              "Top" : 11,
              "Visible" : true,
              "DisplayName" : "TagPicker-8",
              "Height" : 18,
              "Id" : "TagPicker-8",
              "Width" : 55
            }
          }, {
            "Widgets" : [ ],
            "Properties" : {
              "DynamicRangeMinimum" : 0,
              "Left" : 480,
              "ShapeFormatter_StateParameters" : [ ],
              "DynamicFillOrientation" : "vertical",
              "ShapeType" : "rectangle",
              "ResponsiveLayout" : false,
              "ShowDataLoading" : true,
              "RectangleCornerRadius" : 10,
              "Z-index" : 10,
              "EnableDynamicFill" : false,
              "__TypeDisplayName" : "Shape",
              "Area" : "UI",
              "Type" : "shape",
              "UnfilledBackgroundStyle" : "DefaultShapeUnfilledBackgroundStyle",
              "DynamicRangeMaximum" : 100,
              "Top" : 0,
              "GradientType" : "linear",
              "GradientOrientation" : "vertical",
              "Visible" : true,
              "DisplayName" : "Shape-9",
              "Height" : 45,
              "ShapeStyle" : "DefaultChartStyle",
              "Id" : "Shape-9",
              "Width" : 1
            }
          }, {
            "Widgets" : [ ],
            "Properties" : {
              "Left" : 500,
              "IntervalType" : "d",
              "UseIntervalAsMax" : false,
              "ShowDataLoading" : true,
              "ShowLockControls" : false,
              "FocusStyle" : "DefaultButtonFocusStyle",
              "TabSequence" : 0,
              "RefreshInterval" : 60,
              "Visible" : true,
              "DisplayName" : "TimeSelector-10",
              "Height" : 30,
              "TimeRefreshBtnStyle" : "DefaultTimeRefreshBtnStyle",
              "DateOrder" : "yy-mm-dd",
              "Width" : 690,
              "DateDisplay" : "short",
              "TimeFormat" : "hh:mm:ss",
              "DateDelimiter" : "-",
              "ResponsiveLayout" : false,
              "Widescreen" : true,
              "TimeAutoRefreshBtnStyle" : "DefaultTimeAutoRefreshBtnStyle",
              "Z-index" : 10,
              "__TypeDisplayName" : "Time Selector",
              "TimeBGStyle" : "DefaultTimeBGStyle",
              "Area" : "UI",
              "Type" : "timeselector",
              "Top" : 8,
              "DateFormat" : "yy-M-dd",
              "Id" : "TimeSelector-10",
              "DisplaySeconds" : true,
              "AutoRefresh" : false,
              "TimeDatePickerStyle" : "DefaultTimeDatePickerStyle",
              "Interval" : 365
            }
          } ],
          "Properties" : {
            "Left" : 225,
            "HideScrollbars" : false,
            "ResponsiveLayout" : true,
            "ShowDataLoading" : true,
            "Z-index" : 10,
            "VerticalAnchor" : "top",
            "__TypeDisplayName" : "Panel",
            "HorizontalAnchor" : "left",
            "Area" : "UI",
            "Type" : "panel",
            "Top" : 45,
            "Visible" : true,
            "DisplayName" : "Panel-4",
            "Style" : "MonitoringLightGrayGradient",
            "Height" : 200,
            "Id" : "Panel-4",
            "Width" : 300
          }
        } ],
        "Properties" : {
          "MinHeight" : 0,
          "TabWidth" : 36,
          "BGImageRepeat" : "no-repeat",
          "ShowDataLoading" : true,
          "ShowExpandCollapseTab" : false,
          "ExpandCollapseTabLocation" : "outside",
          "Visible" : true,
          "DisplayName" : "Header",
          "TabExpandStyle" : "DefaultTabExpandStyle",
          "Style" : "DefaultContainerStyle",
          "BGImageSize" : "auto",
          "Overlay" : false,
          "Expanded" : true,
          "TabCollapseStyle" : "DefaultTabCollapseStyle",
          "OverlayIsTransparent" : false,
          "ResponsiveLayout" : true,
          "Z-index" : 10,
          "MinWidth" : 0,
          "TabOffset" : 0,
          "__TypeDisplayName" : "Container",
          "TabLocation" : "center",
          "Area" : "UI",
          "Type" : "container",
          "AnimateExpandCollapse" : true,
          "TabHeight" : 36,
          "Id" : "container-2"
        }
      }, {
        "Widgets" : [ {
          "Widgets" : [ {
            "Widgets" : [ {
              "Widgets" : [ {
                "Widgets" : [ ],
                "Properties" : {
                  "Left" : 5,
                  "Horizontal" : false,
                  "BarStyle" : "DefaultDataFilterStyle",
                  "ResponsiveLayout" : false,
                  "ShowDataLoading" : true,
                  "Z-index" : 9000,
                  "FocusStyle" : "DefaultButtonFocusStyle",
                  "TabSequence" : 0,
                  "__TypeDisplayName" : "Data Filter",
                  "ColumnFormat" : "{\"id\":{\"baseType\":\"STRING\",\"description\":\"Entry ID\",\"name\":\"id\",\"aspects\":{\"isPrimaryKey\":true},\"ordinal\":0},\"location\":{\"baseType\":\"LOCATION\",\"description\":\"Location of the entry\",\"name\":\"location\",\"aspects\":{},\"ordinal\":0},\"source\":{\"baseType\":\"STRING\",\"description\":\"Source of the blog entry\",\"name\":\"source\",\"aspects\":{},\"ordinal\":0},\"sourceType\":{\"baseType\":\"STRING\",\"description\":\"Source type\",\"name\":\"sourceType\",\"aspects\":{},\"ordinal\":0},\"tags\":{\"baseType\":\"TAGS\",\"description\":\"Tags\",\"name\":\"tags\",\"aspects\":{\"tagType\":\"DataTags\"},\"ordinal\":0},\"timestamp\":{\"baseType\":\"DATETIME\",\"description\":\"Time of blog entry\",\"name\":\"timestamp\",\"aspects\":{},\"ordinal\":0}}",
                  "Area" : "UI",
                  "Type" : "datafilter",
                  "Top" : 5,
                  "Visible" : true,
                  "DisplayName" : "DataFilter-15",
                  "Height" : 26,
                  "AddButtonStyle" : "DefaultDataFilterAddButtonStyle",
                  "Id" : "DataFilter-15",
                  "Width" : 500
                }
              } ],
              "Properties" : {
                "Left" : 215,
                "HideScrollbars" : false,
                "ResponsiveLayout" : true,
                "ShowDataLoading" : true,
                "Z-index" : 10,
                "VerticalAnchor" : "top",
                "__TypeDisplayName" : "Panel",
                "HorizontalAnchor" : "left",
                "Area" : "UI",
                "Type" : "panel",
                "Top" : 35,
                "Visible" : true,
                "DisplayName" : "Panel-14",
                "Style" : "MonitoringLightGrayPanel",
                "Height" : 200,
                "Id" : "Panel-14",
                "Width" : 300
              }
            } ],
            "Properties" : {
              "MinHeight" : 0,
              "TabWidth" : 36,
              "BGImageRepeat" : "no-repeat",
              "ShowDataLoading" : true,
              "ShowExpandCollapseTab" : false,
              "ExpandCollapseTabLocation" : "outside",
              "Visible" : true,
              "DisplayName" : "Header",
              "TabExpandStyle" : "DefaultTabExpandStyle",
              "Style" : "DefaultContainerStyle",
              "BGImageSize" : "auto",
              "Overlay" : false,
              "Expanded" : true,
              "TabCollapseStyle" : "DefaultTabCollapseStyle",
              "OverlayIsTransparent" : false,
              "ResponsiveLayout" : true,
              "Z-index" : 10,
              "MinWidth" : 0,
              "TabOffset" : 0,
              "__TypeDisplayName" : "Container",
              "TabLocation" : "center",
              "Area" : "UI",
              "Type" : "container",
              "AnimateExpandCollapse" : true,
              "TabHeight" : 36,
              "Id" : "container-12"
            }
          }, {
            "Widgets" : [ {
              "Widgets" : [ {
                "Widgets" : [ {
                  "Widgets" : [ ],
                  "Properties" : {
                    "RowSelectedStyle" : "DefaultRowSelectedStyle",
                    "IsEditable" : false,
                    "GridInvalidFieldStyle" : "DefaultGridInvalidFieldStyle",
                    "Left" : 0,
                    "ShowDataLoading" : true,
                    "GridHeaderStyle" : "DefaultGridHeaderStyle",
                    "RowAlternateBackgroundStyle" : "DefaultRowAlternateBackgroundStyle",
                    "FocusStyle" : "DefaultFocusStyle",
                    "RowFormat_StateParameters" : [ ],
                    "TabSequence" : 0,
                    "CellTextWrapping" : false,
                    "GridBackgroundStyle" : "DefaultGridBackgroundStyle",
                    "RowBackgroundStyle" : "DefaultRowBackgroundStyle",
                    "GridEditableFieldStyle" : "DefaultGridEditableFieldStyle",
                    "Visible" : true,
                    "DisplayName" : "Grid-19",
                    "Height" : 599,
                    "Width" : 1234,
                    "MultiSelect" : false,
                    "CurrentScrollTop" : 0,
                    "ResponsiveLayout" : true,
                    "ShowAllColumns" : true,
                    "Z-index" : 10,
                    "AlignHeader" : false,
                    "__TypeDisplayName" : "Grid",
                    "ScrollTop" : 0,
                    "RowHeight" : 30,
                    "ColumnFormat" : {
                      "formatInfo" : [ {
                        "ValidationMessage" : "",
                        "Align" : "left",
                        "AllowEdit" : false,
                        "Title" : "[[id]]",
                        "ValidationExpression" : "",
                        "FormatOptions" : {
                          "renderer" : "STRING",
                          "formatInfo" : {
                            "StateFormats" : [ {
                              "stateName" : "fixed",
                              "state" : ""
                            } ],
                            "StateDefinition" : "",
                            "StateDefinitionType" : "fixed",
                            "FieldName" : ""
                          },
                          "formatText" : "View",
                          "FormatString" : "full"
                        },
                        "FieldName" : "id",
                        "Width" : "auto"
                      }, {
                        "ValidationMessage" : "",
                        "Align" : "left",
                        "AllowEdit" : false,
                        "Title" : "[[timestamp]]",
                        "ValidationExpression" : "",
                        "FormatOptions" : {
                          "renderer" : "DATETIME",
                          "formatInfo" : {
                            "StateFormats" : [ {
                              "stateName" : "fixed",
                              "state" : ""
                            } ],
                            "StateDefinition" : "",
                            "StateDefinitionType" : "fixed",
                            "FieldName" : ""
                          },
                          "formatText" : "View",
                          "FormatString" : "yyyy-MM-dd HH:mm:ss"
                        },
                        "FieldName" : "timestamp",
                        "Width" : "auto"
                      }, {
                        "ValidationMessage" : "",
                        "Align" : "left",
                        "AllowEdit" : false,
                        "Title" : "[[location]]",
                        "ValidationExpression" : "",
                        "FormatOptions" : {
                          "renderer" : "LOCATION",
                          "formatInfo" : {
                            "StateFormats" : [ {
                              "stateName" : "fixed",
                              "state" : ""
                            } ],
                            "StateDefinition" : "",
                            "StateDefinitionType" : "fixed",
                            "FieldName" : ""
                          },
                          "formatText" : "View",
                          "FormatString" : "0.0000"
                        },
                        "FieldName" : "location",
                        "Width" : "auto"
                      }, {
                        "ValidationMessage" : "",
                        "Align" : "left",
                        "AllowEdit" : false,
                        "Title" : "[[sourceValue]]",
                        "ValidationExpression" : "",
                        "FormatOptions" : {
                          "renderer" : "STRING",
                          "formatInfo" : {
                            "StateFormats" : [ {
                              "stateName" : "fixed",
                              "state" : ""
                            } ],
                            "StateDefinition" : "",
                            "StateDefinitionType" : "fixed",
                            "FieldName" : ""
                          },
                          "formatText" : "View",
                          "FormatString" : "full"
                        },
                        "FieldName" : "source",
                        "Width" : "auto"
                      }, {
                        "ValidationMessage" : "",
                        "Align" : "left",
                        "AllowEdit" : false,
                        "Title" : "[[sourceType]]",
                        "ValidationExpression" : "",
                        "FormatOptions" : {
                          "renderer" : "STRING",
                          "formatInfo" : {
                            "StateFormats" : [ {
                              "stateName" : "fixed",
                              "state" : ""
                            } ],
                            "StateDefinition" : "",
                            "StateDefinitionType" : "fixed",
                            "FieldName" : ""
                          },
                          "formatText" : "View",
                          "FormatString" : "full"
                        },
                        "FieldName" : "sourceType",
                        "Width" : "auto"
                      }, {
                        "ValidationMessage" : "",
                        "Align" : "left",
                        "AllowEdit" : false,
                        "Title" : "[[tagsValue]]",
                        "ValidationExpression" : "",
                        "FormatOptions" : {
                          "renderer" : "TAGS",
                          "formatText" : "View",
                          "FormatString" : "plain"
                        },
                        "FieldName" : "tags",
                        "Width" : "auto"
                      } ]
                    },
                    "Area" : "UI",
                    "Type" : "dhxgrid",
                    "Top" : 0,
                    "IsPrintLayout" : false,
                    "Id" : "Grid-19",
                    "RowHoverStyle" : "DefaultRowHoverStyle",
                    "AutoSelectFirstRow" : false,
                    "GridHeaderTextCase" : "none"
                  }
                } ],
                "Properties" : {
                  "MinHeight" : 0,
                  "TabWidth" : 36,
                  "BGImageRepeat" : "no-repeat",
                  "ShowDataLoading" : true,
                  "ShowExpandCollapseTab" : false,
                  "ExpandCollapseTabLocation" : "outside",
                  "Visible" : true,
                  "DisplayName" : "Tab #1",
                  "TabExpandStyle" : "DefaultTabExpandStyle",
                  "Style" : "DefaultContainerStyle",
                  "BGImageSize" : "auto",
                  "Overlay" : false,
                  "Expanded" : true,
                  "TabCollapseStyle" : "DefaultTabCollapseStyle",
                  "OverlayIsTransparent" : false,
                  "ResponsiveLayout" : true,
                  "Z-index" : 10,
                  "MinWidth" : 0,
                  "TabOffset" : 0,
                  "__TypeDisplayName" : "Container",
                  "TabLocation" : "center",
                  "Area" : "UI",
                  "Type" : "container",
                  "AnimateExpandCollapse" : true,
                  "TabHeight" : 36,
                  "Id" : "container-17"
                }
              }, {
                "Widgets" : [ {
                  "Widgets" : [ ],
                  "Properties" : {
                    "YAxisLabels" : 2,
                    "SeriesAxisZeroscale12" : false,
                    "SeriesDataStyle14_StateParameters" : [ ],
                    "SeriesAxisZeroscale11" : false,
                    "SeriesAxisZeroscale10" : false,
                    "Left" : 305,
                    "SeriesAxisZeroscale16" : false,
                    "SeriesAxisZeroscale15" : false,
                    "SeriesAxisZeroscale14" : false,
                    "SeriesAxisZeroscale13" : false,
                    "AxisMaximum16" : 100,
                    "ChartStyle" : "DefaultChartStyle",
                    "SelectedItemStyle" : "DefaultChartSelectionStyle",
                    "AxisMaximum12" : 100,
                    "AxisMaximum13" : 100,
                    "AxisMaximum14" : 100,
                    "AxisMaximum15" : 100,
                    "AxisMaximum2" : 100,
                    "SeriesDataStyle7_StateParameters" : [ ],
                    "AxisMaximum1" : 100,
                    "SeriesDataStyle4_StateParameters" : [ ],
                    "AxisMaximum6" : 100,
                    "SecondaryYAxisMaximum" : 100,
                    "AxisMaximum5" : 100,
                    "AxisMaximum4" : 100,
                    "AxisMaximum3" : 100,
                    "AxisMaximum9" : 100,
                    "AxisMaximum8" : 100,
                    "AxisMaximum7" : 100,
                    "SeriesDataStyle11_StateParameters" : [ ],
                    "ShowYAxisLabels" : true,
                    "Z-index" : 10,
                    "SeriesDataStyle1_StateParameters" : [ ],
                    "XAxisLabels" : 2,
                    "YAxisMaximum" : 100,
                    "MarkerSize" : 3,
                    "SeriesAxisMinimum7" : 0,
                    "SeriesAxisMaximum10" : 100,
                    "SeriesAxisMinimum6" : 0,
                    "SeriesAxisMinimum9" : 0,
                    "SeriesAxisMinimum8" : 0,
                    "YAxisMinorTicks" : 1,
                    "SeriesAxisMaximum14" : 100,
                    "SeriesAxisMaximum13" : 100,
                    "SeriesAxisMaximum12" : 100,
                    "SeriesAxisMaximum11" : 100,
                    "SeriesAxisMaximum16" : 100,
                    "SeriesAxisMaximum15" : 100,
                    "SecondaryYAxisZeroscale" : false,
                    "XAxisZeroscale" : false,
                    "AllowSelection" : true,
                    "AxisMinimum16" : 0,
                    "AxisMinimum15" : 0,
                    "AxisMinimum14" : 0,
                    "XAxisMinorTicks" : 1,
                    "SeriesAxisFormat9" : "0000.0",
                    "SeriesAxisAutoscale13" : true,
                    "SeriesAxisAutoscale12" : true,
                    "SeriesAxisFormat7" : "0000.0",
                    "SeriesAxisAutoscale15" : true,
                    "SeriesAxisFormat8" : "0000.0",
                    "SeriesAxisAutoscale14" : true,
                    "SeriesAxisAutoscale11" : true,
                    "SeriesAxisAutoscale10" : true,
                    "YAxisAutoscale" : true,
                    "SeriesAxisFormat1" : "0000.0",
                    "SeriesAxisMinimum3" : 0,
                    "AxisMinimum13" : 0,
                    "SeriesAxisFormat2" : "0000.0",
                    "SeriesAxisMinimum2" : 0,
                    "AxisMinimum12" : 0,
                    "SeriesAxisMinimum5" : 0,
                    "AxisMinimum11" : 0,
                    "SeriesAxisMinimum4" : 0,
                    "AxisMinimum10" : 0,
                    "SeriesAxisFormat5" : "0000.0",
                    "SeriesAxisFormat6" : "0000.0",
                    "SeriesAxisAutoscale16" : true,
                    "SeriesAxisMinimum1" : 0,
                    "SeriesAxisFormat3" : "0000.0",
                    "SeriesAxisFormat4" : "0000.0",
                    "XAxisStyle" : "DefaultChartAxisStyle",
                    "SeriesCustomAxis15" : false,
                    "SecondaryYAxisAutoscale" : true,
                    "SeriesCustomAxis14" : false,
                    "SeriesCustomAxis16" : false,
                    "SeriesCustomAxis11" : false,
                    "SeriesCustomAxis10" : false,
                    "SeriesCustomAxis13" : false,
                    "SeriesCustomAxis12" : false,
                    "XAxisFormat" : "yyyy-MM-dd\\nHH:mm:ss",
                    "SeriesDataStyle3_StateParameters" : [ ],
                    "ChartIndicatorStyle" : "DefaultChartIndicatorStyle",
                    "ShowXAxis" : true,
                    "ShowXAxisTicks" : true,
                    "SeriesDataStyle9_StateParameters" : [ ],
                    "AllowXAxisZoom" : true,
                    "SeriesAxisFormat11" : "0000.0",
                    "SeriesAxisFormat10" : "0000.0",
                    "SeriesDataStyle6_StateParameters" : [ ],
                    "Area" : "UI",
                    "LegendLocation" : "right",
                    "SeriesAxisMinimum15" : 0,
                    "SeriesAxisMinimum16" : 0,
                    "SeriesAxisMinimum13" : 0,
                    "SeriesAxisMinimum14" : 0,
                    "SeriesAxisMinimum11" : 0,
                    "SeriesAxisFormat13" : "0000.0",
                    "SeriesAxisFormat12" : "0000.0",
                    "SeriesAxisMinimum12" : 0,
                    "SeriesAxisFormat15" : "0000.0",
                    "SeriesAxisMinimum10" : 0,
                    "SeriesAxisFormat14" : "0000.0",
                    "SeriesAxisFormat16" : "0000.0",
                    "SeriesStyle11" : "DefaultChartStyle11",
                    "SeriesStyle12" : "DefaultChartStyle12",
                    "SeriesStyle10" : "DefaultChartStyle10",
                    "SeriesStyle15" : "DefaultChartStyle15",
                    "SeriesStyle16" : "DefaultChartStyle16",
                    "SeriesStyle13" : "DefaultChartStyle13",
                    "SeriesStyle14" : "DefaultChartStyle14",
                    "YAxisZeroscale" : false,
                    "SeriesAxisAutoscale1" : true,
                    "SeriesAxisAutoscale2" : true,
                    "GridStyle" : "DefaultChartGridStyle",
                    "AxisMaximum10" : 100,
                    "AxisMaximum11" : 100,
                    "SeriesAxisAutoscale7" : true,
                    "YAxisFormat" : "0000.0",
                    "SeriesAxisAutoscale8" : true,
                    "ShowYAxisGrid" : true,
                    "SeriesAxisAutoscale9" : true,
                    "ChartOrientation" : "vertical",
                    "SeriesAxisAutoscale3" : true,
                    "SeriesAxisAutoscale4" : true,
                    "SeriesAxisAutoscale5" : true,
                    "SeriesAxisAutoscale6" : true,
                    "NumberOfSeries" : 8,
                    "SeriesStyle3" : "DefaultChartStyle3",
                    "SeriesFormat4" : "0000.0",
                    "SeriesStyle2" : "DefaultChartStyle2",
                    "SeriesFormat5" : "0000.0",
                    "SeriesFormat2" : "0000.0",
                    "SeriesStyle5" : "DefaultChartStyle5",
                    "SeriesFormat3" : "0000.0",
                    "SeriesStyle4" : "DefaultChartStyle4",
                    "SeriesStyle7" : "DefaultChartStyle7",
                    "SeriesFormat1" : "0000.0",
                    "SeriesStyle6" : "DefaultChartStyle6",
                    "SeriesStyle9" : "DefaultChartStyle9",
                    "SeriesStyle8" : "DefaultChartStyle8",
                    "ShowDataLoading" : true,
                    "ShowYAxis" : true,
                    "YAxisIntervals" : 10,
                    "SeriesFormat8" : "0000.0",
                    "SeriesFormat9" : "0000.0",
                    "SeriesStyle1" : "DefaultChartStyle1",
                    "SeriesFormat6" : "0000.0",
                    "SeriesFormat7" : "0000.0",
                    "SecondaryYAxisFormat" : "0000.0",
                    "SeriesCustomAxis9" : false,
                    "__TypeDisplayName" : "Time Series Chart",
                    "SeriesMarkerType1" : "chart",
                    "SeriesCustomAxis6" : false,
                    "YAxisMinimum" : 0,
                    "SeriesMarkerType2" : "chart",
                    "SeriesCustomAxis5" : false,
                    "SeriesCustomAxis8" : false,
                    "SeriesCustomAxis7" : false,
                    "XAxisIntervals" : 10,
                    "SeriesCustomAxis2" : false,
                    "Top" : 160,
                    "SeriesCustomAxis1" : false,
                    "SeriesCustomAxis4" : false,
                    "SeriesCustomAxis3" : false,
                    "SeriesType9" : "chart",
                    "SeriesType8" : "chart",
                    "SeriesMarkerType9" : "chart",
                    "SeriesType7" : "chart",
                    "SeriesType6" : "chart",
                    "SeriesMarkerType7" : "chart",
                    "SeriesType5" : "chart",
                    "SeriesMarkerType8" : "chart",
                    "Id" : "TimeSeriesChart-20",
                    "SeriesType4" : "chart",
                    "SeriesMarkerType5" : "chart",
                    "SeriesType3" : "chart",
                    "SeriesMarkerType6" : "chart",
                    "ShowLegend" : true,
                    "SeriesType2" : "chart",
                    "SeriesMarkerType3" : "chart",
                    "SeriesType1" : "chart",
                    "SeriesMarkerType4" : "chart",
                    "SeriesAxisZeroscale8" : false,
                    "SeriesType10" : "chart",
                    "SeriesAxisZeroscale9" : false,
                    "SeriesType11" : "chart",
                    "SeriesAxisZeroscale6" : false,
                    "SeriesType12" : "chart",
                    "SeriesAxisZeroscale7" : false,
                    "SeriesType13" : "chart",
                    "SeriesAxisZeroscale4" : false,
                    "SeriesType14" : "chart",
                    "SeriesFormat15" : "0000.0",
                    "SeriesAxisZeroscale5" : false,
                    "SeriesType15" : "chart",
                    "SeriesFormat16" : "0000.0",
                    "SeriesAxisZeroscale2" : false,
                    "SeriesFormat13" : "0000.0",
                    "SeriesType16" : "chart",
                    "SeriesAxisZeroscale3" : false,
                    "SeriesFormat14" : "0000.0",
                    "SeriesAxisZeroscale1" : false,
                    "LegendWidth" : 0,
                    "SeriesFormat11" : "0000.0",
                    "Visible" : true,
                    "AxisZeroscale11" : false,
                    "SeriesFormat12" : "0000.0",
                    "AxisZeroscale10" : false,
                    "AxisZeroscale13" : false,
                    "SeriesFormat10" : "0000.0",
                    "AxisZeroscale12" : false,
                    "AxisZeroscale15" : false,
                    "Width" : 640,
                    "AxisZeroscale14" : false,
                    "AxisZeroscale16" : false,
                    "XAxisSmoothScaling" : true,
                    "AxisZeroscale9" : false,
                    "SeriesMarkerType16" : "chart",
                    "ResponsiveLayout" : true,
                    "AxisZeroscale6" : false,
                    "SeriesDataStyle15_StateParameters" : [ ],
                    "AxisZeroscale5" : false,
                    "AxisZeroscale8" : false,
                    "AxisZeroscale7" : false,
                    "AxisZeroscale2" : false,
                    "AxisZeroscale1" : false,
                    "AxisZeroscale4" : false,
                    "AxisZeroscale3" : false,
                    "AxisFormat11" : "0000.0",
                    "AxisFormat12" : "0000.0",
                    "Type" : "timeserieschart",
                    "AxisFormat13" : "0000.0",
                    "LegendOrientation" : "vertical",
                    "AxisFormat14" : "0000.0",
                    "AxisFormat15" : "0000.0",
                    "AxisFormat16" : "0000.0",
                    "SeriesDataStyle12_StateParameters" : [ ],
                    "ChartAreaStyle" : "DefaultChartAreaStyle",
                    "SeriesMarkerType15" : "chart",
                    "SeriesDataStyle8_StateParameters" : [ ],
                    "SeriesMarkerType14" : "chart",
                    "SeriesMarkerType13" : "chart",
                    "SeriesMarkerType12" : "chart",
                    "SeriesMarkerType11" : "chart",
                    "SeriesMarkerType10" : "chart",
                    "SeriesDataStyle2_StateParameters" : [ ],
                    "SeriesDataStyle5_StateParameters" : [ ],
                    "AxisFormat10" : "0000.0",
                    "SeriesAxisMaximum4" : 100,
                    "SeriesAxisMaximum5" : 100,
                    "SeriesAxisMaximum6" : 100,
                    "SeriesAxisMaximum7" : 100,
                    "SeriesAxisMaximum1" : 100,
                    "SeriesAxisMaximum2" : 100,
                    "SeriesAxisMaximum3" : 100,
                    "AxisFormat6" : "0000.0",
                    "AxisFormat7" : "0000.0",
                    "AxisFormat4" : "0000.0",
                    "AxisFormat5" : "0000.0",
                    "SeriesAxisMaximum8" : 100,
                    "AxisFormat2" : "0000.0",
                    "SeriesAxisMaximum9" : 100,
                    "AxisFormat3" : "0000.0",
                    "AxisFormat1" : "0000.0",
                    "ChartTitle" : "",
                    "EnableHover" : true,
                    "SeriesDataStyle10_StateParameters" : [ ],
                    "ChartType" : "line",
                    "SeriesDataStyle13_StateParameters" : [ ],
                    "AxisFormat8" : "0000.0",
                    "AxisFormat9" : "0000.0",
                    "SeriesDataStyle16_StateParameters" : [ ],
                    "ShowYAxisTicks" : true,
                    "UseSecondaryAxis7" : false,
                    "Smoothing" : false,
                    "UseSecondaryAxis6" : false,
                    "UseSecondaryAxis9" : false,
                    "ShowXAxisGrid" : true,
                    "UseSecondaryAxis8" : false,
                    "UseSecondaryAxis3" : false,
                    "AxisAutoscale13" : true,
                    "UseSecondaryAxis2" : false,
                    "AxisAutoscale14" : true,
                    "UseSecondaryAxis5" : false,
                    "AxisAutoscale15" : true,
                    "UseSecondaryAxis4" : false,
                    "AxisAutoscale16" : true,
                    "AxisAutoscale10" : true,
                    "UseSecondaryAxis1" : false,
                    "AxisAutoscale11" : true,
                    "AxisAutoscale12" : true,
                    "AxisMinimum1" : 0,
                    "AxisAutoscale4" : true,
                    "AxisMinimum2" : 0,
                    "AxisAutoscale5" : true,
                    "AxisAutoscale2" : true,
                    "AxisMinimum3" : 0,
                    "AxisAutoscale3" : true,
                    "AxisMinimum4" : 0,
                    "AxisAutoscale8" : true,
                    "AxisAutoscale9" : true,
                    "AxisAutoscale6" : true,
                    "AxisAutoscale7" : true,
                    "AxisMinimum9" : 0,
                    "SingleDataSource" : true,
                    "ChartTitleStyle" : "DefaultChartTitleStyle",
                    "AxisMinimum5" : 0,
                    "AxisAutoscale1" : true,
                    "AxisMinimum6" : 0,
                    "ShowXAxisLabels" : true,
                    "AxisMinimum7" : 0,
                    "ChartLegendStyle" : "DefaultChartLegendStyle",
                    "AxisMinimum8" : 0,
                    "YAxisMode" : "single",
                    "DisplayName" : "TimeSeriesChart-20",
                    "Height" : 240,
                    "YAxisStyle" : "DefaultChartAxisStyle",
                    "AllowYAxisZoom" : true,
                    "SecondaryYAxisMinimum" : 0,
                    "UseSecondaryAxis13" : false,
                    "UseSecondaryAxis14" : false,
                    "UseSecondaryAxis15" : false,
                    "UseSecondaryAxis16" : false,
                    "MarkerType" : "circle",
                    "UseSecondaryAxis10" : false,
                    "UseSecondaryAxis11" : false,
                    "UseSecondaryAxis12" : false,
                    "XAxisAutoscale" : true
                  }
                } ],
                "Properties" : {
                  "MinHeight" : 0,
                  "TabWidth" : 36,
                  "BGImageRepeat" : "no-repeat",
                  "ShowDataLoading" : true,
                  "ShowExpandCollapseTab" : false,
                  "ExpandCollapseTabLocation" : "outside",
                  "Visible" : true,
                  "DisplayName" : "Tab #2",
                  "TabExpandStyle" : "DefaultTabExpandStyle",
                  "Style" : "DefaultContainerStyle",
                  "BGImageSize" : "auto",
                  "Overlay" : false,
                  "Expanded" : true,
                  "TabCollapseStyle" : "DefaultTabCollapseStyle",
                  "OverlayIsTransparent" : false,
                  "ResponsiveLayout" : true,
                  "Z-index" : 10,
                  "MinWidth" : 0,
                  "TabOffset" : 0,
                  "__TypeDisplayName" : "Container",
                  "TabLocation" : "center",
                  "Area" : "UI",
                  "Type" : "container",
                  "AnimateExpandCollapse" : true,
                  "TabHeight" : 36,
                  "Id" : "container-18"
                }
              } ],
              "Properties" : {
                "Left" : 215,
                "Tab1Value" : "Data",
                "ShowDataLoading" : true,
                "Tab8Image" : "",
                "Tab14Value" : "Tab14Value",
                "Tab15Visible" : true,
                "Tab14Visible" : true,
                "Tab16Visible" : true,
                "Tab10Image" : "",
                "Tab4Disabled" : false,
                "Tab11Visible" : true,
                "Tab12Visible" : true,
                "Tab15Name" : "Tab15Name",
                "Tab13Visible" : true,
                "Tab10Visible" : true,
                "Tab8Name" : "Tab8Name",
                "Tab14Disabled" : false,
                "Tab11Image" : "",
                "Z-index" : 10,
                "TabContentStyle" : "DefaultTabContentStyle",
                "__TypeDisplayName" : "Tabs - Responsive",
                "Tab2Value" : "Chart",
                "Tab9Image" : "",
                "Top" : 125,
                "Tab1Name" : "[[rawData]]",
                "Id" : "TabsResponsive-16",
                "Tab6Image" : "",
                "Tab12Value" : "Tab12Value",
                "Tab7Disabled" : false,
                "Tab15Value" : "Tab15Value",
                "Tab1Visible" : true,
                "Tab2Visible" : true,
                "Tab3Name" : "Tab3Name",
                "Tab3Disabled" : false,
                "Tab5Image" : "",
                "Tab6Visible" : true,
                "Tab5Visible" : true,
                "Tab9Disabled" : false,
                "Tab10Disabled" : false,
                "Tab9Visible" : true,
                "Visible" : true,
                "Width" : 300,
                "Tab10Value" : "Tab10Value",
                "Tab5Name" : "Tab5Name",
                "Tab13Value" : "Tab13Value",
                "ResponsiveLayout" : true,
                "Tab6Value" : "Tab6Value",
                "Tab3Value" : "Tab3Value",
                "RoundedCorners" : true,
                "Tab16Value" : "Tab16Value",
                "Tab12Name" : "Tab12Name",
                "Tab12Image" : "",
                "Type" : "tabsv2",
                "Tab15Image" : "",
                "Tab13Disabled" : false,
                "TabHeight" : 27,
                "Tab9Value" : "Tab9Value",
                "Tab7Value" : "Tab7Value",
                "Tab6Disabled" : false,
                "Tab16Image" : "",
                "Tab7Name" : "Tab7Name",
                "Tab14Name" : "Tab14Name",
                "TabSpacing" : 2,
                "Tab2Image" : "",
                "Tab2Disabled" : false,
                "CurrentTab" : 1,
                "Tab16Name" : "Tab16Name",
                "Tab8Value" : "Tab8Value",
                "Tab9Name" : "Tab9Name",
                "Tab16Disabled" : false,
                "NumberOfTabs" : 2,
                "Tab10Name" : "Tab10Name",
                "Area" : "UI",
                "Tab5Value" : "Tab5Value",
                "TabDisabledStyle" : "DefaultTabDisabledStyle",
                "Tab12Disabled" : false,
                "Tab2Name" : "[[chart]]",
                "Tab3Image" : "",
                "Tab3Visible" : true,
                "Tab5Disabled" : false,
                "TabUnselectedStyle" : "DefaultTabUnselectedStyle",
                "Tab4Visible" : true,
                "DefaultTabAtRuntime" : 1,
                "Tab7Visible" : true,
                "TabSelectedStyle" : "DefaultTabSelectedStyle",
                "Tab11Value" : "Tab11Value",
                "Tab13Image" : "",
                "Tab4Name" : "Tab4Name",
                "Tab1Disabled" : false,
                "Tab8Visible" : true,
                "DisplayName" : "TabsResponsive-16",
                "Height" : 300,
                "Tab4Value" : "Tab4Value",
                "Tab14Image" : "",
                "Tab11Name" : "Tab11Name",
                "Tab4Image" : "",
                "Tab1Image" : "",
                "Tab15Disabled" : false,
                "Tab7Image" : "",
                "Tab11Disabled" : false,
                "Tab8Disabled" : false,
                "Tab13Name" : "Tab13Name",
                "Tab6Name" : "Tab6Name"
              }
            } ],
            "Properties" : {
              "MinHeight" : 0,
              "TabWidth" : 36,
              "BGImageRepeat" : "no-repeat",
              "ShowDataLoading" : true,
              "ShowExpandCollapseTab" : false,
              "ExpandCollapseTabLocation" : "outside",
              "Visible" : true,
              "DisplayName" : "Row 1",
              "TabExpandStyle" : "DefaultTabExpandStyle",
              "Style" : "DefaultContainerStyle",
              "BGImageSize" : "auto",
              "Overlay" : false,
              "Expanded" : true,
              "TabCollapseStyle" : "DefaultTabCollapseStyle",
              "OverlayIsTransparent" : false,
              "ResponsiveLayout" : true,
              "Z-index" : 10,
              "MinWidth" : 0,
              "TabOffset" : 0,
              "__TypeDisplayName" : "Container",
              "TabLocation" : "center",
              "Area" : "UI",
              "Type" : "container",
              "AnimateExpandCollapse" : true,
              "TabHeight" : 36,
              "Id" : "container-13"
            }
          } ],
          "Properties" : {
            "Left" : 370,
            "IncludeSpacingInFixedAreas" : false,
            "ShowDataLoading" : true,
            "HeaderHeight" : 50,
            "PctRow4" : 0,
            "PctRow3" : 0,
            "PctRow2" : 0,
            "FooterHeight" : 0,
            "PctRow1" : 100,
            "PctRow8" : 0,
            "PctRow7" : 0,
            "PctRow6" : 0,
            "PctRow5" : 0,
            "LeftSidebar" : false,
            "RightSidebar" : false,
            "Visible" : true,
            "DisplayName" : "Layout-11",
            "PctColumn5" : 1,
            "PctColumn6" : 1,
            "PctColumn3" : 1,
            "PrintWidth" : 650,
            "PctColumn4" : 1,
            "PctColumn1" : 50,
            "PctColumn2" : 50,
            "PrintMarginTopBottom" : 0.5,
            "Rows" : 1,
            "RightSidebarWidth" : 0,
            "PrintMarginLeftRight" : 0.5,
            "PctColumn7" : 1,
            "ResponsiveLayout" : true,
            "PctColumn8" : 1,
            "Columns" : 0,
            "Z-index" : 10,
            "Spacing" : 2,
            "Orientation" : "vertical",
            "__TypeDisplayName" : "Layout",
            "Area" : "UI",
            "Type" : "layout",
            "LeftSidebarWidth" : 0,
            "Header" : true,
            "Top" : 150,
            "IsPrintLayout" : false,
            "Footer" : false,
            "Id" : "Layout-11"
          }
        } ],
        "Properties" : {
          "MinHeight" : 0,
          "TabWidth" : 36,
          "BGImageRepeat" : "no-repeat",
          "ShowDataLoading" : true,
          "ShowExpandCollapseTab" : false,
          "ExpandCollapseTabLocation" : "outside",
          "Visible" : true,
          "DisplayName" : "Row 1",
          "TabExpandStyle" : "DefaultTabExpandStyle",
          "Style" : "DefaultContainerStyle",
          "BGImageSize" : "auto",
          "Overlay" : false,
          "Expanded" : true,
          "TabCollapseStyle" : "DefaultTabCollapseStyle",
          "OverlayIsTransparent" : false,
          "ResponsiveLayout" : true,
          "Z-index" : 10,
          "MinWidth" : 0,
          "TabOffset" : 0,
          "__TypeDisplayName" : "Container",
          "TabLocation" : "center",
          "Area" : "UI",
          "Type" : "container",
          "AnimateExpandCollapse" : true,
          "TabHeight" : 36,
          "Id" : "container-3"
        }
      } ],
      "Properties" : {
        "Left" : 235,
        "IncludeSpacingInFixedAreas" : false,
        "ShowDataLoading" : true,
        "HeaderHeight" : 45,
        "PctRow4" : 0,
        "PctRow3" : 0,
        "PctRow2" : 0,
        "FooterHeight" : 0,
        "PctRow1" : 100,
        "PctRow8" : 0,
        "PctRow7" : 0,
        "PctRow6" : 0,
        "PctRow5" : 0,
        "LeftSidebar" : false,
        "RightSidebar" : false,
        "Visible" : true,
        "DisplayName" : "Layout-1",
        "PctColumn5" : 1,
        "PctColumn6" : 1,
        "PctColumn3" : 1,
        "PrintWidth" : 650,
        "PctColumn4" : 1,
        "PctColumn1" : 50,
        "PctColumn2" : 50,
        "PrintMarginTopBottom" : 0.5,
        "Rows" : 1,
        "RightSidebarWidth" : 0,
        "PrintMarginLeftRight" : 0.5,
        "PctColumn7" : 1,
        "ResponsiveLayout" : true,
        "PctColumn8" : 1,
        "Columns" : 0,
        "Z-index" : 10,
        "Spacing" : 0,
        "Orientation" : "vertical",
        "__TypeDisplayName" : "Layout",
        "Area" : "UI",
        "Type" : "layout",
        "LeftSidebarWidth" : 0,
        "Header" : true,
        "Top" : 250,
        "IsPrintLayout" : false,
        "Footer" : false,
        "Id" : "Layout-1"
      }
    } ],
    "Properties" : {
      "MinHeight" : 0,
      "Left" : 0,
      "BGImageRepeat" : "no-repeat",
      "ShowDataLoading" : true,
      "AddToDashboardButtonStyle" : "DefaultAddToDashboardButtonStyle",
      "id_index" : 20,
      "supportsAutoResize" : true,
      "Visible" : true,
      "DisplayName" : "Mashup",
      "Style" : "DefaultMashupStyle",
      "BGImageSize" : "auto",
      "Height" : 618,
      "_currentParameterDefs" : [ {
        "Description" : "",
        "BaseType" : "THINGNAME",
        "ParameterName" : "Entity"
      } ],
      "Width" : 1024,
      "TitleBar" : false,
      "Rows" : 0,
      "ConfigureGadgetButtonStyle" : "DefaultConfigureGadgetButtonStyle",
      "TitleBarStyle" : "DefaultTitleBarStyle",
      "ResponsiveLayout" : true,
      "Z-index" : 10,
      "Title" : "",
      "Columns" : 0,
      "TitleBarText" : "Gadget Title Here",
      "MinWidth" : 0,
      "__TypeDisplayName" : "Mashup",
      "EnableParameterEditing" : false,
      "Area" : "Mashup",
      "Type" : "mashup",
      "Top" : 0,
      "IsPrintLayout" : false,
      "Id" : "mashup-root",
      "MashupToEditGadget" : "DefaultMashupToEditGadget",
      "IgnoreWarningsInViewMashup" : false
    }
  },
  "Events" : [ {
    "EventTriggerArea" : "Mashup",
    "EventHandlerService" : "QueryStreamEntriesWithData",
    "EventTriggerSection" : "",
    "EventHandlerId" : "DynamicThingTemplates_Stream",
    "EventTriggerEvent" : "Loaded",
    "Id" : "1727fbae-6a17-4718-a183-28e671f98d02",
    "EventTriggerId" : "mashup-root",
    "EventHandlerArea" : "Data"
  }, {
    "EventTriggerArea" : "UI",
    "EventHandlerService" : "QueryStreamEntriesWithData",
    "EventTriggerSection" : "",
    "EventHandlerId" : "DynamicThingTemplates_Stream",
    "EventTriggerEvent" : "Updated",
    "Id" : "23ad3bd1-c6c4-4ef3-b38f-4825f5e668f8",
    "EventTriggerId" : "TimeSelector-10",
    "EventHandlerArea" : "Data"
  }, {
    "EventTriggerArea" : "UI",
    "EventHandlerService" : "QueryStreamEntriesWithData",
    "EventTriggerSection" : "",
    "EventHandlerId" : "DynamicThingTemplates_Stream",
    "EventTriggerEvent" : "Clicked",
    "Id" : "d702417a-a9ef-47c1-8fb4-e44fda947f6f",
    "EventTriggerId" : "Button-7",
    "EventHandlerArea" : "Data"
  }, {
    "EventTriggerArea" : "UI",
    "EventHandlerService" : "QueryStreamEntriesWithData",
    "EventTriggerSection" : "",
    "EventHandlerId" : "DynamicThingTemplates_Stream",
    "EventTriggerEvent" : "Changed",
    "Id" : "f0f95484-b289-4d88-94bd-32cdacb809f0",
    "EventTriggerId" : "DataFilter-15",
    "EventHandlerArea" : "Data"
  } ],
  "mashupType" : "mashup",
  "DataBindings" : [ {
    "SourceArea" : "Mashup",
    "TargetArea" : "Data",
    "TargetSection" : "DynamicThingTemplates_Stream",
    "SourceId" : "mashup-root",
    "Id" : "520789d9-9769-41c2-9954-c0dba0c43dea",
    "SourceSection" : "",
    "PropertyMaps" : [ {
      "TargetProperty" : "value",
      "TargetPropertyType" : "Entity",
      "SourcePropertyBaseType" : "THINGNAME",
      "TargetPropertyBaseType" : "THINGNAME",
      "SourceProperty" : "Entity"
    } ],
    "TargetId" : "EntityName"
  }, {
    "SourceArea" : "UI",
    "TargetArea" : "Data",
    "TargetSection" : "DynamicThingTemplates_Stream",
    "SourceId" : "TimeSelector-10",
    "Id" : "92505c3b-9696-451e-b9db-1c3e17432b70",
    "SourceSection" : "",
    "PropertyMaps" : [ {
      "TargetProperty" : "startDate",
      "TargetPropertyType" : "Parameter",
      "SourcePropertyBaseType" : "DATETIME",
      "TargetPropertyBaseType" : "DATETIME",
      "SourceProperty" : "StartDateTime"
    } ],
    "TargetId" : "QueryStreamEntriesWithData"
  }, {
    "SourceArea" : "UI",
    "TargetArea" : "Data",
    "TargetSection" : "DynamicThingTemplates_Stream",
    "SourceId" : "TimeSelector-10",
    "Id" : "9d936f3a-5348-4f01-8dc5-af21aa58bcbd",
    "SourceSection" : "",
    "PropertyMaps" : [ {
      "TargetProperty" : "endDate",
      "TargetPropertyType" : "Parameter",
      "SourcePropertyBaseType" : "DATETIME",
      "TargetPropertyBaseType" : "DATETIME",
      "SourceProperty" : "EndDateTime"
    } ],
    "TargetId" : "QueryStreamEntriesWithData"
  }, {
    "SourceArea" : "UI",
    "TargetArea" : "Data",
    "TargetSection" : "DynamicThingTemplates_Stream",
    "SourceId" : "Textbox-5",
    "Id" : "1174a1d2-c604-43e6-8fb5-d138f8461287",
    "SourceSection" : "",
    "PropertyMaps" : [ {
      "TargetProperty" : "source",
      "TargetPropertyType" : "Parameter",
      "SourcePropertyBaseType" : "STRING",
      "TargetPropertyBaseType" : "STRING",
      "SourceProperty" : "Text"
    } ],
    "TargetId" : "QueryStreamEntriesWithData"
  }, {
    "SourceArea" : "UI",
    "TargetArea" : "Data",
    "TargetSection" : "DynamicThingTemplates_Stream",
    "SourceId" : "TagPicker-8",
    "Id" : "d47898e0-78e5-47da-b71e-488a3986aa8a",
    "SourceSection" : "",
    "PropertyMaps" : [ {
      "TargetProperty" : "tags",
      "TargetPropertyType" : "Parameter",
      "SourcePropertyBaseType" : "TAGS",
      "TargetPropertyBaseType" : "TAGS",
      "SourceProperty" : "Tags"
    } ],
    "TargetId" : "QueryStreamEntriesWithData"
  }, {
    "SourceArea" : "Data",
    "TargetArea" : "UI",
    "TargetSection" : "",
    "SourceId" : "QueryStreamEntriesWithData",
    "Id" : "a12c05bc-965d-4ae4-a8e2-0c09f9b7b44b",
    "SourceSection" : "DynamicThingTemplates_Stream",
    "SourceDetails" : "AllData",
    "PropertyMaps" : [ {
      "SourcePropertyType" : "InfoTable",
      "TargetProperty" : "Data",
      "TargetPropertyType" : "property",
      "SourcePropertyBaseType" : "INFOTABLE",
      "TargetPropertyBaseType" : "INFOTABLE",
      "SourceProperty" : ""
    } ],
    "TargetId" : "DataFilter-15"
  }, {
    "SourceArea" : "UI",
    "TargetArea" : "Data",
    "TargetSection" : "DynamicThingTemplates_Stream",
    "SourceId" : "DataFilter-15",
    "Id" : "b0694d74-8655-401c-9769-5ab6c5e49060",
    "SourceSection" : "",
    "PropertyMaps" : [ {
      "TargetProperty" : "query",
      "TargetPropertyType" : "Parameter",
      "SourcePropertyBaseType" : "QUERY",
      "TargetPropertyBaseType" : "QUERY",
      "SourceProperty" : "Query"
    } ],
    "TargetId" : "QueryStreamEntriesWithData"
  }, {
    "SourceArea" : "Data",
    "TargetArea" : "UI",
    "TargetSection" : "",
    "SourceId" : "QueryStreamEntriesWithData",
    "Id" : "10a4da64-7ed7-4daf-be76-c55e6d4de29f",
    "SourceSection" : "DynamicThingTemplates_Stream",
    "SourceDetails" : "AllData",
    "PropertyMaps" : [ {
      "SourcePropertyType" : "InfoTable",
      "TargetProperty" : "Data",
      "TargetPropertyType" : "property",
      "SourcePropertyBaseType" : "INFOTABLE",
      "TargetPropertyBaseType" : "INFOTABLE",
      "SourceProperty" : ""
    } ],
    "TargetId" : "Grid-19"
  }, {
    "SourceArea" : "Data",
    "TargetArea" : "UI",
    "TargetSection" : "",
    "SourceId" : "QueryStreamEntriesWithData",
    "Id" : "059ffaad-a7b8-4a8c-8b8a-02bc94b4a633",
    "SourceSection" : "DynamicThingTemplates_Stream",
    "SourceDetails" : "AllData",
    "PropertyMaps" : [ {
      "SourcePropertyType" : "InfoTable",
      "TargetProperty" : "Data",
      "TargetPropertyType" : "property",
      "SourcePropertyBaseType" : "INFOTABLE",
      "TargetPropertyBaseType" : "INFOTABLE",
      "SourceProperty" : ""
    } ],
    "TargetId" : "TimeSeriesChart-20"
  } ],
  "Data" : {
    "UserExtensions" : {
      "EntityType" : "UserExtensions",
      "Services" : [ {
        "Target" : "GetCurrentUserExtensionProperties",
        "Parameters" : { },
        "APIMethod" : "post",
        "Characteristic" : "Services",
        "RefreshInterval" : 0,
        "Id" : "UserExtensionInterface",
        "Name" : "GetCurrentUserExtensionProperties"
      } ],
      "EntityName" : "",
      "Id" : "UserExtensions",
      "DataName" : "UserExtensions"
    },
    "DynamicThingTemplates_Stream" : {
      "EntityType" : "DynamicThingTemplates",
      "Services" : [ {
        "Target" : "QueryStreamEntriesWithData",
        "Parameters" : { },
        "APIMethod" : "post",
        "Characteristic" : "Services",
        "RefreshInterval" : 0,
        "Id" : "d3b433af-23bc-478c-867e-c9d987d0b246",
        "Name" : "QueryStreamEntriesWithData"
      } ],
      "EntityName" : "Stream",
      "Id" : "2ac3bf40-1068-432f-8ed6-cf3712186300",
      "DataName" : "DynamicThingTemplates_Stream"
    },
    "Session" : {
      "EntityType" : "Session",
      "Services" : [ {
        "Target" : "GetGlobalSessionValues",
        "Parameters" : { },
        "APIMethod" : "post",
        "Characteristic" : "Services",
        "RefreshInterval" : 0,
        "Id" : "SessionInterface",
        "Name" : "GetGlobalSessionValues"
      } ],
      "EntityName" : "",
      "Id" : "session",
      "DataName" : "Session"
    }
  },
  "DesignTimePermissions" : { }
}]]></mashupContent>
            <ConfigurationChanges>
                <ConfigurationChange changeAction="CREATE" changeReason="" timestamp="2017-09-22T13:52:31.647Z" user="SuperUser"/>
            </ConfigurationChanges>
        </Mashup>
    </Mashups>
</Entities>
