<?xml version="1.0" encoding="UTF-8" standalone="no"?>
<Entities>
    <Mashups>
        <Mashup aspect.isSystemObject="true" aspect.mashupType="thingshape" aspect.thingTemplate="clob8: 'Wiki'" columns="0.0" description="" documentationContent="" homeMashup="" lastModifiedDate="2017-09-22T13:52:31.596Z" name="WikiMashup" projectName="" rows="0.0" tags="">
            <Owner name="SuperUser" type="User"/>
            <avatar/>
            <DesignTimePermissions>
                <Create/>
                <Read/>
                <Update/>
                <Delete/>
                <Metadata/>
            </DesignTimePermissions>
            <RunTimePermissions/>
            <VisibilityPermissions>
                <Visibility/>
            </VisibilityPermissions>
            <ConfigurationTables/>
            <ParameterDefinitions>
                <FieldDefinition aspect.ordinal="0" baseType="THINGNAME" description="The thing to display" name="Entity" ordinal="0"/>
            </ParameterDefinitions>
            <Things/>
            <ThingShapes/>
            <ThingTemplates>
                <ThingTemplate>Wiki</ThingTemplate>
            </ThingTemplates>
            <mashupContent><![CDATA[{
  "UI" : {
    "Widgets" : [ {
      "Widgets" : [ ],
      "Properties" : {
        "Area" : "UI",
        "Type" : "wiki",
        "Left" : 0,
        "Top" : 0,
        "ExpandAllWikiTOC" : true,
        "ShowWikiTOC" : true,
        "Wiki" : "",
        "Z-index" : 10,
        "Height" : 450,
        "Id" : "Wiki-1",
        "Width" : 700,
        "__TypeDisplayName" : "Wiki"
      }
    } ],
    "Properties" : {
      "Area" : "Mashup",
      "Type" : "thingshapemashup",
      "Left" : 0,
      "Top" : 0,
      "ThingShape" : "Wiki",
      "Z-index" : 10,
      "Height" : 450,
      "Id" : "mashup-root",
      "id_index" : 1,
      "Width" : 700,
      "__TypeDisplayName" : "ThingShape Mashup"
    }
  },
  "Events" : [ ],
  "mashupType" : "thingshape",
  "DataBindings" : [ {
    "SourceArea" : "Mashup",
    "TargetArea" : "UI",
    "TargetSection" : "",
    "SourceId" : "mashup-root",
    "Id" : "341327204056804",
    "SourceSection" : "",
    "PropertyMaps" : [ {
      "SourcePropertyType" : "Property",
      "TargetProperty" : "Wiki",
      "TargetPropertyType" : "property",
      "SourcePropertyBaseType" : "THINGNAME",
      "TargetPropertyBaseType" : "THINGNAME",
      "SourceProperty" : "Entity"
    } ],
    "TargetId" : "Wiki-1"
  } ],
  "Data" : { }
}]]></mashupContent>
            <ConfigurationChanges>
                <ConfigurationChange changeAction="CREATE" changeReason="" timestamp="2017-09-22T13:52:31.596Z" user="SuperUser"/>
            </ConfigurationChanges>
        </Mashup>
    </Mashups>
</Entities>
