<?xml version="1.0" encoding="UTF-8" standalone="no"?>
<Entities>
    <MediaEntities>
        <MediaEntity aspect.isSystemObject="true" description="" documentationContent="" homeMashup="" lastModifiedDate="2017-09-22T13:52:31.810Z" name="BoundIcon" projectName="" tags="">
            <Owner name="SuperUser" type="User"/>
            <avatar/>
            <DesignTimePermissions>
                <Create/>
                <Read/>
                <Update/>
                <Delete/>
                <Metadata/>
            </DesignTimePermissions>
            <RunTimePermissions/>
            <VisibilityPermissions>
                <Visibility/>
            </VisibilityPermissions>
            <ConfigurationTables>
                <ConfigurationTable description="List of authorization server scopes" isMultiRow="true" name="AuthorizationServerScopesSettings" ordinal="1">
                    <DataShape>
                        <FieldDefinitions>
                            <FieldDefinition baseType="STRING" description="A single scope for the authorization server." name="scope" ordinal="0"/>
                        </FieldDefinitions>
                    </DataShape>
                    <Rows/>
                </ConfigurationTable>
                <ConfigurationTable description="Content Source Connection information" isMultiRow="false" name="ContentSourceConnectionInformation" ordinal="0">
                    <DataShape>
                        <FieldDefinitions>
                            <FieldDefinition aspect.defaultValue="none" aspect.friendlyName="AuthenticationType" aspect.selectOptions="none:none|basic:basic|SSO:SSO" baseType="STRING" description="Authentication type" name="authenticationType" ordinal="4"/>
                            <FieldDefinition aspect.friendlyName="AuthorizationServerID" baseType="STRING" description="Authorization Server ID" name="authorizationServerId" ordinal="7"/>
                            <FieldDefinition aspect.friendlyName="Dynamic Content" baseType="BOOLEAN" description="Display dynamic content from external URL" name="dynamicContent" ordinal="0"/>
                            <FieldDefinition aspect.friendlyName="Ignore SSL Errors" baseType="BOOLEAN" description="Ignore SSL errors" name="ignoreSSLErrors" ordinal="2"/>
                            <FieldDefinition aspect.friendlyName="AuthPassword" baseType="PASSWORD" description="Password for basic authentication" name="password" ordinal="6"/>
                            <FieldDefinition aspect.defaultValue="60.0" aspect.friendlyName="Timeout" baseType="NUMBER" description="Timeout" name="timeout" ordinal="3"/>
                            <FieldDefinition aspect.friendlyName="URL" baseType="STRING" description="The URL to the content source" name="url" ordinal="1"/>
                            <FieldDefinition aspect.friendlyName="AuthUsername" baseType="STRING" description="Username for basic authentication" name="userId" ordinal="5"/>
                        </FieldDefinitions>
                    </DataShape>
                    <Rows>
                        <Row>
                            <ignoreSSLErrors>false</ignoreSSLErrors>
                            <dynamicContent>false</dynamicContent>
                            <password/>
                            <authorizationServerId/>
                            <authenticationType><![CDATA[none]]></authenticationType>
                            <userId/>
                            <url/>
                            <timeout>60.0</timeout>
                        </Row>
                    </Rows>
                </ConfigurationTable>
            </ConfigurationTables>
            <content><![CDATA[iVBORw0KGgoAAAANSUhEUgAAABAAAAAQCAYAAAAf8/9hAAAAGXRFWHRTb2Z0d2FyZQBBZG9iZSBJ
bWFnZVJlYWR5ccllPAAAAVBJREFUeNpi/P//PwMlgImBQjDwBrD4+fkxsLGxGTMyMuoA+RxIcj+A
4XMFxMAl9+vXr7MsQIapiIiIR3x8fJy4uLgS0DCmv3///nvx4sWDysrKeSDVra2tCehy8+fPX/D0
6VMmRldX19Ta2pryffv2vZw0afKpT58+/W5paSkVFBREcer79+8Zampquvn4+Fjz8nLNnJycxJub
WzpZvn79yisoKCQDNHHJx48fG4DO7bKysmQAugqIRUHOB2t+8+YN2CCgmkKg2obg4JAKkF6QAX/u
33/6PD4+1WzSpN6iz58/f9y6dRvWAAN69yMvL28RSC1ID0gvI1DASVZWPqSoqNJXQ0NHUkBAiPnr
1y9/r1698Lynp3UzSCMuucePH65hBMoLMTMzuwKdqo0lpG9CY0Edi9xVYIDuBhnACcS8oCglMQn8
AeLPjKN5gQEgwAAKfLCMgdNQ/QAAAABJRU5ErkJggg==]]></content>
            <ConfigurationChanges>
                <ConfigurationChange changeAction="CREATE" changeReason="" timestamp="2017-09-22T13:52:31.803Z" user="SuperUser"/>
            </ConfigurationChanges>
        </MediaEntity>
    </MediaEntities>
</Entities>
