<?xml version="1.0" encoding="UTF-8" standalone="no"?>
<Entities>
    <MediaEntities>
        <MediaEntity aspect.isSystemObject="true" description="" documentationContent="" homeMashup="" lastModifiedDate="2017-09-22T13:52:31.785Z" name="Priority1Icon" projectName="" tags="">
            <Owner name="SuperUser" type="User"/>
            <avatar/>
            <DesignTimePermissions>
                <Create/>
                <Read/>
                <Update/>
                <Delete/>
                <Metadata/>
            </DesignTimePermissions>
            <RunTimePermissions/>
            <VisibilityPermissions>
                <Visibility/>
            </VisibilityPermissions>
            <ConfigurationTables>
                <ConfigurationTable description="List of authorization server scopes" isMultiRow="true" name="AuthorizationServerScopesSettings" ordinal="1">
                    <DataShape>
                        <FieldDefinitions>
                            <FieldDefinition baseType="STRING" description="A single scope for the authorization server." name="scope" ordinal="0"/>
                        </FieldDefinitions>
                    </DataShape>
                    <Rows/>
                </ConfigurationTable>
                <ConfigurationTable description="Content Source Connection information" isMultiRow="false" name="ContentSourceConnectionInformation" ordinal="0">
                    <DataShape>
                        <FieldDefinitions>
                            <FieldDefinition aspect.defaultValue="none" aspect.friendlyName="AuthenticationType" aspect.selectOptions="none:none|basic:basic|SSO:SSO" baseType="STRING" description="Authentication type" name="authenticationType" ordinal="4"/>
                            <FieldDefinition aspect.friendlyName="AuthorizationServerID" baseType="STRING" description="Authorization Server ID" name="authorizationServerId" ordinal="7"/>
                            <FieldDefinition aspect.friendlyName="Dynamic Content" baseType="BOOLEAN" description="Display dynamic content from external URL" name="dynamicContent" ordinal="0"/>
                            <FieldDefinition aspect.friendlyName="Ignore SSL Errors" baseType="BOOLEAN" description="Ignore SSL errors" name="ignoreSSLErrors" ordinal="2"/>
                            <FieldDefinition aspect.friendlyName="AuthPassword" baseType="PASSWORD" description="Password for basic authentication" name="password" ordinal="6"/>
                            <FieldDefinition aspect.defaultValue="60.0" aspect.friendlyName="Timeout" baseType="NUMBER" description="Timeout" name="timeout" ordinal="3"/>
                            <FieldDefinition aspect.friendlyName="URL" baseType="STRING" description="The URL to the content source" name="url" ordinal="1"/>
                            <FieldDefinition aspect.friendlyName="AuthUsername" baseType="STRING" description="Username for basic authentication" name="userId" ordinal="5"/>
                        </FieldDefinitions>
                    </DataShape>
                    <Rows>
                        <Row>
                            <ignoreSSLErrors>false</ignoreSSLErrors>
                            <dynamicContent>false</dynamicContent>
                            <password/>
                            <authorizationServerId/>
                            <authenticationType><![CDATA[none]]></authenticationType>
                            <userId/>
                            <url/>
                            <timeout>60.0</timeout>
                        </Row>
                    </Rows>
                </ConfigurationTable>
            </ConfigurationTables>
            <content><![CDATA[iVBORw0KGgoAAAANSUhEUgAAABAAAAAQCAYAAAAf8/9hAAAAGXRFWHRTb2Z0d2FyZQBBZG9iZSBJ
bWFnZVJlYWR5ccllPAAAAWJJREFUeNrUU7tOAkEUPbOP2XV9ETU+2PAD/oW2VDb+gC0J/IUVDZYk
JLZaW1rY8QP+ACSAhEQMhmUf7HgG2MQE1obKm9zM3dlzzn3kjlBKYRszsKVtLWBlwZsQEMC1CVQk
cGoDsRQi1ic9IbDHbI+Etotpui5AohaoXJbLV16xWAgNA0pKeJ4H23UR9fuDUbOpme2NLTALdOY9
3y8EcQynVsNho4FpEACzGaTvnxNyofJmYC89FrYN6TgY1uuL+5StLWw+B9Obad4MbAINjSdZWhZ2
SchM6ZhVJYCr8gTMZTk7BgXmUYRoJRAw9jg0i/syBQq5LUT0kIKCg9NlH1eri/sTziIKQygKDfh/
kFfBHTM8AF/jbndyUCrtB60Wvkk0kwQuRYedzqSn1Oc9se+/BES2ykKIgwpwUwZu+XkWr6rKfAZ8
vAJPz8ALOaNNAg6Po+U6/GljcqZrAv/3Mf0IMABkgoYVKYdfOwAAAABJRU5ErkJggg==]]></content>
            <ConfigurationChanges>
                <ConfigurationChange changeAction="CREATE" changeReason="" timestamp="2017-09-22T13:52:31.785Z" user="SuperUser"/>
            </ConfigurationChanges>
        </MediaEntity>
    </MediaEntities>
</Entities>
