<?xml version="1.0" encoding="UTF-8" standalone="no"?>
<Entities>
    <DataShapes>
        <DataShape aspect.isSystemObject="true" baseDataShape="" description="Alert definition" documentationContent="" homeMashup="" lastModifiedDate="2017-09-22T13:52:27.838Z" name="AlertDefinition" projectName="" tags="">
            <Owner name="SuperUser" type="User"/>
            <avatar/>
            <DesignTimePermissions>
                <Create/>
                <Read/>
                <Update/>
                <Delete/>
                <Metadata/>
            </DesignTimePermissions>
            <RunTimePermissions/>
            <VisibilityPermissions>
                <Visibility/>
            </VisibilityPermissions>
            <ConfigurationTables/>
            <FieldDefinitions>
                <FieldDefinition baseType="INFOTABLE" description="Alert attributes" name="alertAttributes" ordinal="0"/>
                <FieldDefinition baseType="STRING" description="Alert type" name="alertType" ordinal="0"/>
                <FieldDefinition baseType="STRING" description="Alert description" name="description" ordinal="0"/>
                <FieldDefinition baseType="BOOLEAN" description="Alert enable status" name="enabled" ordinal="0"/>
                <FieldDefinition aspect.isPrimaryKey="true" baseType="STRING" description="Alert name" name="name" ordinal="0"/>
                <FieldDefinition baseType="INTEGER" description="Alert priority" name="priority" ordinal="0"/>
            </FieldDefinitions>
            <ConfigurationChanges>
                <ConfigurationChange changeAction="CREATE" changeReason="" timestamp="2017-09-22T13:52:27.837Z" user="SuperUser"/>
            </ConfigurationChanges>
        </DataShape>
    </DataShapes>
</Entities>
