<?xml version="1.0" encoding="UTF-8" standalone="no"?>
<Entities>
    <DataShapes>
        <DataShape aspect.isSystemObject="true" baseDataShape="" description="Boolean value stream" documentationContent="" homeMashup="" lastModifiedDate="2017-09-22T13:52:27.286Z" name="BooleanValueStream" projectName="" tags="">
            <Owner name="SuperUser" type="User"/>
            <avatar/>
            <DesignTimePermissions>
                <Create/>
                <Read/>
                <Update/>
                <Delete/>
                <Metadata/>
            </DesignTimePermissions>
            <RunTimePermissions/>
            <VisibilityPermissions>
                <Visibility/>
            </VisibilityPermissions>
            <ConfigurationTables/>
            <FieldDefinitions>
                <FieldDefinition aspect.isPrimaryKey="true" baseType="STRING" description="Entry ID" name="id" ordinal="0"/>
                <FieldDefinition baseType="DATETIME" description="Timestamp" name="timestamp" ordinal="0"/>
                <FieldDefinition aspect.defaultValue="false" aspect.friendlyName="Value" baseType="BOOLEAN" description="value" name="value" ordinal="0"/>
            </FieldDefinitions>
            <ConfigurationChanges>
                <ConfigurationChange changeAction="CREATE" changeReason="" timestamp="2017-09-22T13:52:27.286Z" user="SuperUser"/>
            </ConfigurationChanges>
        </DataShape>
    </DataShapes>
</Entities>
