<?xml version="1.0" encoding="UTF-8" standalone="no"?>
<Entities>
    <DataShapes>
        <DataShape aspect.isSystemObject="true" baseDataShape="" description="DataShape used to return an InfoTable of items that succeed or fail in a bulk processing service" documentationContent="" homeMashup="" lastModifiedDate="2017-09-22T13:52:28.122Z" name="BulkProcessingReport" projectName="" tags="">
            <Owner name="SuperUser" type="User"/>
            <avatar/>
            <DesignTimePermissions>
                <Create/>
                <Read/>
                <Update/>
                <Delete/>
                <Metadata/>
            </DesignTimePermissions>
            <RunTimePermissions/>
            <VisibilityPermissions>
                <Visibility/>
            </VisibilityPermissions>
            <ConfigurationTables/>
            <FieldDefinitions>
                <FieldDefinition baseType="STRING" description="The error message generated trying to process this item" name="errorMessage" ordinal="3"/>
                <FieldDefinition baseType="STRING" description="The name of the item processed" name="name" ordinal="1"/>
                <FieldDefinition baseType="BOOLEAN" description="A flag indicating whether or not this service successfully processed this item" name="success" ordinal="2"/>
            </FieldDefinitions>
            <ConfigurationChanges>
                <ConfigurationChange changeAction="CREATE" changeReason="" timestamp="2017-09-22T13:52:28.122Z" user="SuperUser"/>
            </ConfigurationChanges>
        </DataShape>
    </DataShapes>
</Entities>
