<?xml version="1.0" encoding="UTF-8" standalone="no"?>
<Entities>
    <DataShapes>
        <DataShape aspect.isSystemObject="true" baseDataShape="" description="DataShape used for data connect settings" documentationContent="" homeMashup="" lastModifiedDate="2017-09-22T13:52:27.987Z" name="DataConnectSettings" projectName="" tags="">
            <Owner name="SuperUser" type="User"/>
            <avatar/>
            <DesignTimePermissions>
                <Create/>
                <Read/>
                <Update/>
                <Delete/>
                <Metadata/>
            </DesignTimePermissions>
            <RunTimePermissions/>
            <VisibilityPermissions>
                <Visibility/>
            </VisibilityPermissions>
            <ConfigurationTables/>
            <FieldDefinitions>
                <FieldDefinition baseType="STRING" description="The data connect application id" name="dataConnectApplicationId" ordinal="2"/>
                <FieldDefinition baseType="STRING" description="The data connect application key/password" name="dataConnectApplicationKey" ordinal="3"/>
                <FieldDefinition baseType="STRING" description="The data connect url" name="dataConnectUrl" ordinal="1"/>
            </FieldDefinitions>
            <ConfigurationChanges>
                <ConfigurationChange changeAction="CREATE" changeReason="" timestamp="2017-09-22T13:52:27.987Z" user="SuperUser"/>
            </ConfigurationChanges>
        </DataShape>
    </DataShapes>
</Entities>
