<?xml version="1.0" encoding="UTF-8" standalone="no"?>
<Entities>
    <DataShapes>
        <DataShape aspect.isSystemObject="true" baseDataShape="" description="Data Table Entries" documentationContent="" homeMashup="" lastModifiedDate="2017-09-22T13:52:28.406Z" name="DataTableEntry" projectName="" tags="">
            <Owner name="SuperUser" type="User"/>
            <avatar/>
            <DesignTimePermissions>
                <Create/>
                <Read/>
                <Update/>
                <Delete/>
                <Metadata/>
            </DesignTimePermissions>
            <RunTimePermissions/>
            <VisibilityPermissions>
                <Visibility/>
            </VisibilityPermissions>
            <ConfigurationTables/>
            <FieldDefinitions>
                <FieldDefinition aspect.isPrimaryKey="true" baseType="STRING" description="Internal key value" name="key" ordinal="0"/>
                <FieldDefinition baseType="LOCATION" description="Location of last modification" name="location" ordinal="0"/>
                <FieldDefinition baseType="STRING" description="Source of last modification" name="source" ordinal="0"/>
                <FieldDefinition baseType="STRING" description="Source type" name="sourceType" ordinal="0"/>
                <FieldDefinition aspect.tagType="DataTags" baseType="TAGS" description="Tags" name="tags" ordinal="0"/>
                <FieldDefinition baseType="DATETIME" description="Time of last modification" name="timestamp" ordinal="0"/>
            </FieldDefinitions>
            <ConfigurationChanges>
                <ConfigurationChange changeAction="CREATE" changeReason="" timestamp="2017-09-22T13:52:28.406Z" user="SuperUser"/>
            </ConfigurationChanges>
        </DataShape>
    </DataShapes>
</Entities>
