<?xml version="1.0" encoding="UTF-8" standalone="no"?>
<Entities>
    <DataShapes>
        <DataShape aspect.isSystemObject="true" baseDataShape="" description="Device status" documentationContent="" homeMashup="" lastModifiedDate="2017-09-22T13:52:27.630Z" name="DeviceStatus" projectName="" tags="">
            <Owner name="SuperUser" type="User"/>
            <avatar/>
            <DesignTimePermissions>
                <Create/>
                <Read/>
                <Update/>
                <Delete/>
                <Metadata/>
            </DesignTimePermissions>
            <RunTimePermissions/>
            <VisibilityPermissions>
                <Visibility/>
            </VisibilityPermissions>
            <ConfigurationTables/>
            <FieldDefinitions>
                <FieldDefinition baseType="STRING" description="Thing description" name="description" ordinal="0"/>
                <FieldDefinition baseType="STRING" description="Thing identifier" name="identifier" ordinal="0"/>
                <FieldDefinition baseType="BOOLEAN" description="Connection status" name="isConnected" ordinal="0"/>
                <FieldDefinition baseType="DATETIME" description="Last connectiontime" name="lastConnection" ordinal="0"/>
                <FieldDefinition aspect.isPrimaryKey="true" baseType="STRING" description="Thing name" name="name" ordinal="0"/>
                <FieldDefinition aspect.tagType="ModelTags" baseType="TAGS" description="Tags" name="tags" ordinal="0"/>
                <FieldDefinition baseType="THINGTEMPLATENAME" description="Thing template" name="thingTemplate" ordinal="0"/>
            </FieldDefinitions>
            <ConfigurationChanges>
                <ConfigurationChange changeAction="CREATE" changeReason="" timestamp="2017-09-22T13:52:27.630Z" user="SuperUser"/>
            </ConfigurationChanges>
        </DataShape>
    </DataShapes>
</Entities>
