<?xml version="1.0" encoding="UTF-8" standalone="no"?>
<Entities>
    <DataShapes>
        <DataShape aspect.isSystemObject="true" baseDataShape="" description="Entity counts" documentationContent="" homeMashup="" lastModifiedDate="2017-09-22T13:52:28.460Z" name="EntityUsageCount" projectName="" tags="">
            <Owner name="SuperUser" type="User"/>
            <avatar/>
            <DesignTimePermissions>
                <Create/>
                <Read/>
                <Update/>
                <Delete/>
                <Metadata/>
            </DesignTimePermissions>
            <RunTimePermissions/>
            <VisibilityPermissions>
                <Visibility/>
            </VisibilityPermissions>
            <ConfigurationTables/>
            <FieldDefinitions>
                <FieldDefinition baseType="INTEGER" description="Application Entity Count" name="applicationCount" ordinal="0"/>
                <FieldDefinition baseType="INTEGER" description="Total Count" name="count" ordinal="0"/>
                <FieldDefinition baseType="INTEGER" description="Maximum Entity Count" name="maxCount" ordinal="0"/>
                <FieldDefinition aspect.isPrimaryKey="true" baseType="STRING" description="Entity type name" name="name" ordinal="0"/>
                <FieldDefinition baseType="INTEGER" description="System Entity Count" name="systemCount" ordinal="0"/>
            </FieldDefinitions>
            <ConfigurationChanges>
                <ConfigurationChange changeAction="CREATE" changeReason="" timestamp="2017-09-22T13:52:28.460Z" user="SuperUser"/>
            </ConfigurationChanges>
        </DataShape>
    </DataShapes>
</Entities>
