<?xml version="1.0" encoding="UTF-8" standalone="no"?>
<Entities>
    <DataShapes>
        <DataShape aspect.isSystemObject="true" baseDataShape="" description="Location deviation alert" documentationContent="" homeMashup="" lastModifiedDate="2017-09-22T13:52:28.429Z" name="LocationDeviationAlert" projectName="" tags="">
            <Owner name="SuperUser" type="User"/>
            <avatar/>
            <DesignTimePermissions>
                <Create/>
                <Read/>
                <Update/>
                <Delete/>
                <Metadata/>
            </DesignTimePermissions>
            <RunTimePermissions/>
            <VisibilityPermissions>
                <Visibility/>
            </VisibilityPermissions>
            <ConfigurationTables/>
            <FieldDefinitions>
                <FieldDefinition aspect.friendlyName="Limit" aspect.isRequired="true" baseType="NUMBER" description="Limit to deviation from reference value" name="limit" ordinal="2"/>
                <FieldDefinition aspect.defaultValue="true" aspect.friendlyName="Include Limit?" aspect.isRequired="false" baseType="BOOLEAN" description="Limit includes value" name="limitInclusive" ordinal="3"/>
                <FieldDefinition aspect.defaultValue="M" aspect.friendlyName="Distance units" aspect.isRequired="true" aspect.selectOptions="K:Kilometers|M:Miles|N:Nautical Miles" baseType="STRING" description="Units of distance (M, K, N)" name="units" ordinal="1"/>
                <FieldDefinition aspect.friendlyName="Value" aspect.isRequired="true" baseType="LOCATION" description="Reference value" name="value" ordinal="0"/>
            </FieldDefinitions>
            <ConfigurationChanges>
                <ConfigurationChange changeAction="CREATE" changeReason="" timestamp="2017-09-22T13:52:28.429Z" user="SuperUser"/>
            </ConfigurationChanges>
        </DataShape>
    </DataShapes>
</Entities>
