<?xml version="1.0" encoding="UTF-8" standalone="no"?>
<Entities>
    <DataShapes>
        <DataShape aspect.isSystemObject="true" baseDataShape="" description="Log Entry" documentationContent="" homeMashup="" lastModifiedDate="2017-09-22T13:52:28.446Z" name="LogEntry" projectName="" tags="">
            <Owner name="SuperUser" type="User"/>
            <avatar/>
            <DesignTimePermissions>
                <Create/>
                <Read/>
                <Update/>
                <Delete/>
                <Metadata/>
            </DesignTimePermissions>
            <RunTimePermissions/>
            <VisibilityPermissions>
                <Visibility/>
            </VisibilityPermissions>
            <ConfigurationTables/>
            <FieldDefinitions>
                <FieldDefinition baseType="STRING" description="log message content" name="content" ordinal="0"/>
                <FieldDefinition baseType="STRING" description="entity instance  with the log entry" name="instance" ordinal="0"/>
                <FieldDefinition baseType="STRING" description="level of log entry" name="level" ordinal="0"/>
                <FieldDefinition baseType="STRING" description="origin of the log entry" name="origin" ordinal="0"/>
                <FieldDefinition baseType="STRING" description="session associated with the log entry" name="session" ordinal="0"/>
                <FieldDefinition baseType="STRING" description="thread that generated log entry" name="thread" ordinal="0"/>
                <FieldDefinition baseType="DATETIME" description="Time of log entry" name="timestamp" ordinal="0"/>
                <FieldDefinition baseType="USERNAME" description="user that generated log entry" name="user" ordinal="0"/>
            </FieldDefinitions>
            <ConfigurationChanges>
                <ConfigurationChange changeAction="CREATE" changeReason="" timestamp="2017-09-22T13:52:28.445Z" user="SuperUser"/>
            </ConfigurationChanges>
        </DataShape>
    </DataShapes>
</Entities>
