<?xml version="1.0" encoding="UTF-8" standalone="no"?>
<Entities>
    <DataShapes>
        <DataShape aspect.isSystemObject="true" baseDataShape="" description="Navigation menu entry" documentationContent="" homeMashup="" lastModifiedDate="2017-09-22T13:52:28.096Z" name="MenuEntry" projectName="" tags="">
            <Owner name="SuperUser" type="User"/>
            <avatar/>
            <DesignTimePermissions>
                <Create/>
                <Read/>
                <Update/>
                <Delete/>
                <Metadata/>
            </DesignTimePermissions>
            <RunTimePermissions/>
            <VisibilityPermissions>
                <Visibility/>
            </VisibilityPermissions>
            <ConfigurationTables/>
            <FieldDefinitions>
                <FieldDefinition baseType="STRING" description="Description for tooltip" name="description" ordinal="0"/>
                <FieldDefinition baseType="IMAGELINK" description="Optional image URL" name="imageURL" ordinal="0"/>
                <FieldDefinition aspect.defaultValue="false" baseType="BOOLEAN" description="Is a default menu item" name="isDefault" ordinal="0"/>
                <FieldDefinition aspect.isPrimaryKey="true" baseType="STRING" description="Link destination" name="linkDestination" ordinal="0"/>
                <FieldDefinition baseType="STRING" description="Link target (Popup, Mashup, New)" name="linkTarget" ordinal="0"/>
                <FieldDefinition aspect.isPrimaryKey="true" baseType="STRING" description="Link type (Mashup, Hyperlink, or Menu)" name="linkType" ordinal="0"/>
                <FieldDefinition baseType="STRING" description="Menu entry id" name="menuId" ordinal="0"/>
                <FieldDefinition baseType="STRING" description="Menu entry parent id" name="parentMenuId" ordinal="0"/>
                <FieldDefinition baseType="STRING" description="Menu entry title" name="title" ordinal="0"/>
            </FieldDefinitions>
            <ConfigurationChanges>
                <ConfigurationChange changeAction="CREATE" changeReason="" timestamp="2017-09-22T13:52:28.096Z" user="SuperUser"/>
            </ConfigurationChanges>
        </DataShape>
    </DataShapes>
</Entities>
