<?xml version="1.0" encoding="UTF-8" standalone="no"?>
<Entities>
    <DataShapes>
        <DataShape aspect.isSystemObject="true" baseDataShape="" description="Property name, value, time, quality, state" documentationContent="" homeMashup="" lastModifiedDate="2017-09-22T13:52:27.130Z" name="NamedVTQ" projectName="" tags="">
            <Owner name="SuperUser" type="User"/>
            <avatar/>
            <DesignTimePermissions>
                <Create/>
                <Read/>
                <Update/>
                <Delete/>
                <Metadata/>
            </DesignTimePermissions>
            <RunTimePermissions/>
            <VisibilityPermissions>
                <Visibility/>
            </VisibilityPermissions>
            <ConfigurationTables/>
            <FieldDefinitions>
                <FieldDefinition aspect.isPrimaryKey="true" baseType="STRING" description="Property name" name="name" ordinal="0"/>
                <FieldDefinition baseType="STRING" description="quality" name="quality" ordinal="0"/>
                <FieldDefinition baseType="DATETIME" description="time" name="time" ordinal="0"/>
                <FieldDefinition baseType="VARIANT" description="value" name="value" ordinal="0"/>
            </FieldDefinitions>
            <ConfigurationChanges>
                <ConfigurationChange changeAction="CREATE" changeReason="" timestamp="2017-09-22T13:52:27.130Z" user="SuperUser"/>
            </ConfigurationChanges>
        </DataShape>
    </DataShapes>
</Entities>
