<?xml version="1.0" encoding="UTF-8" standalone="no"?>
<Entities>
    <DataShapes>
        <DataShape aspect.isSystemObject="true" baseDataShape="" description="DataShape used for detailing a NotificationHandler for a particular NotificationContent" documentationContent="" homeMashup="" lastModifiedDate="2017-09-22T13:52:27.336Z" name="NotificationHandlerDetails" projectName="" tags="">
            <Owner name="SuperUser" type="User"/>
            <avatar/>
            <DesignTimePermissions>
                <Create/>
                <Read/>
                <Update/>
                <Delete/>
                <Metadata/>
            </DesignTimePermissions>
            <RunTimePermissions/>
            <VisibilityPermissions>
                <Visibility/>
            </VisibilityPermissions>
            <ConfigurationTables/>
            <FieldDefinitions>
                <FieldDefinition baseType="NOTIFICATIONCONTENTNAME" description="The name of the NotificationContent to which the handler is assigned" name="contentName" ordinal="2"/>
                <FieldDefinition baseType="GUID" description="The identifier for the type of supported notification handler" name="handlerID" ordinal="0"/>
                <FieldDefinition baseType="STRING" description="The localized name for the type of notifications handler" name="localizedName" ordinal="1"/>
            </FieldDefinitions>
            <ConfigurationChanges>
                <ConfigurationChange changeAction="CREATE" changeReason="" timestamp="2017-09-22T13:52:27.336Z" user="SuperUser"/>
            </ConfigurationChanges>
        </DataShape>
    </DataShapes>
</Entities>
