<?xml version="1.0" encoding="UTF-8" standalone="no"?>
<Entities>
    <DataShapes>
        <DataShape aspect.isSystemObject="true" baseDataShape="" description="Number compare alert" documentationContent="" homeMashup="" lastModifiedDate="2017-09-22T13:52:28.199Z" name="NumberCompareAlert" projectName="" tags="">
            <Owner name="SuperUser" type="User"/>
            <avatar/>
            <DesignTimePermissions>
                <Create/>
                <Read/>
                <Update/>
                <Delete/>
                <Metadata/>
            </DesignTimePermissions>
            <RunTimePermissions/>
            <VisibilityPermissions>
                <Visibility/>
            </VisibilityPermissions>
            <ConfigurationTables/>
            <FieldDefinitions>
                <FieldDefinition aspect.friendlyName="Limit" aspect.isRequired="true" baseType="NUMBER" description="Limit to compare" name="limit" ordinal="0"/>
                <FieldDefinition aspect.defaultValue="true" aspect.friendlyName="Include Limit?" aspect.isRequired="false" baseType="BOOLEAN" description="Limit includes value" name="limitInclusive" ordinal="1"/>
            </FieldDefinitions>
            <ConfigurationChanges>
                <ConfigurationChange changeAction="CREATE" changeReason="" timestamp="2017-09-22T13:52:28.199Z" user="SuperUser"/>
            </ConfigurationChanges>
        </DataShape>
    </DataShapes>
</Entities>
