<?xml version="1.0" encoding="UTF-8" standalone="no"?>
<Entities>
    <DataShapes>
        <DataShape aspect.isSystemObject="true" baseDataShape="" description="A more in-depth Thing property definition for use in the AddPropertyDefinitions service" documentationContent="" homeMashup="" lastModifiedDate="2017-09-22T13:52:27.975Z" name="PropertyDefinitionWithDetails" projectName="" tags="">
            <Owner name="SuperUser" type="User"/>
            <avatar/>
            <DesignTimePermissions>
                <Create/>
                <Read/>
                <Update/>
                <Delete/>
                <Metadata/>
            </DesignTimePermissions>
            <RunTimePermissions/>
            <VisibilityPermissions>
                <Visibility/>
            </VisibilityPermissions>
            <ConfigurationTables/>
            <FieldDefinitions>
                <FieldDefinition aspect.isRequired="true" baseType="BASETYPENAME" description="Base data type of the property" name="baseType" ordinal="2"/>
                <FieldDefinition baseType="STRING" description="Category of the property" name="category" ordinal="4"/>
                <FieldDefinition baseType="NUMBER" description="Data change threshold" name="dataChangeThreshold" ordinal="11"/>
                <FieldDefinition baseType="STRING" description="Data change type" name="dataChangeType" ordinal="10"/>
                <FieldDefinition baseType="DATASHAPENAME" description="DataShape" name="dataShape" ordinal="9"/>
                <FieldDefinition baseType="STRING" description="The default value for the property" name="defaultValue" ordinal="8"/>
                <FieldDefinition baseType="STRING" description="Description of the property" name="description" ordinal="3"/>
                <FieldDefinition aspect.defaultValue="false" baseType="BOOLEAN" description="Flag indicating whether or not this property has a persistent value" name="isLogged" ordinal="5"/>
                <FieldDefinition aspect.defaultValue="false" baseType="BOOLEAN" description="Flag indicating whether or not this property has a persistent value" name="isPersistent" ordinal="6"/>
                <FieldDefinition aspect.defaultValue="false" baseType="BOOLEAN" description="Flag indicating whether or not this property is read only" name="isReadOnly" ordinal="7"/>
                <FieldDefinition aspect.defaultValue="false" baseType="BOOLEAN" description="Flag indicating whether or not this property is bound to a remote property" name="isRemote" ordinal="12"/>
                <FieldDefinition aspect.isPrimaryKey="true" baseType="STRING" description="Name of the property" name="name" ordinal="1"/>
                <FieldDefinition baseType="NUMBER" description="For remote properties only: Push threshold" name="pushThreshold" ordinal="16"/>
                <FieldDefinition baseType="STRING" description="For remote properties only: Push type" name="pushType" ordinal="15"/>
                <FieldDefinition baseType="JSON" description="For remote properties only: Remote binding aspects" name="remoteBindingAspects" ordinal="17"/>
                <FieldDefinition baseType="STRING" description="For remote properties only: The name of the remote property" name="remotePropertyName" ordinal="13"/>
                <FieldDefinition aspect.defaultValue="0" baseType="INTEGER" description="For remote properties only: Connection timeout" name="timeout" ordinal="14"/>
            </FieldDefinitions>
            <ConfigurationChanges>
                <ConfigurationChange changeAction="CREATE" changeReason="" timestamp="2017-09-22T13:52:27.975Z" user="SuperUser"/>
            </ConfigurationChanges>
        </DataShape>
    </DataShapes>
</Entities>
