<?xml version="1.0" encoding="UTF-8" standalone="no"?>
<Entities>
    <DataShapes>
        <DataShape aspect.isSystemObject="true" baseDataShape="" description="Thing property definition" documentationContent="" homeMashup="" lastModifiedDate="2017-09-22T13:52:27.580Z" name="PropertyDefinition" projectName="" tags="">
            <Owner name="SuperUser" type="User"/>
            <avatar/>
            <DesignTimePermissions>
                <Create/>
                <Read/>
                <Update/>
                <Delete/>
                <Metadata/>
            </DesignTimePermissions>
            <RunTimePermissions/>
            <VisibilityPermissions>
                <Visibility/>
            </VisibilityPermissions>
            <ConfigurationTables/>
            <FieldDefinitions>
                <FieldDefinition baseType="BASETYPENAME" description="Base data type" name="baseType" ordinal="0"/>
                <FieldDefinition baseType="STRING" description="Description" name="description" ordinal="0"/>
                <FieldDefinition baseType="BOOLEAN" description="Flag indicating whether or not this field has a persistent value" name="isLogged" ordinal="0"/>
                <FieldDefinition baseType="BOOLEAN" description="Flag indicating whether or not this field has a persistent value" name="isPersistent" ordinal="0"/>
                <FieldDefinition baseType="BOOLEAN" description="Flag indicating whether or not this field is read only" name="isReadOnly" ordinal="0"/>
                <FieldDefinition aspect.isPrimaryKey="true" baseType="STRING" description="Name" name="name" ordinal="0"/>
            </FieldDefinitions>
            <ConfigurationChanges>
                <ConfigurationChange changeAction="CREATE" changeReason="" timestamp="2017-09-22T13:52:27.580Z" user="SuperUser"/>
            </ConfigurationChanges>
        </DataShape>
    </DataShapes>
</Entities>
