<?xml version="1.0" encoding="UTF-8" standalone="no"?>
<Entities>
    <DataShapes>
        <DataShape aspect.isSystemObject="true" baseDataShape="" description="Result of reading from an open file" documentationContent="" homeMashup="" lastModifiedDate="2017-09-22T13:52:27.768Z" name="ReadFromBinaryFileResult" projectName="" tags="">
            <Owner name="SuperUser" type="User"/>
            <avatar/>
            <DesignTimePermissions>
                <Create/>
                <Read/>
                <Update/>
                <Delete/>
                <Metadata/>
            </DesignTimePermissions>
            <RunTimePermissions/>
            <VisibilityPermissions>
                <Visibility/>
            </VisibilityPermissions>
            <ConfigurationTables/>
            <FieldDefinitions>
                <FieldDefinition baseType="INTEGER" description="The size of the data returned" name="count" ordinal="0"/>
                <FieldDefinition baseType="BLOB" description="A buffer of file data, Base64 enccoded" name="data" ordinal="0"/>
                <FieldDefinition baseType="BOOLEAN" description="Is this the last block of date" name="eof" ordinal="0"/>
            </FieldDefinitions>
            <ConfigurationChanges>
                <ConfigurationChange changeAction="CREATE" changeReason="" timestamp="2017-09-22T13:52:27.768Z" user="SuperUser"/>
            </ConfigurationChanges>
        </DataShape>
    </DataShapes>
</Entities>
