<?xml version="1.0" encoding="UTF-8" standalone="no"?>
<Entities>
    <DataShapes>
        <DataShape aspect.isSystemObject="true" baseDataShape="" description="ScriptService Result Shape" documentationContent="" homeMashup="" lastModifiedDate="2017-09-22T13:52:28.309Z" name="ScriptServiceResult" projectName="" tags="">
            <Owner name="SuperUser" type="User"/>
            <avatar/>
            <DesignTimePermissions>
                <Create/>
                <Read/>
                <Update/>
                <Delete/>
                <Metadata/>
            </DesignTimePermissions>
            <RunTimePermissions/>
            <VisibilityPermissions>
                <Visibility/>
            </VisibilityPermissions>
            <ConfigurationTables/>
            <FieldDefinitions>
                <FieldDefinition baseType="INTEGER" description="The column number of the error/warning; ignored if status is TRUE" name="columnNumber" ordinal="0"/>
                <FieldDefinition baseType="INTEGER" description="The line number of the error/warning; ignored if status is TRUE" name="lineNumber" ordinal="0"/>
                <FieldDefinition baseType="STRING" description="Error or informational message" name="message" ordinal="0"/>
                <FieldDefinition baseType="BOOLEAN" description="Status indicator (true = successful)" name="status" ordinal="0"/>
            </FieldDefinitions>
            <ConfigurationChanges>
                <ConfigurationChange changeAction="CREATE" changeReason="" timestamp="2017-09-22T13:52:28.309Z" user="SuperUser"/>
            </ConfigurationChanges>
        </DataShape>
    </DataShapes>
</Entities>
