<?xml version="1.0" encoding="UTF-8" standalone="no"?>
<Entities>
    <DataShapes>
        <DataShape aspect.isSystemObject="true" baseDataShape="" description="Spotlight search results" documentationContent="" homeMashup="" lastModifiedDate="2017-09-22T13:52:27.349Z" name="SpotlightSearch" projectName="" tags="">
            <Owner name="SuperUser" type="User"/>
            <avatar/>
            <DesignTimePermissions>
                <Create/>
                <Read/>
                <Update/>
                <Delete/>
                <Metadata/>
            </DesignTimePermissions>
            <RunTimePermissions/>
            <VisibilityPermissions>
                <Visibility/>
            </VisibilityPermissions>
            <ConfigurationTables/>
            <FieldDefinitions>
                <FieldDefinition baseType="BOOLEAN" description="Current user has delete permission" name="delete" ordinal="0"/>
                <FieldDefinition baseType="STRING" description="Entity description" name="description" ordinal="0"/>
                <FieldDefinition baseType="STRING" description="Entity id" name="id" ordinal="0"/>
                <FieldDefinition baseType="BOOLEAN" description="Indicates if is editable or not" name="isEditable" ordinal="0"/>
                <FieldDefinition baseType="BOOLEAN" description="Indicates if the object is editable as an extension" name="isEditableExtensionObject" ordinal="0"/>
                <FieldDefinition baseType="BOOLEAN" description="Indicates if the object is editable as a system object" name="isEditableSystemObject" ordinal="0"/>
                <FieldDefinition baseType="BOOLEAN" description="Indicates if the object is from an extension" name="isExtension" ordinal="0"/>
                <FieldDefinition baseType="BOOLEAN" description="Indicates if a system object or not" name="isSystemObject" ordinal="0"/>
                <FieldDefinition baseType="DATETIME" description="Last modified date" name="lastModifiedDate" ordinal="0"/>
                <FieldDefinition aspect.isPrimaryKey="true" baseType="STRING" description="Entity name (or id)" name="name" ordinal="0"/>
                <FieldDefinition baseType="STRING" description="Parent name" name="parentName" ordinal="0"/>
                <FieldDefinition baseType="STRING" description="Parent type" name="parentType" ordinal="0"/>
                <FieldDefinition baseType="BOOLEAN" description="Current user has read permission" name="read" ordinal="0"/>
                <FieldDefinition aspect.isPrimaryKey="true" baseType="STRING" description="Entity type" name="type" ordinal="0"/>
                <FieldDefinition baseType="BOOLEAN" description="Current user has update permission" name="update" ordinal="0"/>
            </FieldDefinitions>
            <ConfigurationChanges>
                <ConfigurationChange changeAction="CREATE" changeReason="" timestamp="2017-09-22T13:52:27.349Z" user="SuperUser"/>
            </ConfigurationChanges>
        </DataShape>
    </DataShapes>
</Entities>
