<?xml version="1.0" encoding="UTF-8" standalone="no"?>
<Entities>
    <DataShapes>
        <DataShape aspect.isSystemObject="true" baseDataShape="" description="Stream Entry data" documentationContent="" homeMashup="" lastModifiedDate="2017-09-22T13:52:27.966Z" name="StreamData" projectName="" tags="">
            <Owner name="SuperUser" type="User"/>
            <avatar/>
            <DesignTimePermissions>
                <Create/>
                <Read/>
                <Update/>
                <Delete/>
                <Metadata/>
            </DesignTimePermissions>
            <RunTimePermissions/>
            <VisibilityPermissions>
                <Visibility/>
            </VisibilityPermissions>
            <ConfigurationTables/>
            <FieldDefinitions>
                <FieldDefinition baseType="DATETIME" description="Time of entry" name="timestamp" ordinal="0"/>
            </FieldDefinitions>
            <ConfigurationChanges>
                <ConfigurationChange changeAction="CREATE" changeReason="" timestamp="2017-09-22T13:52:27.966Z" user="SuperUser"/>
            </ConfigurationChanges>
        </DataShape>
    </DataShapes>
</Entities>
