<?xml version="1.0" encoding="UTF-8" standalone="no"?>
<Entities>
    <DataShapes>
        <DataShape aspect.isSystemObject="true" baseDataShape="" description="Thing definition" documentationContent="" homeMashup="" lastModifiedDate="2017-09-22T13:52:27.230Z" name="Thing" projectName="" tags="">
            <Owner name="SuperUser" type="User"/>
            <avatar/>
            <DesignTimePermissions>
                <Create/>
                <Read/>
                <Update/>
                <Delete/>
                <Metadata/>
            </DesignTimePermissions>
            <RunTimePermissions/>
            <VisibilityPermissions>
                <Visibility/>
            </VisibilityPermissions>
            <ConfigurationTables/>
            <FieldDefinitions>
                <FieldDefinition baseType="STRING" description="Entity description" name="description" ordinal="0"/>
                <FieldDefinition baseType="BOOLEAN" description="Enabled" name="enabled" ordinal="0"/>
                <FieldDefinition baseType="MASHUPNAME" description="Home mashup" name="homeMashup" ordinal="0"/>
                <FieldDefinition aspect.dataShape="EntityList" baseType="INFOTABLE" description="Implemented shapes" name="implementedShapes" ordinal="0"/>
                <FieldDefinition baseType="BOOLEAN" description="Indicates if a system object or not" name="isSystemObject" ordinal="0"/>
                <FieldDefinition aspect.isPrimaryKey="true" baseType="STRING" description="Entity name" name="name" ordinal="0"/>
                <FieldDefinition aspect.tagType="ModelTags" baseType="TAGS" description="Tags" name="tags" ordinal="0"/>
                <FieldDefinition baseType="THINGTEMPLATENAME" description="Thing template" name="thingTemplate" ordinal="0"/>
            </FieldDefinitions>
            <ConfigurationChanges>
                <ConfigurationChange changeAction="CREATE" changeReason="" timestamp="2017-09-22T13:52:27.230Z" user="SuperUser"/>
            </ConfigurationChanges>
        </DataShape>
    </DataShapes>
</Entities>
