<?xml version="1.0" encoding="UTF-8" standalone="no"?>
<Entities>
    <DataShapes>
        <DataShape aspect.isSystemObject="true" baseDataShape="" description="Thing Entries" documentationContent="" homeMashup="" lastModifiedDate="2017-09-22T13:52:28.388Z" name="ThingEntry" projectName="" tags="">
            <Owner name="SuperUser" type="User"/>
            <avatar/>
            <DesignTimePermissions>
                <Create/>
                <Read/>
                <Update/>
                <Delete/>
                <Metadata/>
            </DesignTimePermissions>
            <RunTimePermissions/>
            <VisibilityPermissions>
                <Visibility/>
            </VisibilityPermissions>
            <ConfigurationTables/>
            <FieldDefinitions>
                <FieldDefinition aspect.isPrimaryKey="true" baseType="STRING" description="Entry ID" name="id" ordinal="0"/>
                <FieldDefinition baseType="LOCATION" description="Location of the entry" name="location" ordinal="0"/>
                <FieldDefinition aspect.thingCollection="Things" baseType="THINGNAME" description="Entry Destination" name="name" ordinal="0"/>
                <FieldDefinition aspect.tagType="DataTags" baseType="TAGS" description="Tags" name="tags" ordinal="0"/>
                <FieldDefinition baseType="DATETIME" description="Time of entry" name="timestamp" ordinal="0"/>
                <FieldDefinition baseType="STRING" description="Entry Type" name="type" ordinal="0"/>
            </FieldDefinitions>
            <ConfigurationChanges>
                <ConfigurationChange changeAction="CREATE" changeReason="" timestamp="2017-09-22T13:52:28.385Z" user="SuperUser"/>
            </ConfigurationChanges>
        </DataShape>
    </DataShapes>
</Entities>
