<?xml version="1.0" encoding="UTF-8" standalone="no"?>
<Entities>
    <DataShapes>
        <DataShape aspect.isSystemObject="true" baseDataShape="" description="Thing facets" documentationContent="" homeMashup="" lastModifiedDate="2017-09-22T13:52:28.131Z" name="ThingFacets" projectName="" tags="">
            <Owner name="SuperUser" type="User"/>
            <avatar/>
            <DesignTimePermissions>
                <Create/>
                <Read/>
                <Update/>
                <Delete/>
                <Metadata/>
            </DesignTimePermissions>
            <RunTimePermissions/>
            <VisibilityPermissions>
                <Visibility/>
            </VisibilityPermissions>
            <ConfigurationTables/>
            <FieldDefinitions>
                <FieldDefinition baseType="INTEGER" description="Count" name="count" ordinal="0"/>
                <FieldDefinition aspect.dataShape="MultilevelFacets" baseType="INFOTABLE" description="Model tag facets" name="modelTagFacets" ordinal="0"/>
                <FieldDefinition aspect.dataShape="NamedFacets" baseType="INFOTABLE" description="Network facets" name="networkFacets" ordinal="0"/>
                <FieldDefinition aspect.dataShape="FieldDefinition" baseType="INFOTABLE" description="Property value facets" name="propertyValueFacets" ordinal="0"/>
                <FieldDefinition aspect.dataShape="NamedFacets" baseType="INFOTABLE" description="Thing shape facets" name="thingShapeFacets" ordinal="0"/>
                <FieldDefinition aspect.dataShape="NamedFacets" baseType="INFOTABLE" description="Thing template facets" name="thingTemplateFacets" ordinal="0"/>
                <FieldDefinition aspect.dataShape="NamedFacets" baseType="INFOTABLE" description="Type facets" name="typeFacets" ordinal="0"/>
            </FieldDefinitions>
            <ConfigurationChanges>
                <ConfigurationChange changeAction="CREATE" changeReason="" timestamp="2017-09-22T13:52:28.131Z" user="SuperUser"/>
            </ConfigurationChanges>
        </DataShape>
    </DataShapes>
</Entities>
