<?xml version="1.0" encoding="UTF-8" standalone="no"?>
<Entities>
    <DataShapes>
        <DataShape aspect.isSystemObject="true" baseDataShape="" description="Information related to a tunnel session" documentationContent="" homeMashup="" lastModifiedDate="2017-09-22T13:52:27.560Z" name="TunnelSession" projectName="" tags="">
            <Owner name="SuperUser" type="User"/>
            <avatar/>
            <DesignTimePermissions>
                <Create/>
                <Read/>
                <Update/>
                <Delete/>
                <Metadata/>
            </DesignTimePermissions>
            <RunTimePermissions/>
            <VisibilityPermissions>
                <Visibility/>
            </VisibilityPermissions>
            <ConfigurationTables/>
            <FieldDefinitions>
                <FieldDefinition baseType="INTEGER" description="Size of tunnel data buffer" name="blockSize" ordinal="0"/>
                <FieldDefinition baseType="NUMBER" description="Number of bytes transferred" name="bytesTransferred" ordinal="0"/>
                <FieldDefinition baseType="INTEGER" description="Current status code of this tunnel" name="code" ordinal="0"/>
                <FieldDefinition baseType="INTEGER" description="Duration of the tunnel in milliseconds" name="duration" ordinal="0"/>
                <FieldDefinition baseType="DATETIME" description="Time the tunnel was completed" name="endTime" ordinal="0"/>
                <FieldDefinition baseType="STRING" description="Host that tunnel will connect to" name="host" ordinal="0"/>
                <FieldDefinition baseType="BOOLEAN" description="Has this tunnel completed" name="isComplete" ordinal="0"/>
                <FieldDefinition baseType="STRING" description="Message about this tunnel's current state" name="message" ordinal="0"/>
                <FieldDefinition baseType="INTEGER" description="Number of connections tunnel will allow" name="numConnects" ordinal="0"/>
                <FieldDefinition baseType="INTEGER" description="Port that tunnel will connect to" name="port" ordinal="0"/>
                <FieldDefinition baseType="STRING" description="Protocol being tunneled" name="proto" ordinal="0"/>
                <FieldDefinition baseType="INTEGER" description="Read timeout used at server endpoint" name="readTimeout" ordinal="0"/>
                <FieldDefinition baseType="DATETIME" description="Time the tunnel was initiated" name="startTime" ordinal="0"/>
                <FieldDefinition baseType="STRING" description="Current state of this tunnel" name="state" ordinal="0"/>
                <FieldDefinition baseType="STRING" description="Connected Thing being tunneled to" name="targetThing" ordinal="0"/>
                <FieldDefinition aspect.isPrimaryKey="true" baseType="STRING" description="The tunnel Id" name="tunnelId" ordinal="0"/>
                <FieldDefinition baseType="STRING" description="Name of tunnel to open" name="tunnelName" ordinal="0"/>
                <FieldDefinition baseType="STRING" description="User that initiated the tunnel" name="user" ordinal="0"/>
            </FieldDefinitions>
            <ConfigurationChanges>
                <ConfigurationChange changeAction="CREATE" changeReason="" timestamp="2017-09-22T13:52:27.560Z" user="SuperUser"/>
            </ConfigurationChanges>
        </DataShape>
    </DataShapes>
</Entities>
