<?xml version="1.0" encoding="UTF-8" standalone="no"?>
<Entities>
    <ScriptFunctionLibraries>
        <ScriptFunctionLibrary aspect.isSystemObject="true" className="com.thingworx.dsl.functions.EncryptionFunctions" description="Encryption function library" documentationContent="" homeMashup="" lastModifiedDate="2017-09-22T13:52:32.621Z" name="EncryptionFunctions" projectName="" tags="">
            <Owner name="SuperUser" type="User"/>
            <avatar/>
            <DesignTimePermissions>
                <Create/>
                <Read/>
                <Update/>
                <Delete/>
                <Metadata/>
            </DesignTimePermissions>
            <RunTimePermissions/>
            <VisibilityPermissions>
                <Visibility/>
            </VisibilityPermissions>
            <ConfigurationTables/>
            <FunctionDefinitions>
                <FunctionDefinition description="Base 64 decode a string into a byte array" name="base64DecodeBytes">
                    <ResultType baseType="JSON" description="Decoded value as JSON array" name="decodedValue" ordinal="0"/>
                    <ParameterDefinitions>
                        <FieldDefinition baseType="STRING" description="String value" name="value" ordinal="0"/>
                    </ParameterDefinitions>
                </FunctionDefinition>
                <FunctionDefinition description="Base 64 decode a string" name="base64DecodeString">
                    <ResultType baseType="STRING" description="Decoded value" name="decodedValue" ordinal="0"/>
                    <ParameterDefinitions>
                        <FieldDefinition baseType="STRING" description="String value" name="value" ordinal="0"/>
                    </ParameterDefinitions>
                </FunctionDefinition>
                <FunctionDefinition description="Base 64 encode bytes" name="base64EncodeBytes">
                    <ResultType baseType="STRING" description="Encoded value" name="encodedValue" ordinal="0"/>
                    <ParameterDefinitions>
                        <FieldDefinition baseType="JSON" description="Array value" name="value" ordinal="0"/>
                    </ParameterDefinitions>
                </FunctionDefinition>
                <FunctionDefinition description="Base 64 encode a string" name="base64EncodeString">
                    <ResultType baseType="STRING" description="Encoded value" name="encodedValue" ordinal="0"/>
                    <ParameterDefinitions>
                        <FieldDefinition baseType="STRING" description="String value" name="value" ordinal="0"/>
                    </ParameterDefinitions>
                </FunctionDefinition>
                <FunctionDefinition description="Decrypt a string with a user provided key" name="decryptStringWithkey">
                    <ResultType baseType="STRING" description="Encrypted value" name="encryptedValue" ordinal="0"/>
                    <ParameterDefinitions>
                        <FieldDefinition baseType="STRING" description="Encryption key (56 hex chars)" name="key" ordinal="0"/>
                        <FieldDefinition baseType="STRING" description="String value" name="value" ordinal="0"/>
                    </ParameterDefinitions>
                </FunctionDefinition>
                <FunctionDefinition description="Encrypt a property value" name="encryptPropertyValue">
                    <ResultType baseType="STRING" description="Encrypted value" name="encryptedValue" ordinal="0"/>
                    <ParameterDefinitions>
                        <FieldDefinition baseType="STRING" description="String value" name="value" ordinal="0"/>
                    </ParameterDefinitions>
                </FunctionDefinition>
                <FunctionDefinition description="Encrypt a string" name="encryptString">
                    <ResultType baseType="STRING" description="Encrypted value" name="encryptedValue" ordinal="0"/>
                    <ParameterDefinitions>
                        <FieldDefinition baseType="STRING" description="String value" name="value" ordinal="0"/>
                    </ParameterDefinitions>
                </FunctionDefinition>
                <FunctionDefinition description="Encrypt a string with a user provided key" name="encryptStringWithKey">
                    <ResultType baseType="STRING" description="Encrypted value" name="encryptedValue" ordinal="0"/>
                    <ParameterDefinitions>
                        <FieldDefinition baseType="STRING" description="Encryption key (56 hex chars)" name="key" ordinal="0"/>
                        <FieldDefinition baseType="STRING" description="String value" name="value" ordinal="0"/>
                    </ParameterDefinitions>
                </FunctionDefinition>
            </FunctionDefinitions>
            <ConfigurationChanges>
                <ConfigurationChange changeAction="CREATE" changeReason="" timestamp="2017-09-22T13:52:32.621Z" user="SuperUser"/>
            </ConfigurationChanges>
        </ScriptFunctionLibrary>
    </ScriptFunctionLibraries>
</Entities>
