<?xml version="1.0" encoding="UTF-8" standalone="no"?>
<Entities>
    <ScriptFunctionLibraries>
        <ScriptFunctionLibrary aspect.isSystemObject="true" className="com.thingworx.dsl.functions.MiscFunctions" description="Miscellaneous function library" documentationContent="" homeMashup="" lastModifiedDate="2017-09-22T13:52:32.620Z" name="MiscFunctions" projectName="" tags="">
            <Owner name="SuperUser" type="User"/>
            <avatar/>
            <DesignTimePermissions>
                <Create/>
                <Read/>
                <Update/>
                <Delete/>
                <Metadata/>
            </DesignTimePermissions>
            <RunTimePermissions/>
            <VisibilityPermissions>
                <Visibility/>
            </VisibilityPermissions>
            <ConfigurationTables/>
            <FunctionDefinitions>
                <FunctionDefinition description="Format a number" name="formatNumber">
                    <ResultType baseType="STRING" description="Formatted number" name="id" ordinal="0"/>
                    <ParameterDefinitions>
                        <FieldDefinition baseType="NUMBER" description="Value to format" name="value" ordinal="0"/>
                        <FieldDefinition baseType="STRING" description="Format string" name="format" ordinal="0"/>
                    </ParameterDefinitions>
                </FunctionDefinition>
                <FunctionDefinition description="Generate a globally unique identifier" name="generateGUID">
                    <ResultType baseType="STRING" description="Unique identifier" name="id" ordinal="0"/>
                    <ParameterDefinitions/>
                </FunctionDefinition>
                <FunctionDefinition description="Get the IP address bound to a specific adapter" name="getAdapterIPAddress">
                    <ResultType baseType="STRING" description="IP Address" name="address" ordinal="0"/>
                    <ParameterDefinitions>
                        <FieldDefinition baseType="STRING" description="Adapter name" name="name" ordinal="0"/>
                    </ParameterDefinitions>
                </FunctionDefinition>
                <FunctionDefinition description="Get the IP address bound to a specific host name" name="getHostIPAddress">
                    <ResultType baseType="STRING" description="IP Address" name="address" ordinal="0"/>
                    <ParameterDefinitions>
                        <FieldDefinition baseType="STRING" description="Host name" name="name" ordinal="0"/>
                    </ParameterDefinitions>
                </FunctionDefinition>
                <FunctionDefinition description="Pause for a specified number of milliseconds" name="pause">
                    <ResultType baseType="INTEGER" description="Number of milliseconds" name="milliseconds" ordinal="0"/>
                    <ParameterDefinitions/>
                </FunctionDefinition>
            </FunctionDefinitions>
            <ConfigurationChanges>
                <ConfigurationChange changeAction="CREATE" changeReason="" timestamp="2017-09-22T13:52:32.620Z" user="SuperUser"/>
            </ConfigurationChanges>
        </ScriptFunctionLibrary>
    </ScriptFunctionLibraries>
</Entities>
