<?xml version="1.0" encoding="UTF-8" standalone="no"?>
<Entities>
    <ModelTags>
        <ModelTagVocabulary description="Applications vocabulary for tagging application entities" documentationContent="" homeMashup="" isDynamic="true" lastModifiedDate="2017-09-22T13:52:26.836Z" name="Applications" projectName="" tags="">
            <Owner name="SuperUser" type="User"/>
            <avatar/>
            <DesignTimePermissions>
                <Create/>
                <Read/>
                <Update/>
                <Delete/>
                <Metadata/>
            </DesignTimePermissions>
            <RunTimePermissions/>
            <VisibilityPermissions>
                <Visibility/>
            </VisibilityPermissions>
            <ConfigurationTables/>
            <ConfigurationChanges>
                <ConfigurationChange changeAction="CREATE" changeReason="" timestamp="2017-09-22T13:52:26.836Z" user="SuperUser"/>
            </ConfigurationChanges>
        </ModelTagVocabulary>
    </ModelTags>
</Entities>
