<?xml version="1.0" encoding="UTF-8" standalone="no"?>
<Entities>
    <PersistenceProviderPackages>
        <PersistenceProviderPackage aspect.isSystemObject="true" className="com.thingworx.persistence.h2.H2PersistenceProviderPackage" description="" documentationContent="" homeMashup="" lastModifiedDate="2017-09-22T13:52:25.129Z" name="H2PersistenceProviderPackage" projectName="" tags="">
            <Owner name="SuperUser" type="User"/>
            <avatar/>
            <DesignTimePermissions>
                <Create/>
                <Read/>
                <Update/>
                <Delete/>
                <Metadata/>
            </DesignTimePermissions>
            <RunTimePermissions/>
            <VisibilityPermissions>
                <Visibility/>
            </VisibilityPermissions>
            <ConfigurationTables/>
            <ConfigurationChanges>
                <ConfigurationChange changeAction="CREATE" changeReason="default persistence provider package." timestamp="2017-09-22T13:52:25.120Z" user="SuperUser"/>
            </ConfigurationChanges>
        </PersistenceProviderPackage>
    </PersistenceProviderPackages>
</Entities>
