<?xml version="1.0" encoding="UTF-8" standalone="no"?>
<Entities>
    <Projects>
        <Project dependsOn="" description="" documentationContent="" homeMashup="" lastModifiedDate="2017-10-02T13:58:21.925Z" name="Exeter" packageVersion="1.0.0" projectName="Exeter" tags="">
            <Owner name="Administrator" type="User"/>
            <avatar/>
            <DesignTimePermissions>
                <Create/>
                <Read/>
                <Update/>
                <Delete/>
                <Metadata/>
            </DesignTimePermissions>
            <RunTimePermissions/>
            <VisibilityPermissions>
                <Visibility/>
            </VisibilityPermissions>
            <ConfigurationTables/>
            <ConfigurationChanges>
                <ConfigurationChange changeAction="CREATE" changeReason="header : name : updated&#10;" timestamp="2017-10-02T13:58:21.925Z" user="Administrator"/>
            </ConfigurationChanges>
        </Project>
    </Projects>
</Entities>
